task_type,window_start_s,actual_count,same_hour_mean_prediction,poisson_rate_prediction,rolling_poisson_24h_prediction,ewma_0_2_prediction,seasonal_naive_24h_prediction
bert,3470400,24,16.147058823529413,20.842805320435307,71.16666666666667,115.81853239216449,82.0
bert,3474000,43,17.08823529411765,20.846618357487923,68.75,97.4548259137316,120.0
bert,3477600,18,19.147058823529413,20.873341375150783,65.54166666666667,86.56386073098528,36.0
bert,3481200,82,21.764705882352942,20.86987951807229,64.79166666666667,72.85108858478823,15.0
bert,3484800,57,23.88235294117647,20.94344163658243,67.58333333333333,74.68087086783059,104.0
bert,3488400,29,19.58823529411765,20.986778846153847,65.625,71.14469669426448,31.0
bert,3492000,11,11.205882352941176,20.99639855942377,65.54166666666667,62.71575735541158,22.0
bert,3495600,44,16.647058823529413,20.98441247002398,65.08333333333333,52.372605884329275,124.0
bert,3499200,20,21.970588235294116,21.01197604790419,61.75,50.69808470746342,142.0
bert,3502800,20,12.088235294117647,21.010765550239235,56.666666666666664,44.55846776597074,128.0
bert,3506400,35,9.970588235294118,21.009557945041816,52.166666666666664,39.64677421277659,9.0
bert,3510000,16,8.294117647058824,21.026252983293556,53.25,38.71741937022128,6.0
bert,3513600,30,23.941176470588236,21.02026221692491,53.666666666666664,34.17393549617702,14.0
bert,3517200,12,13.685714285714285,21.03095238095238,54.333333333333336,33.339148396941624,14.0
bert,3520800,9,8.628571428571428,21.020214030915575,54.25,29.071318717553304,37.0
bert,3524400,14,11.2,21.005938242280283,53.083333333333336,25.057054974042646,49.0
bert,3528000,17,8.371428571428572,20.997627520759192,51.625,22.84564397923412,18.0
bert,3531600,184,68.25714285714285,20.992890995260662,51.583333333333336,21.676515183387295,135.0
bert,3535200,31,43.51428571428571,21.18579881656805,53.625,54.14121214670984,32.0
bert,3538800,10,26.97142857142857,21.19739952718676,53.583333333333336,49.51296971736788,103.0
bert,3542400,67,14.657142857142857,21.18417945690673,49.708333333333336,41.610375773894305,22.0
bert,3546000,29,18.17142857142857,21.23820754716981,51.583333333333336,46.688300619115445,30.0
bert,3549600,43,30.02857142857143,21.247349823321557,51.541666666666664,43.150640495292365,74.0
bert,3553200,55,33.6,21.27294117647059,50.25,43.12051239623389,361.0
bert,3556800,37,16.37142857142857,21.312573443008226,37.5,45.49640991698711,24.0
bert,3560400,26,17.82857142857143,21.330985915492956,38.041666666666664,43.79712793358969,43.0
bert,3564000,43,19.114285714285714,21.336459554513482,37.333333333333336,40.23770234687176,18.0
bert,3567600,101,23.485714285714284,21.361826697892273,38.375,40.79016187749741,82.0
bert,3571200,36,24.82857142857143,21.45497076023392,39.166666666666664,52.83212950199793,57.0
bert,3574800,69,19.857142857142858,21.47196261682243,38.291666666666664,49.46570360159835,29.0
bert,3578400,58,11.2,21.52742123687281,39.958333333333336,53.37256288127868,11.0
bert,3582000,36,17.428571428571427,21.56993006993007,41.916666666666664,54.29805030502295,44.0
bert,3585600,52,21.914285714285715,21.58672875436554,41.583333333333336,50.63844024401836,20.0
bert,3589200,57,12.314285714285715,21.622093023255815,42.916666666666664,50.91075219521469,20.0
bert,3592800,9,10.685714285714285,21.663182346109174,44.458333333333336,52.128601756171754,35.0
bert,3596400,30,8.514285714285714,21.64849187935035,43.375,43.502881404937405,16.0
bert,3600000,39,24.114285714285714,21.658169177288528,43.958333333333336,40.80230512394993,30.0
bert,3603600,48,13.63888888888889,21.67824074074074,44.333333333333336,40.44184409915995,12.0
bert,3607200,4,8.63888888888889,21.708670520231212,45.833333333333336,41.95347527932796,9.0
bert,3610800,14,11.277777777777779,21.68822170900693,45.625,34.362780223462366,14.0
bert,3614400,6,8.61111111111111,21.679354094579008,45.625,30.290224178769893,17.0
bert,3618000,35,71.47222222222223,21.661290322580644,45.166666666666664,25.432179343015914,184.0
bert,3621600,139,43.166666666666664,21.67663981588032,38.958333333333336,27.345743474412732,31.0
bert,3625200,42,26.5,21.811494252873562,43.458333333333336,49.67659477953019,10.0
bert,3628800,12,16.11111111111111,21.834672789896672,44.791666666666664,48.141275823624156,67.0
bert,3632400,18,18.47222222222222,21.823394495412845,42.5,40.91302065889933,29.0
bert,3636000,42,30.38888888888889,21.81901489117984,42.041666666666664,36.33041652711947,43.0
bert,3639600,34,34.19444444444444,21.842105263157894,42.0,37.464333221695576,55.0
bert,3643200,37,16.944444444444443,21.856,41.125,36.77146657735646,37.0
bert,3646800,27,18.055555555555557,21.873287671232877,41.125,36.81717326188517,26.0
bert,3650400,28,19.77777777777778,21.879133409350057,41.166666666666664,34.85373860950814,43.0
bert,3654000,60,25.63888888888889,21.886104783599087,40.541666666666664,33.48299088760651,101.0
bert,3657600,31,25.13888888888889,21.929465301478952,38.833333333333336,38.78639271008521,36.0
bert,3661200,36,21.22222222222222,21.93977272727273,38.625,37.22911416806817,69.0
bert,3664800,33,12.5,21.955732122587968,37.25,36.98329133445454,58.0
bert,3668400,62,17.944444444444443,21.96825396825397,36.208333333333336,36.18663306756363,36.0
bert,3672000,22,22.75,22.013590033975085,37.291666666666664,41.34930645405091,52.0
bert,3675600,64,13.555555555555555,22.013574660633484,36.041666666666664,37.479445163240726,57.0
bert,3679200,3,10.63888888888889,22.061016949152542,36.333333333333336,42.783556130592586,9.0
bert,3682800,1,9.11111111111111,22.039503386004515,36.083333333333336,34.82684490447407,30.0
bert,3686400,30,24.52777777777778,22.015783540022547,34.875,28.06147592357926,39.0
bert,3690000,6,14.567567567567568,22.024774774774773,34.5,28.449180738863408,48.0
bert,3693600,9,8.513513513513514,22.006749156355454,32.75,23.959344591090726,4.0
bert,3697200,17,11.35135135135135,21.992134831460675,32.958333333333336,20.96747567287258,14.0
bert,3700800,28,8.54054054054054,21.986531986531986,33.083333333333336,20.173980538298068,6.0
bert,3704400,33,70.48648648648648,21.993273542600896,34.0,21.739184430638456,35.0
bert,3708000,111,45.75675675675676,22.005599104143336,33.916666666666664,23.991347544510766,139.0
bert,3711600,9,26.91891891891892,22.105145413870247,32.75,41.39307803560862,42.0
bert,3715200,30,16.0,22.09050279329609,31.375,34.91446242848689,12.0
bert,3718800,55,18.45945945945946,22.099330357142858,32.125,33.931569942789515,18.0
bert,3722400,65,30.7027027027027,22.136008918617613,33.666666666666664,38.145255954231615,42.0
bert,3726000,106,34.189189189189186,22.183741648106903,34.625,43.51620476338529,34.0
bert,3729600,56,17.486486486486488,22.276974416017797,37.625,56.012963810708236,37.0
bert,3733200,24,18.2972972972973,22.314444444444444,38.416666666666664,56.0103710485666,27.0
bert,3736800,25,20.0,22.316315205327413,38.291666666666664,49.60829683885328,28.0
bert,3740400,12,26.56756756756757,22.31929046563193,38.166666666666664,44.686637471082626,60.0
bert,3744000,21,25.2972972972973,22.307862679955704,36.166666666666664,38.1493099768661,31.0
bert,3747600,45,21.62162162162162,22.30641592920354,35.75,34.719447981492884,36.0
bert,3751200,105,13.054054054054054,22.331491712707184,36.125,36.77555838519431,33.0
bert,3754800,31,19.135135135135137,22.422737306843267,39.125,50.42044670815545,62.0
bert,3758400,33,22.72972972972973,22.432194046306506,37.833333333333336,46.53635736652437,22.0
bert,3762000,9,14.91891891891892,22.44383259911894,38.291666666666664,43.8290858932195,64.0
bert,3765600,4,10.432432432432432,22.42904290429043,36.0,36.8632687145756,3.0
bert,3769200,18,8.891891891891891,22.408791208791207,36.041666666666664,30.290614971660478,1.0
bert,3772800,33,24.675675675675677,22.403951701427005,36.75,27.832491977328385,30.0
bert,3776400,22,14.342105263157896,22.415570175438596,36.875,28.86599358186271,6.0
bert,3780000,6,8.526315789473685,22.41511500547645,37.541666666666664,27.49279486549017,9.0
bert,3783600,38,11.5,22.397155361050327,37.416666666666664,23.194235892392136,17.0
bert,3787200,21,9.052631578947368,22.414207650273223,38.291666666666664,26.155388713913712,28.0
bert,3790800,151,69.5,22.412663755458514,38.0,25.12431097113097,33.0
bert,3794400,38,47.473684210526315,22.55288985823337,42.916666666666664,50.29944877690478,111.0
bert,3798000,75,26.44736842105263,22.56971677559913,39.875,47.83955902152383,9.0
bert,3801600,22,16.36842105263158,22.62676822633297,42.625,53.27164721721907,30.0
bert,3805200,17,19.42105263157895,22.62608695652174,42.291666666666664,47.017317773775254,55.0
bert,3808800,48,31.605263157894736,22.619978284473397,40.708333333333336,41.0138542190202,65.0
bert,3812400,30,36.078947368421055,22.647505422993493,40.0,42.411083375216165,106.0
bert,3816000,39,18.5,22.655471289274107,36.833333333333336,39.92886670017293,56.0
bert,3819600,16,18.44736842105263,22.673160173160174,36.125,39.743093360138346,24.0
bert,3823200,34,20.13157894736842,22.665945945945946,35.791666666666664,34.99447468811068,25.0
bert,3826800,29,26.18421052631579,22.67818574514039,36.166666666666664,34.79557975048854,12.0
bert,3830400,41,25.18421052631579,22.685005393743257,36.875,33.636463800390835,21.0
bert,3834000,8,22.236842105263158,22.704741379310345,37.708333333333336,35.109171040312674,45.0
bert,3837600,3,15.473684210526315,22.68891280947255,36.166666666666664,29.687336832250143,105.0
bert,3841200,24,19.44736842105263,22.66774193548387,31.916666666666668,24.34986946580012,31.0
bert,3844800,18,23.0,22.669172932330827,31.625,24.279895572640097,33.0
bert,3848400,14,14.763157894736842,22.664163090128756,31.0,23.02391645811208,9.0
bert,3852000,17,10.263157894736842,22.65487674169346,31.208333333333332,21.219133166489666,4.0
bert,3855600,5,9.131578947368421,22.64882226980728,31.75,20.375306533191733,18.0
bert,3859200,28,24.894736842105264,22.62994652406417,31.208333333333332,17.300245226553386,33.0
bert,3862800,18,14.538461538461538,22.63568376068376,31.0,19.44019618124271,22.0
bert,3866400,19,8.461538461538462,22.630736392742797,30.833333333333332,19.15215694499417,6.0
bert,3870000,17,12.179487179487179,22.62686567164179,31.375,19.121725555995337,38.0
bert,3873600,22,9.35897435897436,22.62087326943557,30.5,18.69738044479627,21.0
bert,3877200,127,71.58974358974359,22.620212765957447,30.541666666666668,19.357904355837015,151.0
bert,3880800,38,47.23076923076923,22.73113708820404,29.541666666666668,40.88632348466962,38.0
bert,3884400,54,27.692307692307693,22.747346072186836,29.541666666666668,40.309058787735694,75.0
bert,3888000,26,16.512820512820515,22.78048780487805,28.666666666666668,43.04724703018856,22.0
bert,3891600,5,19.358974358974358,22.783898305084747,28.833333333333332,39.63779762415085,17.0
bert,3895200,65,32.02564102564103,22.765079365079366,28.333333333333332,32.71023809932068,48.0
bert,3898800,18,35.92307692307692,22.80972515856237,29.041666666666668,39.16819047945654,30.0
bert,3902400,45,19.025641025641026,22.80464625131996,28.541666666666668,34.93455238356523,39.0
bert,3906000,21,18.384615384615383,22.828059071729957,28.791666666666668,36.94764190685218,16.0
bert,3909600,9,20.487179487179485,22.82613277133825,29.0,33.75811352548175,34.0
bert,3913200,21,26.256410256410255,22.81157894736842,27.958333333333332,28.8064908203854,29.0
bert,3916800,90,25.58974358974359,22.809674027339643,27.625,27.24519265630832,41.0
bert,3920400,8,21.871794871794872,22.880252100840337,29.666666666666668,39.796154125046655,8.0
bert,3924000,4,15.153846153846153,22.86463798530955,29.666666666666668,33.43692330003733,3.0
bert,3927600,12,19.564102564102566,22.844863731656183,29.708333333333332,27.549538640029866,24.0
bert,3931200,10,22.871794871794872,22.83350785340314,29.208333333333332,24.439630912023894,18.0
bert,3934800,7,14.743589743589743,22.820083682008367,28.875,21.551704729619118,14.0
bert,3938400,5,10.435897435897436,22.80355276907001,28.583333333333332,18.641363783695294,17.0
bert,3942000,6,9.025641025641026,22.784968684759917,28.083333333333332,15.913091026956236,5.0
bert,3945600,28,24.974358974358974,22.767466110531803,28.125,13.93047282156499,28.0
bert,3949200,13,14.625,22.772916666666667,28.125,16.744378257251995,18.0
bert,3952800,6,8.725,22.762747138397504,27.916666666666668,15.995502605801596,19.0
bert,3956400,19,12.3,22.745322245322246,27.375,13.996402084641279,17.0
bert,3960000,14,9.675,22.741433021806852,27.458333333333332,14.997121667713024,22.0
bert,3963600,136,72.975,22.732365145228215,27.125,14.79769733417042,127.0
bert,3967200,37,47.0,22.849740932642487,27.5,39.03815786733634,38.0
bert,3970800,51,28.35,22.86438923395445,27.458333333333332,38.630526293869075,54.0
bert,3974400,31,16.75,22.893485005170632,27.333333333333332,41.104421035095264,26.0
bert,3978000,54,19.0,22.901859504132233,27.541666666666668,39.08353682807621,5.0
bert,3981600,92,32.85,22.933952528379773,29.583333333333332,42.06682946246097,65.0
bert,3985200,35,35.475,23.00515463917526,30.708333333333332,52.053463569968784,18.0
bert,3988800,32,19.675,23.01750772399588,31.416666666666668,48.64277085597503,45.0
bert,3992400,35,18.45,23.026748971193417,30.875,45.31421668478003,21.0
bert,3996000,159,20.2,23.039054470709146,31.458333333333332,43.25137334782402,9.0
bert,3999600,72,26.125,23.17864476386037,37.708333333333336,66.40109867825922,21.0
bert,4003200,51,27.2,23.22871794871795,39.833333333333336,67.52087894260738,90.0
bert,4006800,119,21.525,23.25717213114754,38.208333333333336,64.2167031540859,8.0
bert,4010400,41,14.875,23.355168884339815,42.833333333333336,75.17336252326872,4.0
bert,4014000,30,19.375,23.37321063394683,44.375,68.33869001861498,12.0
bert,4017600,28,22.55,23.379979570990805,45.125,60.67095201489199,10.0
bert,4021200,19,14.55,23.38469387755102,45.875,54.13676161191359,7.0
bert,4024800,16,10.3,23.380224260958204,46.375,47.10940928953087,5.0
bert,4028400,106,8.95,23.372708757637476,46.833333333333336,40.887527431624704,6.0
bert,4032000,29,25.05,23.45676500508647,51.0,53.91002194529977,28.0
bert,4035600,22,14.585365853658537,23.46239837398374,51.041666666666664,48.92801755623982,13.0
bert,4039200,10,8.658536585365853,23.460913705583756,51.416666666666664,43.54241404499186,6.0
bert,4042800,18,12.463414634146341,23.447261663286003,51.583333333333336,36.83393123599349,19.0
bert,4046400,11,9.78048780487805,23.441742654508612,51.541666666666664,33.067144988794794,14.0
bert,4050000,10,74.51219512195122,23.42914979757085,51.416666666666664,28.653715991035835,136.0
bert,4053600,71,46.75609756097561,23.41557128412538,46.166666666666664,24.92297279282867,37.0
bert,4057200,142,28.902439024390244,23.463636363636365,47.583333333333336,34.13837823426294,51.0
bert,4060800,26,17.097560975609756,23.5832492431887,51.375,55.71070258741035,31.0
bert,4064400,18,19.853658536585368,23.585685483870968,51.166666666666664,49.76856206992829,54.0
bert,4068000,53,34.292682926829265,23.580060422960724,49.666666666666664,43.41484965594263,92.0
bert,4071600,243,35.46341463414634,23.609657947686117,48.041666666666664,45.33187972475411,35.0
bert,4075200,144,19.975609756097562,23.830150753768844,56.708333333333336,84.86550377980329,32.0
bert,4078800,52,18.853658536585368,23.950803212851405,61.375,96.69240302384263,35.0
bert,4082400,68,23.585365853658537,23.978936810431293,62.083333333333336,87.75392241907412,159.0
bert,4086000,23,27.24390243902439,24.02304609218437,58.291666666666664,83.80313793525929,72.0
bert,4089600,44,27.78048780487805,24.02202202202202,56.25,71.64251034820742,51.0
bert,4093200,19,23.902439024390244,24.042,55.958333333333336,66.11400827856595,119.0
bert,4096800,21,15.512195121951219,24.036963036963037,51.791666666666664,56.69120662285276,41.0
bert,4100400,16,19.634146341463413,24.03393213572854,50.958333333333336,49.55296529828222,30.0
bert,4104000,26,22.682926829268293,24.0259222333001,50.375,42.84237223862578,28.0
bert,4107600,35,14.658536585365853,24.02788844621514,50.291666666666664,39.47389779090063,19.0
bert,4111200,16,10.439024390243903,24.038805970149255,50.958333333333336,38.579118232720504,16.0
bert,4114800,8,11.317073170731707,24.030815109343937,50.958333333333336,34.063294586176404,106.0
bert,4118400,40,25.146341463414632,24.014895729890764,46.875,28.850635668941127,29.0
bert,4122000,30,14.761904761904763,24.03075396825397,47.333333333333336,31.0805085351529,22.0
bert,4125600,15,8.69047619047619,24.036669970267592,47.666666666666664,30.864406828122323,10.0
bert,4129200,23,12.595238095238095,24.027722772277226,47.875,27.69152546249786,18.0
bert,4132800,8,9.80952380952381,24.026706231454007,48.083333333333336,26.753220369998292,11.0
bert,4136400,28,72.97619047619048,24.01086956521739,47.958333333333336,23.002576295998637,10.0
bert,4140000,125,47.333333333333336,24.014807502467917,48.708333333333336,24.00206103679891,71.0
bert,4143600,35,31.595238095238095,24.11439842209073,50.958333333333336,44.20164882943913,142.0
bert,4147200,31,17.30952380952381,24.12512315270936,46.5,42.361319063551306,26.0
bert,4150800,28,19.80952380952381,24.131889763779526,46.708333333333336,40.08905525084105,18.0
bert,4154400,58,34.73809523809524,24.135693215339234,47.125,37.671244200672845,53.0
bert,4158000,69,40.404761904761905,24.16895874263261,47.333333333333336,41.73699536053828,243.0
bert,4161600,48,22.928571428571427,24.212953876349363,40.083333333333336,47.18959628843062,144.0
bert,4165200,72,19.642857142857142,24.23627450980392,36.083333333333336,47.3516770307445,52.0
bert,4168800,26,24.642857142857142,24.28305582761998,36.916666666666664,52.2813416245956,68.0
bert,4172400,24,27.142857142857142,24.28473581213307,35.166666666666664,47.025073299676485,23.0
bert,4176000,41,28.166666666666668,24.284457478005866,35.208333333333336,42.420058639741185,44.0
bert,4179600,32,23.785714285714285,24.30078125,35.083333333333336,42.13604691179295,19.0
bert,4183200,55,15.642857142857142,24.30829268292683,35.625,40.10883752943436,21.0
bert,4186800,20,19.547619047619047,24.33820662768031,37.041666666666664,43.08707002354749,16.0
bert,4190400,18,22.761904761904763,24.333982473222978,37.208333333333336,38.469656018837995,26.0
bert,4194000,6,15.142857142857142,24.32782101167315,36.875,34.3757248150704,35.0
bert,4197600,6,10.571428571428571,24.310009718172985,35.666666666666664,28.70057985205632,16.0
bert,4201200,24,11.238095238095237,24.292233009708738,35.25,24.160463881645054,8.0
bert,4204800,40,25.5,24.291949563530554,35.916666666666664,24.128371105316045,40.0
bert,4208400,7,15.116279069767442,24.30717054263566,35.916666666666664,27.30269688425284,30.0
bert,4212000,4,8.837209302325581,24.290416263310746,34.958333333333336,23.242157507402272,15.0
bert,4215600,26,12.837209302325581,24.270793036750483,34.5,19.39372600592182,23.0
bert,4219200,20,9.767441860465116,24.27246376811594,34.625,20.714980804737458,8.0
bert,4222800,9,71.93023255813954,24.268339768339768,35.125,20.571984643789968,28.0
bert,4226400,167,49.13953488372093,24.25361620057859,34.333333333333336,18.257587715031974,125.0
bert,4230000,59,31.674418604651162,24.391136801541425,36.083333333333336,48.00607017202558,35.0
bert,4233600,11,17.627906976744185,24.42444658325313,37.083333333333336,50.20485613762047,31.0
bert,4237200,50,20.0,24.411538461538463,36.25,42.36388491009638,28.0
bert,4240800,69,35.27906976744186,24.43611911623439,37.166666666666664,43.891107928077105,58.0
bert,4244400,149,41.06976744186046,24.478886756238005,37.625,48.91288634246169,69.0
bert,4248000,34,23.511627906976745,24.598274209012462,40.958333333333336,68.93030907396935,48.0
bert,4251600,35,20.86046511627907,24.60727969348659,40.375,61.944247259175484,72.0
bert,4255200,76,24.674418604651162,24.617224880382775,38.833333333333336,56.55539780734039,26.0
bert,4258800,76,27.069767441860463,24.666347992351817,40.916666666666664,60.44431824587232,24.0
bert,4262400,56,28.46511627906977,24.715377268385865,43.083333333333336,63.55545459669786,41.0
bert,4266000,22,23.976744186046513,24.745229007633586,43.708333333333336,62.04436367735829,32.0
bert,4269600,32,16.558139534883722,24.742612011439466,43.291666666666664,54.035490941886636,55.0
bert,4273200,21,19.558139534883722,24.749523809523808,42.333333333333336,49.62839275350931,20.0
bert,4276800,35,22.651162790697676,24.74595623215985,42.375,43.90271420280745,18.0
bert,4280400,31,14.930232558139535,24.755703422053234,43.083333333333336,42.122171362245965,6.0
bert,4284000,24,10.465116279069768,24.761633428300094,44.125,39.89773708979678,6.0
bert,4287600,5,11.534883720930232,24.76091081593928,44.875,36.71818967183742,24.0
bert,4291200,31,25.837209302325583,24.74218009478673,44.083333333333336,30.37455173746994,40.0
bert,4294800,23,14.931818181818182,24.748106060606062,43.708333333333336,30.499641389975952,7.0
bert,4298400,27,8.727272727272727,24.746452223273415,44.375,28.999713111980764,4.0
bert,4302000,31,13.136363636363637,24.748582230623818,45.333333333333336,28.599770489584614,26.0
bert,4305600,36,10.0,24.75448536355052,45.541666666666664,29.07981639166769,20.0
bert,4309200,25,70.5,24.765094339622642,46.208333333333336,30.463853113334153,9.0
bert,4312800,161,51.81818181818182,24.76531573986805,46.875,29.371082490667323,167.0
bert,4316400,31,32.29545454545455,24.893596986817325,46.625,55.69686599253386,59.0
bert,4320000,31,17.477272727272727,24.89934148635936,45.458333333333336,50.757492794027094,11.0
bert,4323600,74,20.681818181818183,24.905075187969924,46.291666666666664,46.80599423522168,50.0
bert,4327200,163,36.04545454545455,24.951173708920187,47.291666666666664,52.24479538817735,69.0
bert,4330800,42,43.52272727272727,25.080675422138835,51.208333333333336,74.39583631054188,149.0
bert,4334400,52,23.75,25.096532333645737,46.75,67.9166690484335,34.0
bert,4338000,38,21.181818181818183,25.121722846441948,47.5,64.7333352387468,35.0
bert,4341600,130,25.84090909090909,25.13376987839102,47.625,59.38666819099745,76.0
bert,4345200,30,28.181818181818183,25.23177570093458,49.875,73.50933455279795,76.0
bert,4348800,39,29.09090909090909,25.236227824463118,47.958333333333336,64.80746764223836,56.0
bert,4352400,37,23.931818181818183,25.249067164179106,47.25,59.6459741137907,22.0
bert,4356000,22,16.90909090909091,25.260018639328983,47.875,55.116779291032564,32.0
bert,4359600,18,19.59090909090909,25.256983240223462,47.458333333333336,48.493423432826056,21.0
bert,4363200,30,22.931818181818183,25.250232558139533,47.333333333333336,42.39473874626085,35.0
bert,4366800,21,15.295454545454545,25.2546468401487,47.125,39.91579099700868,31.0
bert,4370400,17,10.772727272727273,25.250696378830085,46.708333333333336,36.132632797606945,24.0
bert,4374000,18,11.386363636363637,25.2430426716141,46.416666666666664,32.306106238085555,5.0
bert,4377600,28,25.954545454545453,25.236329935125116,46.958333333333336,29.444884990468445,31.0
bert,4381200,27,15.11111111111111,25.238888888888887,46.833333333333336,29.155907992374757,23.0
bert,4384800,13,9.133333333333333,25.240518038852915,47.0,28.724726393899807,27.0
bert,4388400,11,13.533333333333333,25.22920517560074,46.416666666666664,25.57978111511985,31.0
bert,4392000,32,10.577777777777778,25.21606648199446,45.583333333333336,22.66382489209588,36.0
bert,4395600,8,69.4888888888889,25.222324723247233,45.416666666666664,24.531059913676707,25.0
bert,4399200,72,54.24444444444445,25.206451612903226,44.708333333333336,21.22484793094137,161.0
bert,4402800,71,32.266666666666666,25.249539594843462,41.0,31.379878344753095,31.0
bert,4406400,35,17.77777777777778,25.291628334866605,42.666666666666664,39.303902675802476,31.0
bert,4410000,42,21.866666666666667,25.300551470588236,42.833333333333336,38.44312214064198,74.0
bert,4413600,17,38.86666666666667,25.315886134067952,41.5,39.15449771251359,163.0
bert,4417200,16,43.48888888888889,25.308256880733946,35.416666666666664,34.723598170010874,42.0
bert,4420800,26,24.377777777777776,25.299725022914757,34.333333333333336,30.9788785360087,52.0
bert,4424400,30,21.555555555555557,25.3003663003663,33.25,29.98310282880696,38.0
bert,4428000,56,28.155555555555555,25.30466605672461,32.916666666666664,29.98648226304557,130.0
bert,4431600,14,28.22222222222222,25.3327239488117,29.833333333333332,35.189185810436456,30.0
bert,4435200,27,29.31111111111111,25.322374429223743,29.166666666666668,30.951348648349168,39.0
bert,4438800,9,24.22222222222222,25.32390510948905,28.666666666666668,30.161078918679337,37.0
bert,4442400,16,17.022222222222222,25.309024612579762,27.5,25.928863134943473,22.0
bert,4446000,15,19.555555555555557,25.30054644808743,27.25,23.94309050795478,18.0
bert,4449600,15,23.08888888888889,25.291173794358507,27.125,22.154472406363823,30.0
bert,4453200,9,15.422222222222222,25.28181818181818,26.5,20.72357792509106,21.0
bert,4456800,30,10.911111111111111,25.267029972752045,26.0,18.37886234007285,17.0
bert,4460400,10,11.533333333333333,25.271324863883848,26.541666666666668,20.70308987205828,18.0
bert,4464000,42,26.0,25.25747960108794,26.208333333333332,18.562471897646624,28.0
bert,4467600,23,15.369565217391305,25.27264492753623,26.791666666666668,23.249977518117298,27.0
bert,4471200,21,9.217391304347826,25.270588235294117,26.625,23.19998201449384,13.0
bert,4474800,25,13.478260869565217,25.266726943942135,26.958333333333332,22.759985611595074,11.0
bert,4478400,26,11.043478260869565,25.266485998193314,27.541666666666668,23.207988489276058,32.0
bert,4482000,21,68.15217391304348,25.267148014440433,27.291666666666668,23.766390791420847,8.0
bert,4485600,123,54.630434782608695,25.263300270513977,27.833333333333332,23.213112633136678,72.0
bert,4489200,17,33.108695652173914,25.35135135135135,29.958333333333332,43.17049010650935,71.0
bert,4492800,56,18.152173913043477,25.343834383438345,27.708333333333332,37.93639208520748,35.0
bert,4496400,10,22.304347826086957,25.371402877697843,28.583333333333332,41.54911366816599,42.0
bert,4500000,24,38.391304347826086,25.35759209344115,27.25,35.23929093453279,17.0
bert,4503600,37,42.891304347826086,25.356373429084382,27.541666666666668,32.991432747626234,16.0
bert,4507200,26,24.41304347826087,25.366816143497758,28.416666666666668,33.79314619810099,26.0
bert,4510800,15,21.73913043478261,25.3673835125448,28.416666666666668,32.234516958480796,30.0
bert,4514400,16,28.76086956521739,25.35810205908684,27.791666666666668,28.78761356678464,56.0
bert,4518000,24,27.91304347826087,25.34973166368515,26.125,26.23009085342771,14.0
bert,4521600,17,29.26086956521739,25.3485254691689,26.541666666666668,25.78407268274217,27.0
bert,4525200,8,23.891304347826086,25.34107142857143,26.125,24.027258146193738,9.0
bert,4528800,16,17.0,25.325602140945584,26.083333333333332,20.821806516954993,16.0
bert,4532400,23,19.456521739130434,25.31729055258467,26.083333333333332,19.857445213563995,15.0
bert,4536000,10,22.91304347826087,25.315227070347284,26.416666666666668,20.485956170851196,15.0
bert,4539600,8,15.282608695652174,25.301601423487543,26.208333333333332,18.388764936680957,9.0
bert,4543200,22,11.326086956521738,25.28622222222222,26.166666666666668,16.311011949344767,30.0
bert,4546800,4,11.5,25.283303730017764,25.833333333333332,17.448809559475812,10.0
bert,4550400,35,26.347826086956523,25.264418811002663,25.583333333333332,14.759047647580651,42.0
bert,4554000,11,15.53191489361702,25.27304964539007,25.291666666666668,18.80723811806452,23.0
bert,4557600,15,9.46808510638298,25.260407440212578,24.791666666666668,17.24579049445162,21.0
bert,4561200,16,13.72340425531915,25.25132743362832,24.541666666666668,16.796632395561296,25.0
bert,4564800,16,11.361702127659575,25.24314765694076,24.166666666666668,16.637305916449037,26.0
bert,4568400,16,67.14893617021276,25.23498233215548,23.75,16.50984473315923,21.0
bert,4572000,102,56.08510638297872,25.226831421006178,23.541666666666668,16.407875786527384,123.0
bert,4575600,54,32.765957446808514,25.294532627865962,22.666666666666668,33.52630062922191,17.0
bert,4579200,16,18.95744680851064,25.319823788546255,24.208333333333332,37.62104050337753,56.0
bert,4582800,23,22.04255319148936,25.31161971830986,22.541666666666668,33.29683240270202,10.0
bert,4586400,40,38.08510638297872,25.30958663148637,23.083333333333332,31.237465922161622,24.0
bert,4590000,51,42.765957446808514,25.32249560632689,23.75,32.9899727377293,37.0
bert,4593600,20,24.4468085106383,25.34503950834065,24.333333333333332,36.59197819018345,26.0
bert,4597200,25,21.595744680851062,25.340350877192982,24.083333333333332,33.27358255214676,15.0
bert,4600800,19,28.48936170212766,25.340052585451357,24.5,31.61886604171741,16.0
bert,4604400,63,27.829787234042552,25.334500875656744,24.625,29.09509283337393,24.0
bert,4608000,154,29.0,25.36745406824147,26.25,35.87607426669915,17.0
bert,4611600,41,23.5531914893617,25.479895104895103,31.958333333333332,59.50085941335932,8.0
bert,4615200,41,16.97872340425532,25.49344978165939,33.333333333333336,55.80068753068746,16.0
bert,4618800,17,19.53191489361702,25.50698080279232,34.375,52.84055002454998,23.0
bert,4622400,41,22.638297872340427,25.499564080209243,34.125,45.672440019639986,10.0
bert,4626000,7,15.127659574468085,25.51306620209059,35.416666666666664,44.73795201571199,8.0
bert,4629600,6,11.553191489361701,25.496953872932984,35.375,37.19036161256959,22.0
bert,4633200,37,11.340425531914894,25.48,34.708333333333336,30.95228929005567,4.0
bert,4636800,30,26.53191489361702,25.49000868809731,36.083333333333336,32.161831432044536,35.0
bert,4640400,15,15.4375,25.49392361111111,35.875,31.72946514563563,11.0
bert,4644000,7,9.583333333333334,25.48482220294883,36.041666666666664,28.383572116508503,15.0
bert,4647600,40,13.770833333333334,25.46880415944541,35.708333333333336,24.106857693206802,16.0
bert,4651200,9,11.458333333333334,25.481385281385283,36.708333333333336,27.285486154565444,16.0
bert,4654800,15,66.08333333333333,25.46712802768166,36.416666666666664,23.628388923652356,16.0
bert,4658400,128,57.041666666666664,25.458081244598098,36.375,21.902711138921884,102.0
bert,4662000,26,33.208333333333336,25.54663212435233,37.458333333333336,43.12216891113751,54.0
bert,4665600,30,18.895833333333332,25.54702329594478,36.291666666666664,39.69773512891001,16.0
bert,4669200,31,22.0625,25.550862068965518,36.875,37.758188103128006,23.0
bert,4672800,63,38.125,25.555555555555557,37.208333333333336,36.40655048250241,40.0
bert,4676400,17,42.9375,25.58777969018933,38.166666666666664,41.72524038600193,51.0
bert,4680000,29,24.354166666666668,25.580395528804814,36.75,36.780192308801546,20.0
bert,4683600,46,21.666666666666668,25.583333333333332,37.125,35.22415384704124,25.0
bert,4687200,40,28.291666666666668,25.600858369098713,38.0,37.37932307763299,19.0
bert,4690800,24,28.5625,25.61320754716981,38.875,37.90345846210639,63.0
bert,4694400,38,31.604166666666668,25.611825192802055,37.25,35.122766769685114,154.0
bert,4698000,48,23.916666666666668,25.622431506849313,32.416666666666664,35.69821341574809,41.0
bert,4701600,63,17.479166666666668,25.641573994867407,32.708333333333336,38.15857073259848,41.0
bert,4705200,10,19.479166666666668,25.673504273504275,33.625,43.12685658607879,17.0
bert,4708800,46,23.020833333333332,25.660119555935097,33.333333333333336,36.50148526886303,41.0
bert,4712400,11,14.958333333333334,25.677474402730375,33.541666666666664,38.40118821509043,7.0
bert,4716000,30,11.4375,25.664961636828643,33.708333333333336,32.92095057207234,6.0
bert,4719600,13,11.875,25.668654173764907,34.708333333333336,32.336760457657874,37.0
bert,4723200,28,26.604166666666668,25.65787234042553,33.708333333333336,28.469408366126302,30.0
bert,4726800,10,15.428571428571429,25.65986394557823,33.625,28.375526692901044,15.0
bert,4730400,124,9.53061224489796,25.64655904842821,33.416666666666664,24.700421354320838,7.0
bert,4734000,30,14.306122448979592,25.730050933786078,38.291666666666664,44.56033708345667,40.0
bert,4737600,19,11.408163265306122,25.73367260390161,37.875,41.64826966676534,9.0
bert,4741200,18,65.04081632653062,25.727966101694914,38.291666666666664,37.11861573341227,15.0
bert,4744800,18,58.48979591836735,25.72142252328535,38.416666666666664,33.294892586729816,128.0
bert,4748400,104,33.06122448979592,25.714890016920474,33.833333333333336,30.235914069383856,26.0
bert,4752000,66,19.122448979591837,25.781065088757398,37.083333333333336,44.98873125550709,30.0
bert,4755600,22,22.244897959183675,25.815033783783782,38.583333333333336,49.190985004405675,31.0
bert,4759200,37,38.63265306122449,25.81181434599156,38.208333333333336,43.75278800352454,63.0
bert,4762800,19,42.40816326530612,25.821247892074197,37.125,42.40223040281963,17.0
bert,4766400,24,24.448979591836736,25.815501263689974,37.208333333333336,37.72178432225571,29.0
bert,4770000,42,22.163265306122447,25.813973063973062,37.0,34.977427457804566,46.0
bert,4773600,69,28.53061224489796,25.82758620689655,36.833333333333336,36.38194196624365,40.0
bert,4777200,15,28.46938775510204,25.863865546218488,38.041666666666664,42.90555357299492,24.0
bert,4780800,24,31.73469387755102,25.854743912678423,37.666666666666664,37.32444285839593,38.0
bert,4784400,43,24.408163265306122,25.85318791946309,37.083333333333336,34.65955428671675,48.0
bert,4788000,27,18.408163265306122,25.86756077116513,36.875,36.3276434293734,63.0
bert,4791600,17,19.285714285714285,25.86850921273032,35.375,34.462114743498724,10.0
bert,4795200,44,23.489795918367346,25.861087866108786,35.666666666666664,30.969691794798983,46.0
bert,4798800,18,14.877551020408163,25.876254180602007,35.583333333333336,33.57575343583919,11.0
bert,4802400,24,11.816326530612244,25.86967418546366,35.875,30.460602748671356,30.0
bert,4806000,13,11.89795918367347,25.868113522537563,35.625,29.168482198937088,13.0
bert,4809600,36,26.632653061224488,25.85738115095913,35.625,25.934785759149673,28.0
bert,4813200,19,15.32,25.865833333333335,35.958333333333336,27.94782860731974,10.0
bert,4816800,12,11.82,25.860116569525395,36.333333333333336,26.158262885855795,124.0
bert,4820400,27,14.62,25.848585690515808,31.666666666666668,23.326610308684636,30.0
bert,4824000,19,11.56,25.84954280964256,31.541666666666668,24.06128824694771,19.0
bert,4827600,22,64.1,25.843853820598007,31.541666666666668,23.049030597558172,18.0
bert,4831200,26,57.68,25.84066390041494,31.708333333333332,22.83922447804654,18.0
bert,4834800,12,34.48,25.8407960199005,32.041666666666664,23.47137958243723,104.0
bert,4838400,13,20.06,25.82932891466446,28.208333333333332,21.177103665949787,66.0
bert,4842000,90,22.24,25.818708609271525,26.0,19.54168293275983,22.0
bert,4845600,37,38.6,25.871794871794872,28.833333333333332,33.633346346207865,37.0
bert,4849200,46,41.94,25.88099173553719,28.833333333333332,34.306677076966295,19.0
bert,4852800,65,24.44,25.89760528488852,29.958333333333332,36.64534166157304,24.0
bert,4856400,18,22.56,25.92986798679868,31.666666666666668,42.316273329258436,42.0
bert,4860000,41,29.34,25.92333058532564,30.666666666666668,37.45301866340675,69.0
bert,4863600,55,28.2,25.935749588138385,29.5,38.162414930725404,15.0
bert,4867200,23,31.58,25.959670781893003,31.166666666666668,41.529931944580326,24.0
bert,4870800,44,24.78,25.957236842105264,31.125,37.82394555566427,43.0
bert,4874400,34,18.58,25.972062448644206,31.166666666666668,39.05915644453141,27.0
bert,4878000,31,19.24,25.978653530377667,31.458333333333332,38.04732515562513,17.0
bert,4881600,23,23.9,25.982772764561116,32.041666666666664,36.63786012450011,44.0
bert,4885200,38,14.94,25.98032786885246,31.166666666666668,33.91028809960009,18.0
bert,4888800,25,12.06,25.99017199017199,32.0,34.72823047968007,24.0
bert,4892400,11,11.92,25.98936170212766,32.041666666666664,32.78258438374406,13.0
bert,4896000,40,26.82,25.97710547833197,31.958333333333332,28.42606750699525,36.0
bert,4899600,29,15.392156862745098,25.98856209150327,32.125,30.7408540055962,19.0
bert,4903200,11,11.823529411764707,25.991020408163266,32.541666666666664,30.392683204476963,12.0
bert,4906800,23,14.862745098039216,25.97879282218597,32.5,26.514146563581573,27.0
bert,4910400,26,11.705882352941176,25.97636511817441,32.333333333333336,25.81131725086526,19.0
bert,4914000,10,63.27450980392157,25.97638436482085,32.625,25.84905380069221,22.0
bert,4917600,28,57.05882352941177,25.96338486574451,32.125,22.67924304055377,26.0
bert,4921200,19,34.03921568627451,25.965040650406504,32.208333333333336,23.74339443244302,12.0
bert,4924800,66,19.92156862745098,25.959382615759544,32.5,22.794715545954418,13.0
bert,4928400,46,23.568627450980394,25.991883116883116,34.708333333333336,31.435772436763536,90.0
bert,4932000,38,38.568627450980394,26.008110300081103,32.875,34.34861794941083,37.0
bert,4935600,24,42.01960784313726,26.01782820097245,32.916666666666664,35.07889435952867,46.0
bert,4939200,22,25.235294117647058,26.016194331983804,32.0,32.863115487622935,65.0
bert,4942800,17,22.470588235294116,26.01294498381877,30.208333333333332,30.69049239009835,18.0
bert,4946400,19,29.568627450980394,26.00565885206144,30.166666666666668,27.952393912078684,41.0
bert,4950000,175,28.725490196078432,26.0,29.25,26.161915129662948,55.0
bert,4953600,78,31.41176470588235,26.120258272800644,34.25,55.92953210373036,23.0
bert,4957200,54,25.15686274509804,26.162096774193547,36.541666666666664,60.34362568298429,44.0
bert,4960800,16,18.88235294117647,26.18452860596293,36.958333333333336,59.07490054638744,34.0
bert,4964400,12,19.470588235294116,26.17632850241546,36.208333333333336,50.45992043710996,31.0
bert,4968000,7,23.88235294117647,26.164923572003218,35.416666666666664,42.767936349687965,23.0
bert,4971600,28,15.392156862745098,26.14951768488746,34.75,35.61434907975037,38.0
bert,4975200,13,12.313725490196079,26.151004016064256,34.333333333333336,34.091479263800295,25.0
bert,4978800,44,11.901960784313726,26.140449438202246,33.833333333333336,29.873183411040237,11.0
bert,4982400,61,27.07843137254902,26.154771451483562,35.208333333333336,32.69854672883219,40.0
bert,4986000,20,15.653846153846153,26.182692307692307,36.083333333333336,38.358837383065755,29.0
bert,4989600,9,11.807692307692308,26.177742193755005,35.708333333333336,34.68706990645261,11.0
bert,4993200,25,15.01923076923077,26.164,35.625,29.54965592516209,23.0
bert,4996800,19,11.98076923076923,26.163069544364507,35.708333333333336,28.639724740129672,26.0
bert,5000400,30,62.25,26.1573482428115,35.416666666666664,26.71177979210374,10.0
bert,5004000,88,56.5,26.160415003990423,36.25,27.369423833682994,28.0
bert,5007600,35,33.75,26.209728867623603,38.75,39.4955390669464,19.0
bert,5011200,20,20.807692307692307,26.216733067729084,39.416666666666664,38.59643125355712,66.0
bert,5014800,117,24.0,26.211783439490446,37.5,34.877145002845694,46.0
bert,5018400,50,38.55769230769231,26.28400954653938,40.458333333333336,51.301716002276564,38.0
bert,5022000,14,41.67307692307692,26.302861685214626,40.958333333333336,51.041372801821254,24.0
bert,5025600,15,25.173076923076923,26.293089753772836,40.541666666666664,43.633098241457006,22.0
bert,5029200,10,22.365384615384617,26.284126984126985,40.25,37.90647859316561,17.0
bert,5032800,12,29.365384615384617,26.271213322759714,39.958333333333336,32.32518287453249,19.0
bert,5036400,25,31.53846153846154,26.259904912836767,39.666666666666664,28.260146299625994,175.0
bert,5040000,14,32.30769230769231,26.258907363420427,33.416666666666664,27.608117039700797,78.0
bert,5043600,17,25.71153846153846,26.249208860759495,30.75,24.88649363176064,54.0
bert,5047200,11,18.826923076923077,26.24189723320158,29.208333333333332,23.30919490540851,16.0
bert,5050800,12,19.326923076923077,26.229857819905213,29.0,20.84735592432681,12.0
bert,5054400,19,23.557692307692307,26.218626677190212,29.0,19.077884739461446,7.0
bert,5058000,11,15.634615384615385,26.21293375394322,29.5,19.062307791569157,28.0
bert,5061600,20,12.326923076923077,26.20094562647754,28.791666666666668,17.449846233255325,13.0
bert,5065200,50,12.51923076923077,26.196062992125984,29.083333333333332,17.95987698660426,44.0
bert,5068800,49,27.73076923076923,26.214791502753737,29.333333333333332,24.36790158928341,61.0
bert,5072400,19,15.735849056603774,26.232704402515722,28.833333333333332,29.29432127142673,20.0
bert,5076000,11,11.754716981132075,26.22702278083268,28.791666666666668,27.235457017141385,9.0
bert,5079600,32,15.20754716981132,26.215070643642072,28.875,23.98836561371311,25.0
bert,5083200,21,12.11320754716981,26.219607843137254,29.166666666666668,25.59069249097049,19.0
bert,5086800,23,61.64150943396226,26.21551724137931,29.25,24.672553992776393,30.0
bert,5090400,29,57.094339622641506,26.212999216914643,28.958333333333332,24.338043194221118,88.0
bert,5094000,80,33.77358490566038,26.215179968701097,26.5,25.270434555376898,35.0
bert,5097600,64,20.79245283018868,26.257232212666146,28.375,36.21634764430152,20.0
bert,5101200,76,25.754716981132077,26.28671875,30.208333333333332,41.77307811544122,117.0
bert,5104800,29,38.77358490566038,26.32552693208431,28.5,48.61846249235298,50.0
bert,5108400,35,41.15094339622642,26.327613104524183,27.625,44.69476999388239,14.0
bert,5112000,37,24.9811320754717,26.334372564302416,28.5,42.75581599510591,15.0
bert,5115600,18,22.132075471698112,26.342679127725855,29.416666666666668,41.60465279608473,10.0
bert,5119200,11,29.037735849056602,26.336186770428014,29.75,36.88372223686778,12.0
bert,5122800,30,31.41509433962264,26.32426127527216,29.708333333333332,31.70697778949423,25.0
bert,5126400,26,31.962264150943398,26.327117327117328,29.916666666666668,31.365582231595383,14.0
bert,5130000,26,25.547169811320753,26.32686335403727,30.416666666666668,30.292465785276306,17.0
bert,5133600,23,18.67924528301887,26.326609775019396,30.791666666666668,29.433972628221046,11.0
bert,5137200,36,19.18867924528302,26.324031007751937,31.291666666666668,28.147178102576838,12.0
bert,5140800,53,23.471698113207548,26.33152594887684,32.291666666666664,29.71774248206147,19.0
bert,5144400,55,15.547169811320755,26.352167182662537,33.708333333333336,34.37419398564918,11.0
bert,5148000,11,12.471698113207546,26.374323279195668,35.541666666666664,38.499355188519345,20.0
bert,5151600,10,13.226415094339623,26.36244204018547,35.166666666666664,32.999484150815476,50.0
bert,5155200,44,28.132075471698112,26.34980694980695,33.5,28.399587320652383,49.0
bert,5158800,42,15.796296296296296,26.363425925925927,33.291666666666664,31.519669856521908,19.0
bert,5162400,17,11.74074074074074,26.375481881264456,34.25,33.615735885217525,11.0
bert,5166000,22,15.518518518518519,26.368258859784284,34.5,30.292588708174023,32.0
bert,5169600,27,12.277777777777779,26.364896073903,34.083333333333336,28.63407096653922,21.0
bert,5173200,20,60.925925925925924,26.365384615384617,34.333333333333336,28.30725677323138,23.0
bert,5176800,78,56.574074074074076,26.360491929285164,34.208333333333336,26.645805418585105,29.0
bert,5180400,22,34.629629629629626,26.40015360983103,36.25,36.91664433486809,80.0
bert,5184000,23,21.59259259259259,26.396776669224867,33.833333333333336,33.933315467894474,64.0
bert,5187600,36,26.685185185185187,26.394171779141104,32.125,31.74665237431558,76.0
bert,5191200,100,38.592592592592595,26.40153256704981,30.458333333333332,32.59732189945247,29.0
bert,5194800,56,41.03703703703704,26.457886676875958,33.416666666666664,46.077857519561974,35.0
bert,5198400,77,25.203703703703702,26.480489671002296,34.291666666666664,48.06228601564958,37.0
bert,5202000,17,22.055555555555557,26.519113149847094,35.958333333333336,53.84982881251967,18.0
bert,5205600,81,28.703703703703702,26.511841100076396,35.916666666666664,46.47986305001574,11.0
bert,5209200,57,31.38888888888889,26.553435114503817,38.833333333333336,53.38389044001259,30.0
bert,5212800,55,31.85185185185185,26.576659038901603,39.958333333333336,54.10711235201008,26.0
bert,5216400,326,25.555555555555557,26.598323170731707,41.166666666666664,54.285689881608064,26.0
bert,5220000,102,18.75925925925926,26.826351865955825,53.666666666666664,108.62855190528646,23.0
bert,5223600,274,19.5,26.883561643835616,56.958333333333336,107.30284152422918,36.0
bert,5227200,66,24.01851851851852,27.07148288973384,66.875,140.64227321938336,53.0
bert,5230800,88,16.27777777777778,27.101063829787233,67.41666666666667,125.71381857550669,55.0
bert,5234400,83,12.444444444444445,27.14730447987851,68.79166666666667,118.17105486040535,11.0
bert,5238000,92,13.166666666666666,27.1896813353566,71.79166666666667,111.13684388832428,10.0
bert,5241600,88,28.425925925925927,27.23881728582259,75.20833333333333,107.30947511065943,44.0
bert,5245200,56,16.272727272727273,27.284848484848485,77.04166666666667,103.44758008852756,42.0
bert,5248800,53,11.836363636363636,27.306585919757758,77.625,93.95806407082206,17.0
bert,5252400,70,15.636363636363637,27.326021180030256,79.125,85.76645125665766,22.0
bert,5256000,73,12.545454545454545,27.35827664399093,81.125,82.61316100532613,27.0
bert,5259600,53,60.18181818181818,27.39274924471299,83.04166666666667,80.69052880426091,20.0
bert,5263200,81,56.96363636363636,27.412075471698113,84.41666666666667,75.15242304340873,78.0
bert,5266800,114,34.4,27.452488687782804,84.54166666666667,76.32193843472699,22.0
bert,5270400,92,21.618181818181817,27.51770911831198,88.375,83.85755074778159,23.0
bert,5274000,105,26.854545454545455,27.566265060240966,91.25,85.48604059822527,36.0
bert,5277600,192,39.70909090909091,27.624529721595184,94.125,89.38883247858023,100.0
bert,5281200,60,41.30909090909091,27.74812030075188,97.95833333333333,109.91106598286419,56.0
bert,5284800,41,26.145454545454545,27.772351615326823,98.125,99.92885278629136,77.0
bert,5288400,175,21.963636363636365,27.78228228228228,96.625,88.1430822290331,17.0
bert,5292000,46,29.654545454545456,27.892723180795198,103.20833333333333,105.51446578322648,81.0
bert,5295600,107,31.854545454545455,27.90629685157421,101.75,93.6115726265812,57.0
bert,5299200,55,32.27272727272727,27.965543071161047,103.83333333333333,96.28925810126496,55.0
bert,5302800,116,31.01818181818182,27.985778443113773,103.83333333333333,88.03140648101197,326.0
bert,5306400,57,20.272727272727273,28.05160807778609,95.08333333333333,93.62512518480958,102.0
bert,5310000,59,24.12727272727273,28.07324364723468,93.20833333333333,86.30010014784767,274.0
bert,5313600,95,24.78181818181818,28.09634055265123,84.25,80.84008011827814,66.0
bert,5317200,29,17.581818181818182,28.14626865671642,85.45833333333333,83.67206409462251,88.0
bert,5320800,60,13.727272727272727,28.1469052945563,83.0,72.73765127569801,83.0
bert,5324400,15,14.6,28.17064083457526,82.04166666666667,70.19012102055842,92.0
bert,5328000,44,29.509090909090908,28.160833953834697,78.83333333333333,59.15209681644674,88.0
bert,5331600,18,16.982142857142858,28.172619047619047,77.0,56.1216774531574,56.0
bert,5335200,15,12.571428571428571,28.165055762081785,75.41666666666667,48.49734196252593,53.0
bert,5338800,30,16.607142857142858,28.155274888558694,73.83333333333333,41.79787357002075,70.0
bert,5342400,21,13.625,28.156644394951744,72.16666666666667,39.4382988560166,73.0
bert,5346000,14,60.05357142857143,28.1513353115727,70.0,35.75063908481329,53.0
bert,5349600,89,57.392857142857146,28.140845070422536,68.375,31.400511267850632,81.0
bert,5353200,25,35.82142857142857,28.185925925925925,68.70833333333333,42.92040901428051,114.0
bert,5356800,102,22.875,28.18356772760918,65.0,39.33632721142441,92.0
bert,5360400,104,28.25,28.238165680473372,65.41666666666667,51.869061769139535,105.0
bert,5364000,151,42.42857142857143,28.294161123429415,65.375,62.29524941531163,192.0
bert,5367600,110,41.642857142857146,28.384785819793205,63.666666666666664,80.03619953224931,60.0
bert,5371200,91,26.410714285714285,28.445018450184502,65.75,86.02895962579946,41.0
bert,5374800,62,24.696428571428573,28.491150442477878,67.83333333333333,87.02316770063958,175.0
bert,5378400,73,29.946428571428573,28.515843773028738,63.125,82.01853416051166,46.0
bert,5382000,61,33.19642857142857,28.54860088365243,64.25,80.21482732840934,107.0
bert,5385600,79,32.67857142857143,28.572479764532744,62.333333333333336,76.37186186272749,55.0
bert,5389200,74,32.535714285714285,28.60955882352941,63.333333333333336,76.897489490182,116.0
bert,5392800,80,20.928571428571427,28.642909625275532,61.583333333333336,76.3179915921456,57.0
bert,5396400,74,24.75,28.680616740088105,62.541666666666664,77.05439327371649,59.0
bert,5400000,94,26.035714285714285,28.71386647101981,63.166666666666664,76.4435146189732,95.0
bert,5403600,84,17.785714285714285,28.761730205278592,63.125,79.95481169517856,29.0
bert,5407200,92,14.553571428571429,28.802197802197803,65.41666666666667,80.76384935614286,60.0
bert,5410800,78,14.607142857142858,28.848462664714496,66.75,83.01107948491429,15.0
bert,5414400,85,29.767857142857142,28.884418434528165,69.375,82.00886358793144,44.0
bert,5418000,62,17.0,28.92543859649123,71.08333333333333,82.60709087034516,18.0
bert,5421600,27,12.614035087719298,28.949598246895544,72.91666666666667,78.48567269627614,15.0
bert,5425200,17,16.842105263157894,28.94817518248175,73.41666666666667,68.18853815702091,30.0
bert,5428800,16,13.75438596491228,28.939460247994166,72.875,57.95083052561673,21.0
bert,5432400,34,59.24561403508772,28.93002915451895,72.66666666666667,49.56066442049339,14.0
bert,5436000,31,57.94736842105263,28.933721777130373,73.5,46.44853153639471,89.0
bert,5439600,19,35.63157894736842,28.935225618631733,71.08333333333333,43.35882522911577,25.0
bert,5443200,105,24.263157894736842,28.928,70.83333333333333,38.48706018329262,102.0
bert,5446800,25,29.57894736842105,28.98328488372093,70.95833333333333,51.78964814663409,104.0
bert,5450400,36,44.333333333333336,28.980392156862745,67.66666666666667,46.431718517307274,151.0
bert,5454000,20,42.8421052631579,28.985486211901307,62.875,44.34537481384582,110.0
bert,5457600,19,27.54385964912281,28.97897026831037,59.125,39.47629985107666,91.0
bert,5461200,56,25.350877192982455,28.971739130434784,56.125,35.38103988086133,62.0
bert,5464800,93,30.70175438596491,28.991310644460537,55.875,39.50483190468907,73.0
bert,5468400,135,33.68421052631579,29.03762662807525,56.708333333333336,50.20386552375126,61.0
bert,5472000,107,33.49122807017544,29.114244396240057,59.791666666666664,67.163092419001,79.0
bert,5475600,121,33.26315789473684,29.170520231213874,60.958333333333336,75.13047393520081,74.0
bert,5479200,121,21.964912280701753,29.23682310469314,62.916666666666664,84.30437914816065,80.0
bert,5482800,137,25.614035087719298,29.303030303030305,64.625,91.64350331852853,74.0
bert,5486400,114,27.228070175438596,29.380677721701513,67.25,100.71480265482283,94.0
bert,5490000,79,18.94736842105263,29.44164265129683,68.08333333333333,103.37184212385827,84.0
bert,5493600,38,15.912280701754385,29.47732181425486,67.875,98.49747369908663,92.0
bert,5497200,6,15.719298245614034,29.48345323741007,65.625,86.3979789592693,78.0
bert,5500800,45,30.736842105263158,29.466570812365205,62.625,70.31838316741545,85.0
bert,5504400,15,17.775862068965516,29.47772988505747,60.958333333333336,65.25470653393236,62.0
bert,5508000,12,12.862068965517242,29.467336683417084,59.0,55.203765227145894,27.0
bert,5511600,187,16.844827586206897,29.45480631276901,58.375,46.563012181716715,17.0
bert,5515200,15,13.793103448275861,29.56774193548387,65.45833333333333,74.65040974537337,16.0
bert,5518800,11,58.810344827586206,29.55730659025788,65.41666666666667,62.7203277962987,34.0
bert,5522400,65,57.48275862068966,29.54402290622763,64.45833333333333,52.376262237038965,31.0
bert,5526000,13,35.3448275862069,29.569384835479255,65.875,54.901009789631175,19.0
bert,5529600,87,25.655172413793103,29.557541100786278,65.625,46.52080783170494,105.0
bert,5533200,213,29.5,29.59857142857143,64.875,54.616646265363954,25.0
bert,5536800,70,44.189655172413794,29.729478943611706,72.70833333333333,86.29331701229117,36.0
bert,5540400,146,42.44827586206897,29.758202567760343,74.125,83.03465360983294,20.0
bert,5544000,140,27.396551724137932,29.841054882394868,79.375,95.62772288786635,19.0
bert,5547600,61,25.879310344827587,29.91951566951567,84.41666666666667,104.50217831029309,56.0
bert,5551200,98,31.775862068965516,29.941637010676157,84.625,95.80174264823448,93.0
bert,5554800,37,35.43103448275862,29.9900426742532,84.83333333333333,96.24139411858758,135.0
bert,5558400,47,34.758620689655174,29.99502487562189,80.75,84.39311529487007,107.0
bert,5562000,28,34.775862068965516,30.007102272727273,78.25,76.91449223589606,121.0
bert,5565600,17,23.67241379310345,30.00567778566359,74.375,67.13159378871686,121.0
bert,5569200,18,27.53448275862069,29.99645390070922,70.04166666666667,57.10527503097349,137.0
bert,5572800,52,28.724137931034484,29.987951807228917,65.08333333333333,49.2842200247788,114.0
bert,5576400,116,19.982758620689655,30.003541076487252,62.5,49.82737601982304,79.0
bert,5580000,37,16.29310344827586,30.064401981599435,64.04166666666667,63.061900815858436,38.0
bert,5583600,14,15.551724137931034,30.06930693069307,64.0,57.84952065268675,6.0
bert,5587200,34,30.982758620689655,30.057950530035335,64.33333333333333,49.0796165221494,45.0
bert,5590800,15,17.728813559322035,30.060734463276837,63.875,46.06369321771952,15.0
bert,5594400,12,12.847457627118644,30.050105857445306,63.875,39.85095457417562,12.0
bert,5598000,21,19.728813559322035,30.03737658674189,63.875,34.280763659340494,187.0
bert,5601600,18,13.813559322033898,30.031007751937985,56.958333333333336,31.624610927472396,15.0
bert,5605200,7,58.0,30.022535211267606,57.083333333333336,28.89968874197792,11.0
bert,5608800,60,57.610169491525426,30.006333567909923,56.916666666666664,24.519750993582335,65.0
bert,5612400,46,34.96610169491525,30.02742616033755,56.708333333333336,31.61580079486587,13.0
bert,5616000,99,26.694915254237287,30.038650737877724,58.083333333333336,34.4926406358927,87.0
bert,5619600,83,32.610169491525426,30.087078651685392,58.583333333333336,47.39411250871416,213.0
bert,5623200,123,44.6271186440678,30.12421052631579,53.166666666666664,54.51529000697133,70.0
bert,5626800,20,44.20338983050848,30.189340813464234,55.375,68.21223200557706,146.0
bert,5630400,48,29.305084745762713,30.182200420462507,50.125,58.56978560446166,140.0
bert,5634000,113,26.47457627118644,30.19467787114846,46.291666666666664,56.45582848356933,61.0
bert,5637600,9,32.898305084745765,30.25262421273618,48.458333333333336,67.76466278685547,98.0
bert,5641200,9,35.45762711864407,30.237762237762237,44.75,56.01173022948437,37.0
bert,5644800,15,34.96610169491525,30.22292103424179,43.583333333333336,46.609384183587494,47.0
bert,5648400,17,34.66101694915254,30.212290502793294,42.25,40.287507346869994,28.0
bert,5652000,109,23.559322033898304,30.20307048150733,41.791666666666664,35.630005877496,17.0
bert,5655600,68,27.372881355932204,30.258019525801952,45.625,50.3040047019968,18.0
bert,5659200,59,29.11864406779661,30.284320557491288,47.708333333333336,53.843203761597444,52.0
bert,5662800,82,21.610169491525422,30.304317548746518,48.0,54.87456300927796,116.0
bert,5666400,36,16.64406779661017,30.340292275574114,46.583333333333336,60.29965040742238,37.0
bert,5670000,7,15.525423728813559,30.3442280945758,46.541666666666664,55.439720325937905,14.0
bert,5673600,36,31.033898305084747,30.328005559416262,46.25,45.751776260750326,34.0
bert,5677200,15,17.683333333333334,30.331944444444446,46.333333333333336,43.801421008600265,15.0
bert,5680800,10,12.833333333333334,30.321304649548924,46.333333333333336,38.04113680688021,12.0
bert,5684400,18,19.75,30.307212205270456,46.25,32.432909445504166,21.0
bert,5688000,18,13.883333333333333,30.298683298683297,46.125,29.546327556403334,18.0
bert,5691600,29,57.15,30.29016620498615,46.125,27.23706204512267,7.0
bert,5695200,54,57.65,30.289273356401385,47.041666666666664,27.589649636098137,60.0
bert,5698800,84,35.15,30.30567081604426,46.791666666666664,32.871719708878516,46.0
bert,5702400,68,27.9,30.34277816171389,48.375,43.09737576710282,99.0
bert,5706000,25,33.45,30.36878453038674,47.083333333333336,48.07790061368226,83.0
bert,5709600,29,45.93333333333333,30.365079365079364,44.666666666666664,43.462320490945814,123.0
bert,5713200,31,43.8,30.36413793103448,40.75,40.56985639275665,20.0
bert,5716800,23,29.616666666666667,30.36457615437629,41.208333333333336,38.655885114205326,48.0
bert,5720400,21,27.916666666666668,30.359504132231404,40.166666666666664,35.52470809136426,113.0
bert,5724000,30,32.5,30.353062629043357,36.333333333333336,32.61976647309141,9.0
bert,5727600,17,35.016666666666666,30.352819807427785,37.208333333333336,32.09581317847313,9.0
bert,5731200,47,34.63333333333333,30.343642611683848,37.541666666666664,29.076650542778502,15.0
bert,5734800,58,34.36666666666667,30.355082417582416,38.875,32.6613204342228,17.0
bert,5738400,37,24.983333333333334,30.374056280027453,40.583333333333336,37.72905634737825,109.0
bert,5742000,24,28.05,30.378600823045268,37.583333333333336,37.583245077902596,68.0
bert,5745600,9,29.616666666666667,30.374228923920494,35.75,34.866596062322074,59.0
bert,5749200,23,22.616666666666667,30.35958904109589,33.666666666666664,29.69327684985766,82.0
bert,5752800,19,16.966666666666665,30.354551676933607,31.208333333333332,28.35462147988613,36.0
bert,5756400,11,15.383333333333333,30.346785225718193,30.5,26.483697183908905,7.0
bert,5760000,44,31.116666666666667,30.33356117566644,30.666666666666668,23.386957747127123,36.0
bert,5763600,20,17.639344262295083,30.342896174863387,31.0,27.5095661977017,15.0
bert,5767200,30,12.78688524590164,30.335836177474402,31.208333333333332,26.007652958161362,10.0
bert,5770800,23,19.721311475409838,30.335607094133696,32.041666666666664,26.80612236652909,18.0
bert,5774400,15,13.950819672131148,30.330606680299933,32.25,26.044897893223276,18.0
bert,5778000,66,56.68852459016394,30.32016348773842,32.125,23.83591831457862,29.0
bert,5781600,37,57.59016393442623,30.344452008168822,33.666666666666664,32.268734651662896,54.0
bert,5785200,88,35.950819672131146,30.348979591836734,32.958333333333336,33.21498772133032,84.0
bert,5788800,71,28.557377049180328,30.388171312032632,33.125,44.17199017706426,68.0
bert,5792400,21,33.31147540983606,30.41576086956522,33.25,49.53759214165141,25.0
bert,5796000,212,45.65573770491803,30.409368635437882,33.083333333333336,43.830073713321134,29.0
bert,5799600,59,43.59016393442623,30.532564450474897,40.708333333333336,77.46405897065691,31.0
bert,5803200,29,29.508196721311474,30.55186440677966,41.875,73.77124717652553,23.0
bert,5806800,10,27.80327868852459,30.55081300813008,42.125,64.81699774122043,21.0
bert,5810400,29,32.459016393442624,30.536899119837507,41.666666666666664,53.85359819297635,30.0
bert,5814000,50,34.721311475409834,30.535859269282813,41.625,48.88287855438108,17.0
bert,5817600,117,34.83606557377049,30.54901960784314,43.0,49.106302843504864,47.0
bert,5821200,37,34.75409836065574,30.607432432432432,45.916666666666664,62.68504227480389,58.0
bert,5824800,73,25.18032786885246,30.611748818365967,45.041666666666664,57.54803381984311,37.0
bert,5828400,26,27.983606557377048,30.640350877192983,46.541666666666664,60.638427055874494,24.0
bert,5832000,48,29.278688524590162,30.637221847606202,46.625,53.7107416446996,9.0
bert,5835600,39,22.62295081967213,30.648921832884096,48.25,52.568593315759685,23.0
bert,5839200,135,17.0,30.654545454545456,48.916666666666664,49.85487465260775,19.0
bert,5842800,97,15.311475409836065,30.72476446837147,53.75,66.8838997220862,11.0
bert,5846400,80,31.327868852459016,30.769334229993277,57.333333333333336,72.90711977766897,44.0
bert,5850000,61,17.677419354838708,30.802419354838708,58.833333333333336,74.32569582213517,20.0
bert,5853600,59,13.064516129032258,30.8226997985225,60.541666666666664,71.66055665770814,30.0
bert,5857200,69,19.774193548387096,30.841610738255035,61.75,69.12844532616651,23.0
bert,5860800,67,13.96774193548387,30.867203219315897,63.666666666666664,69.10275626093322,15.0
bert,5864400,82,56.83870967741935,30.89142091152815,65.83333333333333,68.68220500874658,66.0
bert,5868000,89,57.25806451612903,30.925653047555258,66.5,71.34576400699727,37.0
bert,5871600,68,36.79032258064516,30.964524765729585,68.66666666666667,74.87661120559783,88.0
bert,5875200,133,29.241935483870968,30.989297658862878,67.83333333333333,73.50128896447826,71.0
bert,5878800,89,33.11290322580645,31.057486631016044,70.41666666666667,85.40103117158262,21.0
bert,5882400,339,48.33870967741935,31.096192384769537,73.25,86.1208249372661,212.0
bert,5886000,195,43.83870967741935,31.30173564753004,78.54166666666667,136.69665994981287,59.0
bert,5889600,131,29.5,31.410940627084724,84.20833333333333,148.3573279598503,29.0
bert,5893200,89,27.516129032258064,31.477333333333334,88.45833333333333,144.88586236788024,10.0
bert,5896800,75,32.403225806451616,31.515656229180546,91.75,133.7086898943042,29.0
bert,5900400,86,34.96774193548387,31.544607190412783,93.66666666666667,121.96695191544336,50.0
bert,5904000,218,36.16129032258065,31.580838323353294,95.16666666666667,114.77356153235469,117.0
bert,5907600,60,34.79032258064516,31.704787234042552,99.375,135.41884922588375,37.0
bert,5911200,58,25.951612903225808,31.72358803986711,100.33333333333333,120.335079380707,73.0
bert,5914800,51,27.951612903225808,31.741035856573706,99.70833333333333,107.86806350456561,26.0
bert,5918400,120,29.580645161290324,31.753815527538155,100.75,96.4944508036525,48.0
bert,5922000,42,22.887096774193548,31.81233421750663,103.75,101.195560642922,39.0
bert,5925600,141,18.903225806451612,31.819085487077533,103.875,89.35644851433761,135.0
bert,5929200,14,16.629032258064516,31.89139072847682,104.125,99.6851588114701,97.0
bert,5932800,39,32.11290322580645,31.87954996690933,100.66666666666667,82.54812704917609,80.0
bert,5936400,17,18.365079365079364,31.88425925925926,98.95833333333333,73.83850163934088,61.0
bert,5940000,9,13.793650793650794,31.87442167878387,97.125,62.470801311472705,59.0
bert,5943600,25,20.555555555555557,31.859313077939234,95.04166666666667,51.77664104917817,69.0
bert,5947200,18,14.80952380952381,31.854785478547853,93.20833333333333,46.421312839342534,67.0
bert,5950800,24,57.23809523809524,31.845646437994723,91.16666666666667,40.73705027147403,82.0
bert,5954400,32,57.76190476190476,31.840474620962425,88.75,37.389640217179235,89.0
bert,5958000,13,37.285714285714285,31.840579710144926,86.375,36.31171217374339,68.0
bert,5961600,67,30.88888888888889,31.828176431863067,84.08333333333333,31.649369738994714,133.0
bert,5965200,23,34.0,31.851315789473684,81.33333333333333,38.719495791195776,89.0
bert,5968800,502,52.95238095238095,31.845496383957922,78.58333333333333,35.575596632956625,339.0
bert,5972400,535,46.23809523809524,32.15440210249672,85.375,128.8604773063653,195.0
bert,5976000,256,31.11111111111111,32.48456992777413,99.54166666666667,210.08838184509227,131.0
bert,5979600,67,28.49206349206349,32.63123359580052,104.75,219.27070547607383,89.0
bert,5983200,23,33.07936507936508,32.65377049180328,103.83333333333333,188.8165643808591,75.0
bert,5986800,25,35.77777777777778,32.647444298820446,101.66666666666667,155.65325150468726,86.0
bert,5990400,48,39.04761904761905,32.642436149312374,99.125,129.52260120374982,218.0
bert,5994000,45,35.19047619047619,32.65248691099477,92.04166666666667,113.21808096299986,60.0
bert,5997600,39,26.46031746031746,32.66056245912361,91.41666666666667,99.5744647703999,58.0
bert,6001200,27,28.317460317460316,32.66470588235294,90.625,87.45957181631992,51.0
bert,6004800,40,31.015873015873016,32.66100587851078,89.625,75.36765745305594,120.0
bert,6008400,35,23.19047619047619,32.66579634464752,86.29166666666667,68.29412596244475,42.0
bert,6012000,38,20.841269841269842,32.66731898238748,86.0,61.635300769955805,141.0
bert,6015600,19,16.58730158730159,32.67079530638853,81.70833333333333,56.90824061596465,14.0
bert,6019200,49,32.22222222222222,32.66188925081433,81.91666666666667,49.326592492771724,39.0
bert,6022800,16,18.34375,32.672526041666664,82.33333333333333,49.261273994217376,17.0
bert,6026400,8,13.71875,32.661678594664934,82.29166666666667,42.609019195373904,9.0
bert,6030000,22,20.625,32.645643693107935,82.25,35.68721535629913,25.0
bert,6033600,21,14.859375,32.63872644574399,82.125,32.9497722850393,18.0
bert,6037200,37,56.71875,32.63116883116883,82.25,30.55981782803144,24.0
bert,6040800,21,57.359375,32.6340038935756,82.79166666666667,31.84785426242515,32.0
bert,6044400,41,36.90625,32.62645914396887,82.33333333333333,29.67828340994012,13.0
bert,6048000,67,31.453125,32.631885936487365,83.5,31.942626727952103,67.0
bert,6051600,50,33.828125,32.65414507772021,83.5,38.954101382361685,23.0
bert,6055200,69,59.96875,32.66537216828479,84.625,41.163281105889354,502.0
bert,6058800,66,53.875,32.6888745148771,66.58333333333333,46.73062488471149,535.0
bert,6062400,103,34.625,32.710407239819006,47.041666666666664,50.58449990776919,256.0
bert,6066000,70,29.09375,32.75581395348837,40.666666666666664,61.06759992621536,67.0
bert,6069600,292,32.921875,32.779857972885736,40.791666666666664,62.85407994097229,23.0
bert,6073200,41,35.609375,32.94709677419355,52.0,108.68326395277785,25.0
bert,6076800,107,39.1875,32.95228884590587,52.666666666666664,95.14661116222229,48.0
bert,6080400,69,35.34375,33.0,55.125,97.51728892977783,45.0
bert,6084000,28,26.65625,33.02318094011591,56.125,91.81383114382227,39.0
bert,6087600,10,28.296875,33.01994851994852,55.666666666666664,79.05106491505781,27.0
bert,6091200,36,31.15625,33.00514469453376,54.958333333333336,65.24085193204624,40.0
bert,6094800,13,23.375,33.00706940874036,54.791666666666664,59.392681545637,35.0
bert,6098400,18,21.109375,32.994219653179194,53.875,50.1141452365096,38.0
bert,6102000,19,16.625,32.98459563543004,53.041666666666664,43.69131618920768,19.0
bert,6105600,47,32.484375,32.97562540089801,53.041666666666664,38.75305295136614,49.0
bert,6109200,13,18.307692307692307,32.98461538461538,52.958333333333336,40.402442361092916,16.0
bert,6112800,11,13.63076923076923,32.97181294042281,52.833333333333336,34.921953888874334,8.0
bert,6116400,20,20.646153846153847,32.95774647887324,52.958333333333336,30.137563111099468,22.0
bert,6120000,23,14.953846153846154,32.94945617402431,52.875,28.110050488879576,21.0
bert,6123600,20,56.41538461538462,32.94309462915601,52.958333333333336,27.088040391103664,37.0
bert,6127200,22,56.8,32.934824281150156,52.25,25.670432312882934,21.0
bert,6130800,145,36.96923076923077,32.927841634738186,52.291666666666664,24.936345850306346,41.0
bert,6134400,69,32.0,32.999361837906825,56.625,48.94907668024508,67.0
bert,6138000,53,34.07692307692308,33.02232142857143,56.708333333333336,52.959261344196065,50.0
bert,6141600,66,60.10769230769231,33.03505417463352,56.833333333333336,52.967409075356855,69.0
bert,6145200,32,54.06153846153846,33.056050955414015,56.708333333333336,55.57392726028549,66.0
bert,6148800,45,35.676923076923075,33.05537873965627,55.291666666666664,50.859141808228394,103.0
bert,6152400,9,29.723076923076924,33.06297709923664,52.875,49.68731344658272,70.0
bert,6156000,85,36.90769230769231,33.04767959313414,50.333333333333336,41.54985075726618,292.0
bert,6159600,187,35.69230769230769,33.08068614993647,41.708333333333336,50.23988060581294,41.0
bert,6163200,44,40.23076923076923,33.1784126984127,47.791666666666664,77.59190448465036,107.0
bert,6166800,79,35.86153846153846,33.18527918781726,45.166666666666664,70.87352358772029,69.0
bert,6170400,68,26.676923076923078,33.2143310082435,45.583333333333336,72.49881887017624,28.0
bert,6174000,7,28.015384615384615,33.23637515842839,47.25,71.599055096141,10.0
bert,6177600,15,31.23076923076923,33.219759341355285,47.125,58.6792440769128,36.0
bert,6181200,49,23.215384615384615,33.20822784810127,46.25,49.94339526153024,13.0
bert,6184800,12,21.06153846153846,33.21821631878558,47.75,49.7547162092242,18.0
bert,6188400,8,16.661538461538463,33.20480404551201,47.5,42.20377296737936,19.0
bert,6192000,39,32.707692307692305,33.18888186986734,47.041666666666664,35.363018373903486,47.0
bert,6195600,24,18.227272727272727,33.192550505050505,46.708333333333336,36.09041469912279,13.0
bert,6199200,9,13.590909090909092,33.186750788643536,47.166666666666664,33.67233175929823,11.0
bert,6202800,19,20.636363636363637,33.17150063051702,47.083333333333336,28.737865407438587,20.0
bert,6206400,18,15.075757575757576,33.16257088846881,47.041666666666664,26.790292325950873,23.0
bert,6210000,10,55.86363636363637,33.15302267002519,46.833333333333336,25.0322338607607,20.0
bert,6213600,15,56.27272727272727,33.138451856513534,46.416666666666664,22.025787088608563,22.0
bert,6217200,16,38.60606060606061,33.12704402515723,46.125,20.620629670886853,145.0
bert,6220800,43,32.56060606060606,33.116279069767444,40.75,19.69650373670948,69.0
bert,6224400,47,34.36363636363637,33.12248743718593,39.666666666666664,24.357202989367586,53.0
bert,6228000,11,60.196969696969695,33.13119899560578,39.416666666666664,28.88576239149407,66.0
bert,6231600,11,53.72727272727273,33.11731493099122,37.125,25.308609913195255,32.0
bert,6235200,28,35.81818181818182,33.10344827586207,36.25,22.446887930556205,45.0
bert,6238800,9,29.40909090909091,33.100250626566414,35.541666666666664,23.557510344444967,9.0
bert,6242400,37,37.63636363636363,33.08515967438948,35.541666666666664,20.646008275555975,85.0
bert,6246000,52,37.984848484848484,33.08760951188986,33.541666666666664,23.91680662044478,187.0
bert,6249600,36,40.28787878787879,33.09943714821764,27.916666666666668,29.53344529635583,44.0
bert,6253200,29,36.515151515151516,33.10125,27.583333333333332,30.826756237084663,79.0
bert,6256800,39,27.303030303030305,33.098688319800125,25.5,30.46140498966773,68.0
bert,6260400,27,27.696969696969695,33.1023720349563,24.291666666666668,32.16912399173418,7.0
bert,6264000,22,30.984848484848484,33.098565190268246,25.125,31.135299193387347,15.0
bert,6267600,250,23.606060606060606,33.09164588528678,25.416666666666668,29.308239354709876,49.0
bert,6271200,29,20.924242424242426,33.22679127725857,33.791666666666664,73.4465914837679,12.0
bert,6274800,10,16.53030303030303,33.2241594022416,34.5,64.55727318701433,8.0
bert,6278400,59,32.803030303030305,33.20970752955818,34.583333333333336,53.64581854961147,39.0
bert,6282000,11,18.313432835820894,33.225746268656714,35.416666666666664,54.716654839689184,24.0
bert,6285600,15,13.522388059701493,33.211932877563704,34.875,45.973323871751354,9.0
bert,6289200,20,20.611940298507463,33.20062111801242,35.125,39.77865909740108,19.0
bert,6292800,18,15.119402985074627,33.19242706393544,35.166666666666664,35.82292727792087,18.0
bert,6296400,18,55.17910447761194,33.18300248138958,35.166666666666664,32.258341822336696,10.0
bert,6300000,29,55.656716417910445,33.17358958462492,35.5,29.40667345786936,15.0
bert,6303600,48,38.26865671641791,33.17100371747212,36.083333333333336,29.32533876629549,16.0
bert,6307200,31,32.71641791044776,33.18018575851393,37.416666666666664,33.0602710130364,43.0
bert,6310800,33,34.55223880597015,33.178836633663366,36.916666666666664,32.64821681042912,47.0
bert,6314400,14,59.46268656716418,33.17872603586889,36.333333333333336,32.7185734483433,11.0
bert,6318000,21,53.08955223880597,33.166872682323856,36.458333333333336,28.974858758674642,11.0
bert,6321600,13,35.701492537313435,33.15935762816554,36.875,27.379887006939715,28.0
bert,6325200,11,29.104477611940297,33.14691358024692,36.25,24.503909605551776,9.0
bert,6328800,10,37.62686567164179,33.1332510795805,36.333333333333336,21.80312768444142,37.0
bert,6332400,27,38.19402985074627,33.11898890258939,35.208333333333336,19.44250214755314,52.0
bert,6336000,43,40.223880597014926,33.11521873074553,34.166666666666664,20.954001718042512,36.0
bert,6339600,13,36.40298507462686,33.12130541871921,34.458333333333336,25.363201374434013,29.0
bert,6343200,18,27.47761194029851,33.10892307692308,33.791666666666664,22.890561099547213,39.0
bert,6346800,8,27.686567164179106,33.09963099630996,32.916666666666664,21.912448879637772,27.0
bert,6350400,13,30.850746268656717,33.084204056545786,32.125,19.12995910371022,22.0
bert,6354000,251,26.98507462686567,33.07186732186732,31.75,17.90396728296818,250.0
bert,6357600,18,21.044776119402986,33.20564763658686,31.791666666666668,64.52317382637455,29.0
bert,6361200,28,16.432835820895523,33.19631901840491,31.333333333333332,55.21853906109964,10.0
bert,6364800,44,33.19402985074627,33.1931330472103,32.083333333333336,49.774831248879714,59.0
bert,6368400,18,18.205882352941178,33.19975490196079,31.458333333333332,48.61986499910377,11.0
bert,6372000,25,13.544117647058824,33.190447030006126,31.75,42.49589199928302,15.0
bert,6375600,17,20.602941176470587,33.18543451652387,32.166666666666664,38.996713599426414,20.0
bert,6379200,18,15.161764705882353,33.175535168195715,32.041666666666664,34.59737087954113,18.0
bert,6382800,13,54.63235294117647,33.16625916870416,32.041666666666664,31.27789670363291,18.0
bert,6386400,30,55.26470588235294,33.15394013439218,31.833333333333332,27.62231736290633,29.0
bert,6390000,41,38.411764705882355,33.15201465201465,31.875,28.097853890325066,48.0
bert,6393600,53,32.69117647058823,33.15680292861501,31.583333333333332,30.678283112260054,31.0
bert,6397200,16,34.529411764705884,33.16890243902439,32.5,35.142626489808045,33.0
bert,6400800,24,58.794117647058826,33.15843997562462,31.791666666666668,31.314101191846436,14.0
bert,6404400,57,52.61764705882353,33.15286236297199,32.208333333333336,29.85128095347715,21.0
bert,6408000,10,35.36764705882353,33.16737674984784,33.708333333333336,35.28102476278172,13.0
bert,6411600,8,28.83823529411765,33.153284671532845,33.583333333333336,30.224819810225377,11.0
bert,6415200,65,37.220588235294116,33.13799392097265,33.458333333333336,25.779855848180304,10.0
bert,6418800,44,38.029411764705884,33.15735115431349,35.75,33.62388467854424,27.0
bert,6422400,22,40.26470588235294,33.16393442622951,36.458333333333336,35.699107742835395,43.0
bert,6426000,17,36.05882352941177,33.15716019417476,35.583333333333336,32.959286194268316,13.0
bert,6429600,13,27.33823529411765,33.14736203759855,35.75,29.76742895541465,18.0
bert,6433200,10,27.397058823529413,33.13515151515151,35.541666666666664,26.413943164331723,8.0
bert,6436800,15,30.58823529411765,33.121138703815866,35.625,23.13115453146538,13.0
bert,6440400,10,30.279411764705884,33.110169491525426,35.708333333333336,21.504923625172307,251.0
bert,6444000,8,21.0,33.0961887477314,25.666666666666668,19.203938900137846,18.0
bert,6447600,41,16.602941176470587,33.081015719467956,25.25,16.96315112011028,28.0
ctr,3470400,34,18.029411764705884,8.92019347037485,15.708333333333334,42.18422341736176,22.0
ctr,3474000,186,13.470588235294118,8.95048309178744,16.208333333333332,40.5473787338894,1.0
ctr,3477600,111,8.617647058823529,9.164053075995175,23.916666666666668,69.63790298711152,0.0
ctr,3481200,271,17.0,9.286746987951807,28.541666666666668,77.91032238968921,12.0
ctr,3484800,412,11.264705882352942,9.601684717208183,39.333333333333336,116.52825791175138,28.0
ctr,3488400,308,14.882352941176471,10.085336538461538,55.333333333333336,175.62260632940112,34.0
ctr,3492000,381,5.352941176470588,10.44297719087635,66.75,202.0980850635209,4.0
ctr,3495600,385,4.970588235294118,10.887290167865707,82.45833333333333,237.8784680508167,6.0
ctr,3499200,134,8.764705882352942,11.335329341317365,98.25,267.30277444065337,35.0
ctr,3502800,0,9.558823529411764,11.482057416267942,102.375,240.6422195525227,0.0
ctr,3506400,23,4.411764705882353,11.468339307048984,102.375,192.51377564201817,1.0
ctr,3510000,5,3.4411764705882355,11.482100238663485,103.29166666666667,158.61102051361453,0.0
ctr,3513600,4,7.735294117647059,11.474374255065554,103.5,127.88881641089164,0.0
ctr,3517200,5,9.085714285714285,11.46547619047619,103.66666666666667,103.11105312871331,7.0
ctr,3520800,6,3.2857142857142856,11.457788347205707,103.58333333333333,83.48884250297066,0.0
ctr,3524400,1,1.7142857142857142,11.451306413301662,103.83333333333333,67.99107400237654,0.0
ctr,3528000,0,5.228571428571429,11.438908659549229,103.875,54.592859201901234,0.0
ctr,3531600,3,5.0,11.425355450236967,103.875,43.67428736152099,0.0
ctr,3535200,0,4.114285714285714,11.415384615384616,104.0,35.53942988921679,0.0
ctr,3538800,0,4.771428571428571,11.401891252955084,104.0,28.431543911373435,0.0
ctr,3542400,0,7.571428571428571,11.388429752066116,104.0,22.74523512909875,11.0
ctr,3546000,27,12.571428571428571,11.375,103.54166666666667,18.196188103279,36.0
ctr,3549600,41,6.857142857142857,11.393404004711424,103.16666666666667,19.9569504826232,8.0
ctr,3553200,30,26.714285714285715,11.428235294117647,104.54166666666667,24.165560386098562,172.0
ctr,3556800,62,18.485714285714284,11.45005875440658,98.625,25.332448308878853,34.0
ctr,3560400,32,18.4,11.509389671361502,99.79166666666667,32.66595864710308,186.0
ctr,3564000,10,11.542857142857143,11.533411488862837,93.375,32.532766917682466,111.0
ctr,3567600,4,24.257142857142856,11.531615925058547,89.16666666666667,28.026213534145974,271.0
ctr,3571200,3,22.714285714285715,11.52280701754386,78.04166666666667,23.22097082731678,412.0
ctr,3574800,34,23.257142857142856,11.51285046728972,61.0,19.176776661853427,308.0
ctr,3578400,6,16.085714285714285,11.539089848308052,49.583333333333336,22.141421329482743,381.0
ctr,3582000,1,15.82857142857143,11.532634032634032,33.958333333333336,18.913137063586195,385.0
ctr,3585600,25,12.342857142857143,11.520372526193247,17.958333333333332,15.330509650868956,134.0
ctr,3589200,35,9.285714285714286,11.536046511627907,13.416666666666666,17.264407720695168,0.0
ctr,3592800,5,4.942857142857143,11.563298490127758,14.875,20.811526176556136,23.0
ctr,3596400,46,3.4857142857142858,11.555684454756381,14.125,17.64922094124491,5.0
ctr,3600000,11,7.628571428571429,11.595596755504056,15.833333333333334,23.31937675299593,4.0
ctr,3603600,30,8.972222222222221,11.594907407407407,16.125,20.855501402396744,5.0
ctr,3607200,8,3.361111111111111,11.616184971098265,17.166666666666668,22.684401121917396,6.0
ctr,3610800,2,1.6944444444444444,11.612009237875288,17.25,19.74752089753392,1.0
ctr,3614400,38,5.083333333333333,11.600922722029988,17.291666666666668,16.198016718027137,0.0
ctr,3618000,142,4.944444444444445,11.631336405529954,18.875,20.55841337442171,3.0
ctr,3621600,74,4.0,11.781357882623706,24.666666666666668,44.846730699537375,0.0
ctr,3625200,21,4.638888888888889,11.85287356321839,27.75,50.6773845596299,0.0
ctr,3628800,17,7.361111111111111,11.863375430539609,28.625,44.741907647703925,0.0
ctr,3632400,15,12.972222222222221,11.869266055045872,29.333333333333332,39.19352611816314,27.0
ctr,3636000,67,7.805555555555555,11.872852233676976,28.833333333333332,34.35482089453052,41.0
ctr,3639600,231,26.805555555555557,11.935926773455378,29.916666666666668,40.88385671562442,30.0
ctr,3643200,9,19.694444444444443,12.186285714285715,38.291666666666664,78.90708537249954,62.0
ctr,3646800,0,18.77777777777778,12.182648401826484,36.083333333333336,64.92566829799964,32.0
ctr,3650400,24,11.5,12.168757126567845,34.75,51.94053463839971,10.0
ctr,3654000,337,23.694444444444443,12.182232346241458,35.333333333333336,46.352427710719766,4.0
ctr,3657600,41,22.166666666666668,12.551763367463026,49.208333333333336,104.48194216857581,3.0
ctr,3661200,184,23.555555555555557,12.584090909090909,50.791666666666664,91.78555373486066,34.0
ctr,3664800,30,15.805555555555555,12.778660612939841,57.041666666666664,110.22844298788854,6.0
ctr,3668400,23,15.416666666666666,12.798185941043084,58.041666666666664,94.18275439031083,1.0
ctr,3672000,136,12.694444444444445,12.80973952434881,58.958333333333336,79.94620351224866,25.0
ctr,3675600,36,10.0,12.949095022624434,63.583333333333336,91.15696280979893,35.0
ctr,3679200,73,4.944444444444445,12.975141242937854,63.625,80.12557024783915,5.0
ctr,3682800,20,4.666666666666667,13.042889390519187,66.45833333333333,78.70045619827133,46.0
ctr,3686400,5,7.722222222222222,13.050732807215333,65.375,66.96036495861706,11.0
ctr,3690000,15,9.54054054054054,13.041666666666666,65.125,54.56829196689365,30.0
ctr,3693600,7,3.4864864864864864,13.043869516310462,64.5,46.65463357351493,8.0
ctr,3697200,0,1.7027027027027026,13.037078651685393,64.45833333333333,38.723706858811944,2.0
ctr,3700800,0,5.972972972972973,13.022446689113355,64.375,30.978965487049557,38.0
ctr,3704400,29,8.64864864864865,13.007847533632287,62.791666666666664,24.783172389639645,142.0
ctr,3708000,3,5.891891891891892,13.02575587905935,58.083333333333336,25.62653791171172,74.0
ctr,3711600,17,5.081081081081081,13.01454138702461,55.125,21.10123032936938,21.0
ctr,3715200,8,7.621621621621622,13.018994413407821,54.958333333333336,20.280984263495505,17.0
ctr,3718800,38,13.027027027027026,13.013392857142858,54.583333333333336,17.824787410796407,15.0
ctr,3722400,30,9.405405405405405,13.041248606465997,55.541666666666664,21.859829928637126,67.0
ctr,3726000,159,32.32432432432432,13.060133630289533,54.0,23.4878639429097,231.0
ctr,3729600,92,19.405405405405407,13.222469410456062,51.0,50.59029115432776,9.0
ctr,3733200,4,18.27027027027027,13.31,54.458333333333336,58.87223292346221,0.0
ctr,3736800,19,11.837837837837839,13.299667036625971,54.625,47.89778633876976,24.0
ctr,3740400,38,32.16216216216216,13.3059866962306,54.416666666666664,42.11822907101581,337.0
ctr,3744000,147,22.675675675675677,13.333333333333334,41.958333333333336,41.29458325681265,41.0
ctr,3747600,72,27.89189189189189,13.481194690265486,46.375,62.43566660545012,184.0
ctr,3751200,22,16.18918918918919,13.54585635359116,41.708333333333336,64.3485332843601,30.0
ctr,3754800,0,15.621621621621621,13.555187637969095,41.375,55.87882662748808,23.0
ctr,3758400,0,16.027027027027028,13.540242557883131,40.416666666666664,44.703061301990466,136.0
ctr,3762000,1,10.702702702702704,13.525330396475772,34.75,35.762449041592376,36.0
ctr,3765600,0,6.783783783783784,13.511551155115512,33.291666666666664,28.8099592332739,73.0
ctr,3769200,0,5.081081081081081,13.496703296703297,30.25,23.04796738661912,20.0
ctr,3772800,3,7.648648648648648,13.481888035126236,29.416666666666668,18.438373909295297,5.0
ctr,3776400,10,9.68421052631579,13.470394736842104,29.333333333333332,15.350699127436238,15.0
ctr,3780000,6,3.5789473684210527,13.46659364731654,29.125,14.28055930194899,7.0
ctr,3783600,0,1.6578947368421053,13.458424507658643,29.083333333333332,12.624447441559195,0.0
ctr,3787200,0,5.815789473684211,13.443715846994536,29.083333333333332,10.099557953247356,0.0
ctr,3790800,0,9.18421052631579,13.429039301310043,29.083333333333332,8.079646362597884,29.0
ctr,3794400,0,5.815789473684211,13.414394765539804,27.875,6.463717090078308,3.0
ctr,3798000,0,5.394736842105263,13.399782135076252,27.75,5.170973672062647,17.0
ctr,3801600,0,7.631578947368421,13.385201305767138,27.041666666666668,4.136778937650118,8.0
ctr,3805200,30,13.68421052631579,13.370652173913044,26.708333333333332,3.309423150120095,38.0
ctr,3808800,40,9.947368421052632,13.388707926167209,26.375,8.647538520096075,30.0
ctr,3812400,12,35.6578947368421,13.417570498915401,26.791666666666668,14.918030816076861,159.0
ctr,3816000,17,21.31578947368421,13.416034669555795,20.666666666666668,14.33442465286149,92.0
ctr,3819600,25,17.894736842105264,13.41991341991342,17.541666666666668,14.867539722289193,4.0
ctr,3823200,25,12.026315789473685,13.432432432432432,18.416666666666668,16.894031777831355,19.0
ctr,3826800,0,32.31578947368421,13.444924406047516,18.666666666666668,18.515225422265082,38.0
ctr,3830400,0,25.94736842105263,13.43042071197411,17.083333333333332,14.812180337812066,147.0
ctr,3834000,0,29.05263157894737,13.41594827586207,10.958333333333334,11.849744270249653,72.0
ctr,3837600,0,16.342105263157894,13.40150699677072,7.958333333333333,9.479795416199723,22.0
ctr,3841200,0,15.210526315789474,13.387096774193548,7.041666666666667,7.583836332959779,0.0
ctr,3844800,0,15.605263157894736,13.372717508055853,7.041666666666667,6.067069066367823,0.0
ctr,3848400,0,10.447368421052632,13.358369098712446,7.041666666666667,4.853655253094259,1.0
ctr,3852000,0,6.605263157894737,13.344051446945338,7.0,3.8829242024754076,0.0
ctr,3855600,0,4.947368421052632,13.329764453961456,7.0,3.1063393619803263,0.0
ctr,3859200,1,7.526315789473684,13.315508021390375,7.0,2.485071489584261,3.0
ctr,3862800,12,9.692307692307692,13.302350427350428,6.916666666666667,2.188057191667409,10.0
ctr,3866400,2,3.641025641025641,13.300960512273212,7.0,4.150445753333928,6.0
ctr,3870000,0,1.6153846153846154,13.288912579957357,6.833333333333333,3.7203566026671426,0.0
ctr,3873600,0,5.666666666666667,13.274760383386582,6.833333333333333,2.9762852821337145,0.0
ctr,3877200,25,8.948717948717949,13.26063829787234,6.833333333333333,2.3810282257069715,0.0
ctr,3880800,0,5.666666666666667,13.273113708820404,7.875,6.904822580565577,0.0
ctr,3884400,0,5.256410256410256,13.259023354564755,7.875,5.523858064452462,0.0
ctr,3888000,0,7.435897435897436,13.244962884411454,7.875,4.419086451561969,0.0
ctr,3891600,14,14.102564102564102,13.23093220338983,7.875,3.5352691612495755,30.0
ctr,3895200,14,10.717948717948717,13.231746031746031,7.208333333333333,5.62821532899966,40.0
ctr,3898800,48,35.05128205128205,13.232558139534884,6.125,7.302572263199728,12.0
ctr,3902400,0,21.205128205128204,13.269271383315735,7.625,15.442057810559785,17.0
ctr,3906000,0,18.076923076923077,13.255274261603375,6.916666666666667,12.353646248447829,25.0
ctr,3909600,1,12.35897435897436,13.241306638566913,5.875,9.882916998758263,25.0
ctr,3913200,0,31.487179487179485,13.228421052631578,4.875,8.10633359900661,0.0
ctr,3916800,0,25.28205128205128,13.214511041009464,4.875,6.485066879205289,0.0
ctr,3920400,0,28.307692307692307,13.20063025210084,4.875,5.188053503364231,0.0
ctr,3924000,12,15.923076923076923,13.186778593913957,4.875,4.150442802691385,0.0
ctr,3927600,0,14.820512820512821,13.185534591194969,5.375,5.720354242153109,0.0
ctr,3931200,1,15.205128205128204,13.171727748691099,5.375,4.576283393722487,0.0
ctr,3934800,0,10.179487179487179,13.158995815899582,5.416666666666667,3.8610267149779895,0.0
ctr,3938400,0,6.435897435897436,13.145245559038662,5.416666666666667,3.088821371982392,0.0
ctr,3942000,0,4.82051282051282,13.13152400835073,5.416666666666667,2.4710570975859136,0.0
ctr,3945600,2,7.358974358974359,13.117831074035454,5.416666666666667,1.976845678068731,1.0
ctr,3949200,12,9.75,13.10625,5.458333333333333,1.9814765424549847,12.0
ctr,3952800,4,3.6,13.105098855359001,5.458333333333333,3.9851812339639885,2.0
ctr,3956400,0,1.575,13.095634095634095,5.541666666666667,3.988144987171191,0.0
ctr,3960000,0,5.525,13.082035306334372,5.541666666666667,3.1905159897369533,0.0
ctr,3963600,0,9.35,13.068464730290456,5.541666666666667,2.5524127917895627,25.0
ctr,3967200,0,5.525,13.054922279792747,4.5,2.0419302334316503,0.0
ctr,3970800,0,5.125,13.041407867494824,4.5,1.6335441867453202,0.0
ctr,3974400,0,7.25,13.027921406411583,4.5,1.3068353493962563,0.0
ctr,3978000,0,14.1,13.014462809917354,4.5,1.0454682795170052,14.0
ctr,3981600,1,10.8,13.001031991744066,3.9166666666666665,0.8363746236136042,14.0
ctr,3985200,5,35.375,12.988659793814433,3.375,0.8690996988908835,48.0
ctr,3988800,13,20.675,12.980432543769309,1.5833333333333333,1.6952797591127067,0.0
ctr,3992400,75,17.625,12.98045267489712,2.125,3.9562238072901654,0.0
ctr,3996000,24,12.075,13.044193216855087,5.25,18.164979045832133,1.0
ctr,3999600,7,30.7,13.055441478439425,6.208333333333333,19.331983236665707,0.0
ctr,4003200,55,24.65,13.04923076923077,6.5,16.865586589332565,0.0
ctr,4006800,4,27.6,13.092213114754099,8.791666666666666,24.492469271466053,0.0
ctr,4010400,46,15.825,13.082906857727737,8.958333333333334,20.393975417172843,12.0
ctr,4014000,61,14.45,13.116564417177914,10.375,25.51518033373828,0.0
ctr,4017600,29,14.85,13.165474974463738,12.916666666666666,32.612144266990626,1.0
ctr,4021200,33,9.925,13.181632653061225,14.083333333333334,31.8897154135925,0.0
ctr,4024800,23,6.275,13.20183486238532,15.458333333333334,32.111772330874004,0.0
ctr,4028400,11,4.7,13.211812627291243,16.416666666666668,30.289417864699207,0.0
ctr,4032000,1,7.225,13.209562563580874,16.875,26.431534291759366,2.0
ctr,4035600,12,9.804878048780488,13.197154471544716,16.833333333333332,21.345227433407494,12.0
ctr,4039200,5,3.6097560975609757,13.195939086294416,16.833333333333332,19.476181946725994,4.0
ctr,4042800,0,1.5365853658536586,13.187626774847871,16.875,16.580945557380794,0.0
ctr,4046400,0,5.390243902439025,13.174265450861196,16.875,13.264756445904636,0.0
ctr,4050000,0,9.121951219512194,13.160931174089068,16.875,10.61180515672371,0.0
ctr,4053600,0,5.390243902439025,13.147623862487361,16.875,8.489444125378968,0.0
ctr,4057200,0,5.0,13.134343434343434,16.875,6.791555300303175,0.0
ctr,4060800,0,7.073170731707317,13.121089808274471,16.875,5.433244240242541,0.0
ctr,4064400,0,13.75609756097561,13.107862903225806,16.875,4.346595392194033,0.0
ctr,4068000,0,10.560975609756097,13.094662638469284,16.875,3.477276313755226,1.0
ctr,4071600,27,34.63414634146341,13.08148893360161,16.833333333333332,2.781821051004181,5.0
ctr,4075200,6,20.48780487804878,13.095477386934673,17.75,7.625456840803345,13.0
ctr,4078800,25,19.024390243902438,13.088353413654618,17.458333333333332,7.300365472642676,75.0
ctr,4082400,9,12.365853658536585,13.100300902708124,15.375,10.840292378114142,24.0
ctr,4086000,64,30.121951219512194,13.09619238476954,14.75,10.472233902491315,7.0
ctr,4089600,65,25.390243902439025,13.147147147147146,17.125,21.177787121993052,55.0
ctr,4093200,42,27.024390243902438,13.199,17.541666666666668,29.942229697594442,4.0
ctr,4096800,3,16.5609756097561,13.227772227772228,19.125,32.35378375807556,46.0
ctr,4100400,0,15.585365853658537,13.217564870259482,17.333333333333332,26.48302700646045,61.0
ctr,4104000,1,15.195121951219512,13.204386839481556,14.791666666666666,21.186421605168363,29.0
ctr,4107600,0,10.487804878048781,13.192231075697212,13.625,17.14913728413469,33.0
ctr,4111200,1,6.682926829268292,13.17910447761194,12.25,13.719309827307752,23.0
ctr,4114800,1,4.853658536585366,13.16699801192843,11.333333333333334,11.175447861846202,11.0
ctr,4118400,4,7.073170731707317,13.154915590863952,10.916666666666666,9.14035828947696,1.0
ctr,4122000,14,9.857142857142858,13.145833333333334,11.041666666666666,8.112286631581568,12.0
ctr,4125600,1,3.642857142857143,13.146679881070368,11.125,9.289829305265256,5.0
ctr,4129200,0,1.5,13.134653465346535,10.958333333333334,7.631863444212205,0.0
ctr,4132800,0,5.261904761904762,13.12166172106825,10.958333333333334,6.105490755369765,0.0
ctr,4136400,0,8.904761904761905,13.108695652173912,10.958333333333334,4.884392604295812,0.0
ctr,4140000,1,5.261904761904762,13.095755182625863,10.958333333333334,3.9075140834366495,0.0
ctr,4143600,0,4.880952380952381,13.083826429980276,11.0,3.32601126674932,0.0
ctr,4147200,0,6.904761904761905,13.070935960591132,11.0,2.660809013399456,0.0
ctr,4150800,0,13.428571428571429,13.058070866141732,11.0,2.128647210719565,0.0
ctr,4154400,11,10.30952380952381,13.045231071779744,11.0,1.702917768575652,0.0
ctr,4158000,4,34.45238095238095,13.043222003929273,11.458333333333334,3.562334214860522,27.0
ctr,4161600,14,20.142857142857142,13.034347399411187,10.5,3.6498673718884183,6.0
ctr,4165200,89,19.166666666666668,13.035294117647059,10.833333333333334,5.719893897510735,25.0
ctr,4168800,11,12.285714285714286,13.10969637610186,13.5,22.37591511800859,9.0
ctr,4172400,25,30.928571428571427,13.107632093933464,13.583333333333334,20.100732094406872,64.0
ctr,4176000,0,26.333333333333332,13.119257086999022,11.958333333333334,21.080585675525498,65.0
ctr,4179600,1,27.38095238095238,13.1064453125,9.25,16.8644685404204,42.0
ctr,4183200,71,16.238095238095237,13.094634146341463,7.541666666666667,13.69157483233632,3.0
ctr,4186800,10,15.214285714285714,13.151072124756336,10.375,25.15325986586906,0.0
ctr,4190400,14,14.857142857142858,13.148003894839338,10.791666666666666,22.12260789269525,1.0
ctr,4194000,7,10.238095238095237,13.148832684824903,11.333333333333334,20.4980863141562,0.0
ctr,4197600,1,6.5476190476190474,13.142857142857142,11.625,17.79846905132496,1.0
ctr,4201200,1,4.761904761904762,13.131067961165048,11.625,14.438775241059968,1.0
ctr,4204800,3,7.0,13.119301648884578,11.625,11.751020192847974,4.0
ctr,4208400,14,9.953488372093023,13.109496124031008,11.583333333333334,10.000816154278379,14.0
ctr,4212000,4,3.5813953488372094,13.110358180058084,11.583333333333334,10.800652923422705,1.0
ctr,4215600,1,1.4651162790697674,13.101547388781432,11.708333333333334,9.440522338738164,0.0
ctr,4219200,1,5.1395348837209305,13.089855072463768,11.75,7.752417870990532,0.0
ctr,4222800,0,8.69767441860465,13.078185328185327,11.791666666666666,6.401934296792426,0.0
ctr,4226400,17,5.162790697674419,13.065573770491802,11.791666666666666,5.121547437433941,1.0
ctr,4230000,0,4.767441860465116,13.06936416184971,12.458333333333334,7.497237949947153,0.0
ctr,4233600,2,6.744186046511628,13.056785370548605,12.458333333333334,5.9977903599577225,0.0
ctr,4237200,7,13.116279069767442,13.046153846153846,12.541666666666666,5.198232287966179,0.0
ctr,4240800,38,10.325581395348838,13.040345821325648,12.833333333333334,5.558585830372944,11.0
ctr,4244400,16,33.74418604651163,13.064299424184261,13.958333333333334,12.046868664298355,4.0
ctr,4248000,13,20.0,13.06711409395973,14.458333333333334,12.837494931438684,14.0
ctr,4251600,20,20.790697674418606,13.067049808429118,14.416666666666666,12.869995945150947,89.0
ctr,4255200,10,12.255813953488373,13.073684210526316,11.541666666666666,14.295996756120758,11.0
ctr,4258800,42,30.790697674418606,13.070745697896749,11.5,13.436797404896607,25.0
ctr,4262400,14,25.72093023255814,13.098376313276027,12.208333333333334,19.149437923917286,0.0
ctr,4266000,29,26.767441860465116,13.099236641221374,12.791666666666666,18.11955033913383,1.0
ctr,4269600,0,17.511627906976745,13.114394661582459,13.958333333333334,20.295640271307064,71.0
ctr,4273200,9,15.093023255813954,13.101904761904763,11.0,16.236512217045654,10.0
ctr,4276800,2,14.837209302325581,13.098001902949571,10.958333333333334,14.789209773636525,14.0
ctr,4280400,18,10.162790697674419,13.087452471482889,10.458333333333334,12.231367818909222,7.0
ctr,4284000,4,6.4186046511627906,13.092117758784426,10.916666666666666,13.385094255127377,1.0
ctr,4287600,7,4.674418604651163,13.08349146110057,11.041666666666666,11.508075404101904,1.0
ctr,4291200,1,6.906976744186046,13.077725118483412,11.291666666666666,10.606460323281524,3.0
ctr,4294800,10,10.045454545454545,13.066287878787879,11.208333333333334,8.68516825862522,14.0
ctr,4298400,2,3.590909090909091,13.063386944181646,11.041666666666666,8.948134606900176,4.0
ctr,4302000,3,1.4545454545454546,13.052930056710775,10.958333333333334,7.558507685520142,1.0
ctr,4305600,0,5.045454545454546,13.043437204910292,11.041666666666666,6.646806148416113,1.0
ctr,4309200,19,8.5,13.031132075471698,11.0,5.317444918732891,0.0
ctr,4312800,17,5.431818181818182,13.036757775683318,11.791666666666666,8.053955934986313,17.0
ctr,4316400,0,4.659090909090909,13.040489642184557,11.791666666666666,9.84316474798905,0.0
ctr,4320000,3,6.636363636363637,13.028222013170273,11.791666666666666,7.87453179839124,2.0
ctr,4323600,17,12.977272727272727,13.018796992481203,11.833333333333334,6.899625438712993,7.0
ctr,4327200,12,10.954545454545455,13.022535211267606,12.25,8.919700350970395,38.0
ctr,4330800,14,33.34090909090909,13.02157598499062,11.166666666666666,9.535760280776316,16.0
ctr,4334400,8,19.84090909090909,13.02249297094658,11.083333333333334,10.428608224621053,13.0
ctr,4338000,23,20.772727272727273,13.017790262172285,10.875,9.942886579696843,20.0
ctr,4341600,7,12.204545454545455,13.027128157156222,11.0,12.554309263757474,10.0
ctr,4345200,3,31.045454545454547,13.021495327102803,10.875,11.44344741100598,42.0
ctr,4348800,56,25.454545454545453,13.012138188608777,9.25,9.754757928804784,14.0
ctr,4352400,32,26.818181818181817,13.052238805970148,11.0,19.003806343043827,29.0
ctr,4356000,3,17.113636363636363,13.069897483690587,11.125,21.603045074435062,0.0
ctr,4359600,19,14.954545454545455,13.060521415270019,11.25,17.882436059548052,9.0
ctr,4363200,11,14.545454545454545,13.066046511627906,11.666666666666666,18.10594884763844,2.0
ctr,4366800,8,10.340909090909092,13.064126394052044,12.041666666666666,16.684759078110755,18.0
ctr,4370400,6,6.363636363636363,13.059424326833797,11.625,14.947807262488604,4.0
ctr,4374000,13,4.7272727272727275,13.052875695732839,11.708333333333334,13.158245809990884,7.0
ctr,4377600,4,6.7727272727272725,13.052826691380908,11.958333333333334,13.126596647992708,1.0
ctr,4381200,8,10.044444444444444,13.044444444444444,12.083333333333334,11.301277318394167,10.0
ctr,4384800,10,3.5555555555555554,13.03977798334875,12.0,10.641021854715333,2.0
ctr,4388400,1,1.488888888888889,13.036968576709796,12.333333333333334,10.512817483772267,3.0
ctr,4392000,3,4.933333333333334,13.025854108956603,12.25,8.610253987017813,0.0
ctr,4395600,7,8.733333333333333,13.01660516605166,12.375,7.488203189614252,19.0
ctr,4399200,31,5.688888888888889,13.0110599078341,11.875,7.390562551691402,17.0
ctr,4402800,3,4.555555555555555,13.027624309392266,12.458333333333334,12.11245004135312,0.0
ctr,4406400,6,6.555555555555555,13.018399264029439,12.583333333333334,10.289960033082497,3.0
ctr,4410000,18,13.066666666666666,13.011948529411764,12.708333333333334,9.431968026465999,17.0
ctr,4413600,9,10.977777777777778,13.016528925619834,12.75,11.1455744211728,12.0
ctr,4417200,14,32.91111111111111,13.012844036697247,12.625,10.71645953693824,14.0
ctr,4420800,15,19.57777777777778,13.013748854262145,12.625,11.373167629550593,8.0
ctr,4424400,13,20.822222222222223,13.015567765567766,12.916666666666666,12.098534103640475,23.0
ctr,4428000,7,12.088888888888889,13.01555352241537,12.5,12.27882728291238,7.0
ctr,4431600,25,30.42222222222222,13.010054844606946,12.5,11.223061826329905,3.0
ctr,4435200,8,26.133333333333333,13.021004566210046,13.416666666666666,13.978449461063924,56.0
ctr,4438800,3,26.933333333333334,13.016423357664234,11.416666666666666,12.782759568851139,32.0
ctr,4442400,4,16.8,13.00729261622607,10.208333333333334,10.826207655080912,3.0
ctr,4446000,0,15.044444444444444,12.999089253187615,10.25,9.460966124064731,19.0
ctr,4449600,12,14.466666666666667,12.987261146496815,9.458333333333334,7.568772899251785,11.0
ctr,4453200,3,10.28888888888889,12.986363636363636,9.5,8.455018319401429,8.0
ctr,4456800,18,6.355555555555555,12.977293369663942,9.291666666666666,7.364014655521144,6.0
ctr,4460400,4,4.911111111111111,12.98185117967332,9.791666666666666,9.491211724416916,13.0
ctr,4464000,3,6.711111111111111,12.973708068902992,9.416666666666666,8.392969379533533,4.0
ctr,4467600,8,10.0,12.964673913043478,9.375,7.314375503626826,8.0
ctr,4471200,5,3.6956521739130435,12.960180995475113,9.375,7.451500402901461,10.0
ctr,4474800,1,1.4782608695652173,12.952983725135624,9.166666666666666,6.961200322321169,1.0
ctr,4478400,17,4.891304347826087,12.942186088527553,9.166666666666666,5.768960257856936,3.0
ctr,4482000,22,8.695652173913043,12.945848375451263,9.75,8.015168206285548,7.0
ctr,4485600,8,6.239130434782608,12.954012623985573,10.375,10.812134565028439,31.0
ctr,4489200,13,4.521739130434782,12.94954954954955,9.416666666666666,10.249707652022751,3.0
ctr,4492800,15,6.543478260869565,12.949594959495949,9.833333333333334,10.799766121618202,6.0
ctr,4496400,15,13.173913043478262,12.951438848920864,10.208333333333334,11.639812897294561,18.0
ctr,4500000,5,10.934782608695652,12.953279424977538,10.083333333333334,12.311850317835649,9.0
ctr,4503600,0,32.5,12.946140035906643,9.916666666666666,10.84948025426852,14.0
ctr,4507200,1,19.47826086956522,12.934529147982063,9.333333333333334,8.679584203414818,15.0
ctr,4510800,41,20.652173913043477,12.92383512544803,8.75,7.143667362731855,13.0
ctr,4514400,3,11.978260869565217,12.948970456580126,9.916666666666666,13.914933890185486,7.0
ctr,4518000,1,30.304347826086957,12.940071556350626,9.75,11.731947112148388,25.0
ctr,4521600,0,25.73913043478261,12.929401251117069,8.75,9.58555768971871,8.0
ctr,4525200,9,26.41304347826087,12.917857142857143,8.416666666666666,7.668446151774969,3.0
ctr,4528800,7,16.52173913043478,12.91436217662801,8.666666666666666,7.934756921419975,4.0
ctr,4532400,4,14.717391304347826,12.909090909090908,8.791666666666666,7.747805537135981,0.0
ctr,4536000,9,14.41304347826087,12.901157613535174,8.958333333333334,6.998244429708785,12.0
ctr,4539600,88,10.130434782608695,12.897686832740213,8.833333333333334,7.398595543767028,3.0
ctr,4543200,39,6.608695652173913,12.964444444444444,12.375,23.518876435013624,18.0
ctr,4546800,17,4.891304347826087,12.987566607460035,13.25,26.6151011480109,4.0
ctr,4550400,8,6.630434782608695,12.991126885536824,13.791666666666666,24.69208091840872,3.0
ctr,4554000,12,9.957446808510639,12.986702127659575,14.0,21.35366473472698,8.0
ctr,4557600,5,3.723404255319149,12.985828166519044,14.166666666666666,19.482931787781588,5.0
ctr,4561200,0,1.4680851063829787,12.978761061946903,14.166666666666666,16.586345430225272,1.0
ctr,4564800,0,5.148936170212766,12.967285587975244,14.125,13.269076344180219,17.0
ctr,4568400,0,8.97872340425532,12.95583038869258,13.416666666666666,10.615261075344176,22.0
ctr,4572000,0,6.276595744680851,12.944395410414828,12.5,8.49220886027534,8.0
ctr,4575600,0,4.702127659574468,12.932980599647266,12.166666666666666,6.793767088220273,13.0
ctr,4579200,2,6.723404255319149,12.9215859030837,11.625,5.435013670576218,15.0
ctr,4582800,1,13.212765957446809,12.911971830985916,11.083333333333334,4.748010936460975,15.0
ctr,4586400,30,10.808510638297872,12.901495162708883,10.5,3.9984087491687808,5.0
ctr,4590000,58,31.80851063829787,12.916520210896309,11.541666666666666,9.198726999335024,0.0
ctr,4593600,6,19.085106382978722,12.956101843722564,13.958333333333334,18.95898159946802,1.0
ctr,4597200,22,21.085106382978722,12.95,14.166666666666666,16.367185279574418,41.0
ctr,4600800,76,11.787234042553191,12.957931638913234,13.375,17.493748223659537,3.0
ctr,4604400,50,29.680851063829788,13.013134851138354,16.416666666666668,29.19499857892763,1.0
ctr,4608000,24,25.19148936170213,13.045494313210849,18.458333333333332,33.355998863142105,0.0
ctr,4611600,54,26.04255319148936,13.05506993006993,19.458333333333332,31.484799090513686,9.0
ctr,4615200,11,16.319148936170212,13.090829694323144,21.333333333333332,35.98783927241095,7.0
ctr,4618800,57,14.48936170212766,13.089005235602095,21.5,30.990271417928763,4.0
ctr,4622400,46,14.297872340425531,13.127288578901481,23.708333333333332,36.19221713434301,9.0
ctr,4626000,44,11.787234042553191,13.155923344947736,25.25,38.153773707474414,88.0
ctr,4629600,53,7.297872340425532,13.182767624020888,23.416666666666668,39.32301896597953,39.0
ctr,4633200,0,5.148936170212766,13.217391304347826,24.0,42.058415172783626,17.0
ctr,4636800,2,6.659574468085107,13.20590790616855,23.291666666666668,33.6467321382269,8.0
ctr,4640400,9,10.0,13.196180555555555,23.041666666666668,27.317385710581522,12.0
ctr,4644000,11,3.75,13.19254119687771,22.916666666666668,23.65390856846522,5.0
ctr,4647600,0,1.4375,13.190641247833621,23.166666666666668,21.123126854772174,0.0
ctr,4651200,0,5.041666666666667,13.17922077922078,23.166666666666668,16.89850148381774,0.0
ctr,4654800,0,8.791666666666666,13.167820069204152,23.166666666666668,13.518801187054192,0.0
ctr,4658400,0,6.145833333333333,13.156439066551426,23.166666666666668,10.815040949643354,0.0
ctr,4662000,0,4.604166666666667,13.145077720207254,23.166666666666668,8.652032759714684,0.0
ctr,4665600,0,6.625,13.133735979292494,23.166666666666668,6.921626207771748,2.0
ctr,4669200,34,12.958333333333334,13.122413793103448,23.083333333333332,5.537300966217399,1.0
ctr,4672800,62,11.208333333333334,13.140396210163653,24.458333333333332,11.229840772973919,30.0
ctr,4676400,32,32.354166666666664,13.182444061962133,25.791666666666668,21.383872618379137,58.0
ctr,4680000,30,18.8125,13.198624247635426,24.708333333333332,23.50709809470331,6.0
ctr,4683600,215,21.104166666666668,13.213058419243985,25.708333333333332,24.805678475762647,22.0
ctr,4687200,32,13.125,13.3862660944206,33.75,62.84454278061012,76.0
ctr,4690800,101,30.104166666666668,13.402229845626072,31.916666666666668,56.6756342244881,50.0
ctr,4694400,70,25.166666666666668,13.477292202227934,34.041666666666664,65.54050737959048,24.0
ctr,4698000,46,26.625,13.525684931506849,35.958333333333336,66.43240590367239,54.0
ctr,4701600,50,16.208333333333332,13.553464499572284,35.625,62.345924722937916,11.0
ctr,4705200,65,15.375,13.584615384615384,37.25,59.876739778350334,57.0
ctr,4708800,30,14.958333333333334,13.628522630230572,37.583333333333336,60.90139182268027,46.0
ctr,4712400,24,12.458333333333334,13.642491467576791,36.916666666666664,54.72111345814422,44.0
ctr,4716000,63,8.25,13.651321398124468,36.083333333333336,48.576890766515376,53.0
ctr,4719600,85,5.041666666666667,13.69335604770017,36.5,51.46151261321231,0.0
ctr,4723200,19,6.5625,13.75404255319149,40.041666666666664,58.16921009056985,2.0
ctr,4726800,11,9.979591836734693,13.758503401360544,40.75,50.33536807245588,9.0
ctr,4730400,12,3.8979591836734695,13.756159728122345,40.833333333333336,42.46829445796471,11.0
ctr,4734000,2,1.4081632653061225,13.754668930390492,40.875,36.374635566371765,0.0
ctr,4737600,3,4.938775510204081,13.744698897370654,40.958333333333336,29.499708453097412,0.0
ctr,4741200,0,8.612244897959183,13.735593220338982,41.083333333333336,24.199766762477932,0.0
ctr,4744800,0,6.020408163265306,13.723962743437765,41.083333333333336,19.359813409982348,0.0
ctr,4748400,0,4.510204081632653,13.712351945854484,41.083333333333336,15.48785072798588,0.0
ctr,4752000,0,6.489795918367347,13.700760777683854,41.083333333333336,12.390280582388705,0.0
ctr,4755600,2,13.387755102040817,13.68918918918919,41.083333333333336,9.912224465910965,34.0
ctr,4759200,33,12.244897959183673,13.679324894514767,39.75,8.329779572728773,62.0
ctr,4762800,41,32.3469387755102,13.695615514333895,38.541666666666664,13.26382365818302,32.0
ctr,4766400,34,19.040816326530614,13.718618365627632,38.916666666666664,18.811058926546416,30.0
ctr,4770000,14,25.06122448979592,13.735690235690235,39.083333333333336,21.848847141237133,215.0
ctr,4773600,37,13.510204081632653,13.735912531539109,30.708333333333332,20.279077712989707,32.0
ctr,4777200,37,31.551020408163264,13.75546218487395,30.916666666666668,23.62326217039177,101.0
ctr,4780800,62,26.081632653061224,13.774979009235937,28.25,26.298609736313416,70.0
ctr,4784400,63,27.020408163265305,13.815436241610739,27.916666666666668,33.43888778905073,46.0
ctr,4788000,147,16.897959183673468,13.85666387259011,28.625,39.35111023124059,50.0
ctr,4791600,61,16.387755102040817,13.968174204355108,32.666666666666664,60.88088818499247,65.0
ctr,4795200,79,15.26530612244898,14.007531380753138,32.5,60.904710547993986,30.0
ctr,4798800,17,12.693877551020408,14.061872909698996,34.541666666666664,64.5237684383952,24.0
ctr,4802400,13,9.36734693877551,14.064327485380117,34.25,55.01901475071616,63.0
ctr,4806000,23,6.673469387755102,14.063439065108515,32.166666666666664,46.61521180057293,85.0
ctr,4809600,13,6.816326530612245,14.070892410341951,29.583333333333332,41.892169440458346,19.0
ctr,4813200,15,10.0,14.07,29.333333333333332,36.11373555236668,11.0
ctr,4816800,7,4.06,14.070774354704414,29.5,31.89098844189334,12.0
ctr,4820400,4,1.42,14.064891846921798,29.291666666666668,26.912790753514674,2.0
ctr,4824000,10,4.9,14.056525353283458,29.375,22.33023260281174,3.0
ctr,4827600,16,8.44,14.053156146179402,29.666666666666668,19.864186082249393,0.0
ctr,4831200,0,5.9,14.054771784232365,30.333333333333332,19.091348865799514,0.0
ctr,4834800,4,4.42,14.043117744610282,30.333333333333332,15.273079092639612,0.0
ctr,4838400,1,6.36,14.034797017398509,30.5,13.018463274111692,0.0
ctr,4842000,92,13.16,14.024006622516556,30.541666666666668,10.614770619289354,2.0
ctr,4845600,277,12.66,14.088502894954507,34.291666666666664,26.891816495431485,33.0
ctr,4849200,143,32.52,14.305785123966942,44.458333333333336,76.91345319634519,41.0
ctr,4852800,193,19.34,14.412056151940545,48.708333333333336,90.13076255707615,34.0
ctr,4856400,60,24.84,14.55940594059406,55.333333333333336,110.70461004566093,14.0
ctr,4860000,63,13.98,14.59686727122836,57.25,100.56368803652875,37.0
ctr,4863600,22,31.66,14.63673805601318,58.333333333333336,93.05095042922301,37.0
ctr,4867200,49,26.8,14.642798353909464,57.708333333333336,78.84076034337842,62.0
ctr,4870800,137,27.74,14.671052631578947,57.166666666666664,72.87260827470274,63.0
ctr,4874400,85,19.5,14.771569433032045,60.25,85.6980866197622,147.0
ctr,4878000,107,17.28,14.829228243021346,57.666666666666664,85.55846929580976,61.0
ctr,4881600,15,16.54,14.904840032813782,59.583333333333336,89.84677543664782,79.0
ctr,4885200,8,12.78,14.904918032786885,56.916666666666664,74.87742034931826,17.0
ctr,4888800,27,9.44,14.899262899262899,56.541666666666664,61.50193627945461,13.0
ctr,4892400,58,7.0,14.909165302782323,57.125,54.60154902356369,23.0
ctr,4896000,120,6.94,14.944399018806214,58.583333333333336,55.281239218850956,13.0
ctr,4899600,90,10.098039215686274,15.030228758169935,63.041666666666664,68.22499137508078,15.0
ctr,4903200,41,4.117647058823529,15.09142857142857,66.16666666666667,72.57999310006463,7.0
ctr,4906800,80,1.4705882352941178,15.112561174551386,67.58333333333333,66.26399448005171,4.0
ctr,4910400,62,5.0,15.165444172779136,70.75,69.01119558404136,10.0
ctr,4914000,1,8.588235294117647,15.203583061889251,72.91666666666667,67.6089564672331,16.0
ctr,4917600,11,5.784313725490196,15.192026037428803,72.29166666666667,54.287165173786484,0.0
ctr,4921200,1,4.411764705882353,15.188617886178863,72.75,45.629732139029194,4.0
ctr,4924800,3,6.254901960784314,15.177091795288383,72.625,36.70378571122336,1.0
ctr,4928400,1,14.705882352941176,15.167207792207792,72.70833333333333,29.963028568978693,92.0
ctr,4932000,38,17.84313725490196,15.155717761557177,68.91666666666667,24.170422855182956,277.0
ctr,4935600,9,34.68627450980392,15.1742301458671,58.958333333333336,26.936338284146366,143.0
ctr,4939200,3,22.745098039215687,15.169230769230769,53.375,23.349070627317094,193.0
ctr,4942800,6,25.529411764705884,15.159385113268609,45.458333333333336,19.279256501853677,60.0
ctr,4946400,1,14.941176470588236,15.151980598221504,43.208333333333336,16.623405201482942,63.0
ctr,4950000,12,31.470588235294116,15.140549273021001,40.625,13.498724161186354,22.0
ctr,4953600,60,27.235294117647058,15.138014527845037,40.208333333333336,13.198979328949084,49.0
ctr,4957200,27,29.88235294117647,15.174193548387096,40.666666666666664,22.55918346315927,137.0
ctr,4960800,4,20.784313725490197,15.18372280419017,36.083333333333336,23.447346770527417,85.0
ctr,4964400,6,19.03921568627451,15.174718196457327,32.708333333333336,19.557877416421935,107.0
ctr,4968000,10,16.50980392156863,15.16733708769107,28.5,16.84630193313755,15.0
ctr,4971600,0,12.686274509803921,15.163183279742766,28.291666666666668,15.47704154651004,8.0
ctr,4975200,15,9.784313725490197,15.151004016064258,27.958333333333332,12.381633237208034,27.0
ctr,4978800,4,8.0,15.150882825040128,27.458333333333332,12.905306589766427,58.0
ctr,4982400,7,9.156862745098039,15.141940657578187,25.208333333333332,11.124245271813143,120.0
ctr,4986000,24,11.634615384615385,15.135416666666666,20.5,10.299396217450514,90.0
ctr,4989600,29,4.826923076923077,15.142514011208966,17.75,13.039516973960412,41.0
ctr,4993200,123,2.980769230769231,15.1536,17.25,16.231613579168332,80.0
ctr,4996800,1,6.096153846153846,15.239808153477219,19.041666666666668,37.58529086333467,62.0
ctr,5000400,4,8.442307692307692,15.228434504792332,16.5,30.268232690667737,1.0
ctr,5004000,3,5.884615384615385,15.219473264166002,16.625,25.014586152534193,11.0
ctr,5007600,0,4.346153846153846,15.209728867623605,16.291666666666668,20.611668922027356,1.0
ctr,5011200,1,6.1923076923076925,15.197609561752987,16.25,16.489335137621886,3.0
ctr,5014800,20,14.442307692307692,15.186305732484076,16.166666666666668,13.39146811009751,1.0
ctr,5018400,3,18.23076923076923,15.19013524264121,16.958333333333332,14.713174488078009,38.0
ctr,5022000,7,34.19230769230769,15.180445151033386,15.5,12.370539590462407,9.0
ctr,5025600,1,22.365384615384617,15.173947577442414,15.416666666666666,11.296431672369927,3.0
ctr,5029200,0,25.153846153846153,15.162698412698413,15.333333333333334,9.23714533789594,6.0
ctr,5032800,42,14.673076923076923,15.15067406819984,15.083333333333334,7.389716270316753,1.0
ctr,5036400,2,31.096153846153847,15.171949286846276,16.791666666666668,14.311773016253403,12.0
ctr,5040000,0,27.865384615384617,15.161520190023753,16.375,11.849418413002724,60.0
ctr,5043600,3,29.826923076923077,15.149525316455696,13.875,9.479534730402179,27.0
ctr,5047200,0,20.46153846153846,15.1399209486166,12.875,8.183627784321743,4.0
ctr,5050800,0,18.78846153846154,15.127962085308058,12.708333333333334,6.5469022274573945,6.0
ctr,5054400,3,16.384615384615383,15.116022099447514,12.458333333333334,5.237521781965916,10.0
ctr,5058000,8,12.442307692307692,15.10646687697161,12.166666666666666,4.790017425572733,0.0
ctr,5061600,3,9.884615384615385,15.10086682427108,12.5,5.432013940458187,15.0
ctr,5065200,0,7.923076923076923,15.091338582677166,12.0,4.945611152366551,4.0
ctr,5068800,30,9.115384615384615,15.07946498819827,11.833333333333334,3.956488921893241,7.0
ctr,5072400,19,11.867924528301886,15.09119496855346,12.791666666666666,9.165191137514594,24.0
ctr,5076000,8,5.283018867924528,15.0942655145326,12.583333333333334,11.132152910011676,29.0
ctr,5079600,153,5.245283018867925,15.088697017268446,11.708333333333334,10.505722328009341,123.0
ctr,5083200,8,6.0,15.19686274509804,12.958333333333334,39.00457786240747,1.0
ctr,5086800,1,8.358490566037736,15.191222570532915,13.25,32.80366228992598,4.0
ctr,5090400,0,5.830188679245283,15.180109631949882,13.125,26.442929831940784,3.0
ctr,5094000,0,4.264150943396227,15.168231611893583,13.0,21.15434386555263,0.0
ctr,5097600,0,6.09433962264151,15.156372165754496,13.0,16.923475092442104,1.0
ctr,5101200,0,14.547169811320755,15.14453125,12.958333333333334,13.538780073953683,20.0
ctr,5104800,3,17.943396226415093,15.132708821233411,12.125,10.831024059162948,3.0
ctr,5108400,1,33.679245283018865,15.123244929797192,12.125,9.264819247330358,7.0
ctr,5112000,0,21.962264150943398,15.112236944660951,11.875,7.611855397864287,1.0
ctr,5115600,38,24.67924528301887,15.100467289719626,11.833333333333334,6.089484318291429,0.0
ctr,5119200,4,15.18867924528302,15.11828793774319,13.416666666666666,12.471587454633145,42.0
ctr,5122800,0,30.547169811320753,15.10964230171073,11.833333333333334,10.777269963706518,2.0
ctr,5126400,0,27.339622641509433,15.097902097902098,11.75,8.621815970965214,0.0
ctr,5130000,0,29.32075471698113,15.086180124223603,11.75,6.897452776772171,3.0
ctr,5133600,0,20.07547169811321,15.074476338246702,11.625,5.517962221417737,0.0
ctr,5137200,1,18.433962264150942,15.06279069767442,11.625,4.41436977713419,0.0
ctr,5140800,10,16.132075471698112,15.051897753679318,11.666666666666666,3.731495821707352,3.0
ctr,5144400,2,12.358490566037736,15.047987616099071,11.958333333333334,4.985196657365882,8.0
ctr,5148000,8,9.754716981132075,15.037896365042537,11.708333333333334,4.388157325892706,3.0
ctr,5151600,1,7.773584905660377,15.032457496136013,11.916666666666666,5.110525860714166,0.0
ctr,5155200,5,9.50943396226415,15.021621621621621,11.958333333333334,4.288420688571333,30.0
ctr,5158800,29,12.0,15.01388888888889,10.916666666666666,4.430736550857066,19.0
ctr,5162400,28,5.333333333333333,15.02467232074017,11.333333333333334,9.344589240685654,8.0
ctr,5166000,116,7.981481481481482,15.0346687211094,12.166666666666666,13.075671392548525,153.0
ctr,5169600,5,6.037037037037037,15.11239414934565,10.625,33.660537114038824,8.0
ctr,5173200,0,8.222222222222221,15.104615384615384,10.5,27.92842969123106,1.0
ctr,5176800,0,5.722222222222222,15.093005380476557,10.458333333333334,22.34274375298485,0.0
ctr,5180400,0,4.185185185185185,15.081413210445469,10.458333333333334,17.87419500238788,0.0
ctr,5184000,2,5.981481481481482,15.069838833461244,10.458333333333334,14.299356001910304,0.0
ctr,5187600,4,14.277777777777779,15.059815950920246,10.541666666666666,11.839484801528245,0.0
ctr,5191200,22,17.666666666666668,15.051340996168582,10.708333333333334,10.271587841222598,3.0
ctr,5194800,16,33.074074074074076,15.05666156202144,11.5,12.617270272978079,1.0
ctr,5198400,4,21.555555555555557,15.057383320581485,12.125,13.293816218382464,0.0
ctr,5202000,45,24.925925925925927,15.048929663608563,12.291666666666666,11.435052974705972,38.0
ctr,5205600,2,14.981481481481481,15.071810542398778,12.583333333333334,18.148042379764778,4.0
ctr,5209200,16,29.98148148148148,15.061832061068703,12.5,14.918433903811824,0.0
ctr,5212800,71,26.833333333333332,15.062547673531656,13.166666666666666,15.134747123049461,0.0
ctr,5216400,50,28.77777777777778,15.105182926829269,16.125,26.307797698439572,0.0
ctr,5220000,8,19.703703703703702,15.131759329779133,18.208333333333332,31.04623815875166,0.0
ctr,5223600,7,18.11111111111111,15.126331811263318,18.541666666666668,26.43699052700133,1.0
ctr,5227200,21,16.01851851851852,15.120152091254752,18.791666666666668,22.549592421601066,10.0
ctr,5230800,12,12.166666666666666,15.124620060790274,19.25,22.239673937280852,2.0
ctr,5234400,38,9.722222222222221,15.122247532270311,19.666666666666668,20.191739149824684,8.0
ctr,5238000,17,7.648148148148148,15.139605462822459,20.916666666666668,23.753391319859748,1.0
ctr,5241600,12,9.425925925925926,15.141015921152388,21.583333333333332,22.4027130558878,5.0
ctr,5245200,13,12.309090909090909,15.138636363636364,21.875,20.322170444710245,29.0
ctr,5248800,4,5.745454545454545,15.137017411052232,21.208333333333332,18.8577363557682,28.0
ctr,5252400,139,9.945454545454545,15.128593040847202,20.208333333333332,15.88618908461456,116.0
ctr,5256000,29,6.0181818181818185,15.222222222222221,21.166666666666668,40.50895126769165,5.0
ctr,5259600,0,8.072727272727272,15.23262839879154,22.166666666666668,38.20716101415333,0.0
ctr,5263200,0,5.618181818181818,15.221132075471699,22.166666666666668,30.565728811322664,0.0
ctr,5266800,0,4.109090909090909,15.209653092006032,22.166666666666668,24.452583049058134,0.0
ctr,5270400,0,5.909090909090909,15.19819140919367,22.166666666666668,19.562066439246507,2.0
ctr,5274000,8,14.090909090909092,15.186746987951807,22.083333333333332,15.649653151397207,4.0
ctr,5277600,14,17.745454545454546,15.181339352896915,22.25,14.119722521117765,22.0
ctr,5281200,16,32.763636363636365,15.180451127819548,21.916666666666668,14.095778016894213,16.0
ctr,5284800,21,21.236363636363638,15.18106686701728,21.916666666666668,14.476622413515372,4.0
ctr,5288400,15,25.29090909090909,15.185435435435435,22.625,15.781297930812297,45.0
ctr,5292000,8,14.745454545454546,15.18529632408102,21.375,15.625038344649838,2.0
ctr,5295600,78,29.727272727272727,15.179910044977511,21.625,14.10003067571987,16.0
ctr,5299200,33,27.636363636363637,15.226966292134831,24.208333333333332,26.880024540575896,71.0
ctr,5302800,99,29.163636363636364,15.240269461077844,22.625,28.10401963246072,50.0
ctr,5306400,175,19.490909090909092,15.302916978309648,24.666666666666668,42.28321570596857,8.0
ctr,5310000,94,17.90909090909091,15.422272047832585,31.625,68.82657256477486,7.0
ctr,5313600,19,16.10909090909091,15.480955937266616,35.25,73.86125805181989,21.0
ctr,5317200,40,12.163636363636364,15.48358208955224,35.166666666666664,62.88900644145591,12.0
ctr,5320800,29,10.236363636363636,15.501864280387771,36.333333333333336,58.311205153164735,38.0
ctr,5324400,4,7.818181818181818,15.511922503725783,35.958333333333336,52.44896412253179,17.0
ctr,5328000,7,9.472727272727273,15.503350707371556,35.416666666666664,42.759171298025436,12.0
ctr,5331600,90,12.321428571428571,15.49702380952381,35.208333333333336,35.60733703842035,13.0
ctr,5335200,77,5.714285714285714,15.552416356877323,38.416666666666664,46.485869630736275,4.0
ctr,5338800,10,12.25,15.598068350668647,41.458333333333336,52.58869570458902,139.0
ctr,5342400,3,6.428571428571429,15.593912397921306,36.083333333333336,44.07095656367122,29.0
ctr,5346000,0,7.928571428571429,15.584569732937686,35.0,35.856765250936974,0.0
ctr,5349600,0,5.517857142857143,15.57301704966642,35.0,28.68541220074958,0.0
ctr,5353200,12,4.035714285714286,15.561481481481481,35.0,22.948329760599666,0.0
ctr,5356800,2,5.803571428571429,15.558845299777943,35.5,20.75866380847973,0.0
ctr,5360400,2,13.982142857142858,15.548816568047338,35.583333333333336,17.006931046783784,8.0
ctr,5364000,27,17.678571428571427,15.53880266075388,35.333333333333336,14.005544837427028,14.0
ctr,5367600,58,32.464285714285715,15.547267355982274,35.875,16.604435869941625,16.0
ctr,5371200,65,21.232142857142858,15.578597785977859,37.625,24.8835486959533,21.0
ctr,5374800,20,25.107142857142858,15.61504424778761,39.458333333333336,32.90683895676264,15.0
ctr,5378400,50,14.625,15.618275607958733,39.666666666666664,30.325471165410114,8.0
ctr,5382000,171,30.589285714285715,15.64359351988218,41.416666666666664,34.26037693232809,78.0
ctr,5385600,41,27.732142857142858,15.757910228108903,45.291666666666664,61.608301545862474,33.0
ctr,5389200,54,30.410714285714285,15.776470588235295,45.625,57.486641236689984,99.0
ctr,5392800,31,22.267857142857142,15.804555473916238,43.75,56.789312989351984,175.0
ctr,5396400,9,19.267857142857142,15.815712187958884,37.75,51.63145039148159,94.0
ctr,5400000,1,16.160714285714285,15.810711665443874,34.208333333333336,43.10516031318527,19.0
ctr,5403600,2,12.660714285714286,15.799853372434018,33.458333333333336,34.68412825054822,40.0
ctr,5407200,18,10.571428571428571,15.78974358974359,31.875,28.147302600438575,29.0
ctr,5410800,21,7.75,15.791361639824304,31.416666666666668,26.11784208035086,4.0
ctr,5414400,47,9.428571428571429,15.795171909290417,32.125,25.09427366428069,7.0
ctr,5418000,27,13.68421052631579,15.817982456140351,33.791666666666664,29.47541893142455,90.0
ctr,5421600,10,6.964912280701754,15.826150474799123,31.166666666666668,28.98033514513964,77.0
ctr,5425200,29,12.210526315789474,15.821897810218978,28.375,25.184268116111713,10.0
ctr,5428800,135,6.368421052631579,15.831509846827133,29.166666666666668,25.947414492889372,3.0
ctr,5432400,3,7.7894736842105265,15.918367346938776,34.666666666666664,47.7579315943115,0.0
ctr,5436000,2,5.421052631578948,15.908958485069192,34.791666666666664,38.8063452754492,0.0
ctr,5439600,5,4.175438596491228,15.898835516739448,34.875,31.44507622035936,12.0
ctr,5443200,4,5.7368421052631575,15.89090909090909,34.583333333333336,26.156060976287492,2.0
ctr,5446800,2,13.771929824561404,15.882267441860465,34.666666666666664,21.724848781029994,2.0
ctr,5450400,31,17.842105263157894,15.872185911401598,34.666666666666664,17.779879024823995,27.0
ctr,5454000,4,32.91228070175438,15.883164005805515,34.833333333333336,20.423903219859195,58.0
ctr,5457600,3,22.0,15.87454677302393,32.583333333333336,17.139122575887356,65.0
ctr,5461200,3,25.017543859649123,15.865217391304348,30.0,14.311298060709886,20.0
ctr,5464800,86,15.24561403508772,15.85590152063722,29.291666666666668,12.04903844856791,50.0
ctr,5468400,23,33.05263157894737,15.906657018813315,30.791666666666668,26.839230758854328,171.0
ctr,5472000,36,27.964912280701753,15.9117859725235,24.625,26.071384607083466,41.0
ctr,5475600,60,30.82456140350877,15.926300578034683,24.416666666666668,28.057107685666775,54.0
ctr,5479200,43,22.42105263157895,15.95812274368231,24.666666666666668,34.445686148533426,31.0
ctr,5482800,63,19.087719298245613,15.977633477633479,25.166666666666668,36.15654891882674,9.0
ctr,5486400,52,15.894736842105264,16.01153568853641,27.416666666666668,41.5252391350614,1.0
ctr,5490000,17,12.473684210526315,16.037463976945244,29.541666666666668,43.620191308049115,2.0
ctr,5493600,55,10.701754385964913,16.038156947444204,30.166666666666668,38.296153046439294,18.0
ctr,5497200,33,7.982456140350878,16.066187050359712,31.708333333333332,41.63692243715144,21.0
ctr,5500800,12,10.087719298245615,16.078360891445005,32.208333333333336,39.909537949721155,47.0
ctr,5504400,8,13.913793103448276,16.075431034482758,30.75,34.327630359776926,27.0
ctr,5508000,18,7.017241379310345,16.069633883704235,29.958333333333332,29.062104287821544,10.0
ctr,5511600,7,12.5,16.071018651362984,30.291666666666668,26.849683430257237,29.0
ctr,5515200,127,8.586206896551724,16.06451612903226,29.375,22.87974674420579,135.0
ctr,5518800,31,7.706896551724138,16.143982808022923,29.041666666666668,43.70379739536463,3.0
ctr,5522400,0,5.362068965517241,16.1546170365068,30.208333333333332,41.16303791629171,2.0
ctr,5526000,2,4.189655172413793,16.143061516452075,30.125,32.930430333033364,5.0
ctr,5529600,10,5.706896551724138,16.132952108649036,30.0,26.74434426642669,4.0
ctr,5533200,28,13.568965517241379,16.12857142857143,30.25,23.395475413141355,2.0
ctr,5536800,14,18.06896551724138,16.137044967880087,31.333333333333332,24.316380330513088,31.0
ctr,5540400,33,32.41379310344828,16.13552068473609,30.625,22.25310426441047,4.0
ctr,5544000,44,21.67241379310345,16.147540983606557,31.833333333333332,24.40248341152838,3.0
ctr,5547600,31,24.637931034482758,16.16737891737892,33.541666666666664,28.321986729222704,3.0
ctr,5551200,40,16.46551724137931,16.177935943060497,34.708333333333336,28.857589383378166,86.0
ctr,5554800,21,32.87931034482759,16.19487908961593,32.791666666666664,31.086071506702535,23.0
ctr,5558400,27,28.103448275862068,16.19829424307036,32.708333333333336,29.06885720536203,36.0
ctr,5562000,13,31.32758620689655,16.20596590909091,32.333333333333336,28.655085764289623,60.0
ctr,5565600,51,22.775862068965516,16.203690560681334,30.375,25.5240686114317,43.0
ctr,5569200,32,19.844827586206897,16.22836879432624,30.708333333333332,30.619254889145367,63.0
ctr,5572800,10,16.517241379310345,16.23954642097803,29.416666666666668,30.895403911316293,52.0
ctr,5576400,7,12.551724137931034,16.23512747875354,27.666666666666668,26.716323129053038,17.0
ctr,5580000,9,11.46551724137931,16.228591648973815,27.25,22.77305850324243,55.0
ctr,5583600,0,8.413793103448276,16.223479490806223,25.333333333333332,20.018446802593946,33.0
ctr,5587200,5,10.120689655172415,16.21201413427562,23.958333333333332,16.014757442075158,12.0
ctr,5590800,19,13.813559322033898,16.20409604519774,23.666666666666668,13.811805953660127,8.0
ctr,5594400,9,7.203389830508475,16.2060691601976,24.125,14.849444762928103,18.0
ctr,5598000,126,12.40677966101695,16.20098730606488,23.75,13.679555810342483,7.0
ctr,5601600,49,10.59322033898305,16.278365045806908,28.708333333333332,36.14364464827399,127.0
ctr,5605200,1,8.101694915254237,16.301408450704226,25.458333333333332,38.714915718619196,31.0
ctr,5608800,7,5.271186440677966,16.29064039408867,24.208333333333332,31.171932574895358,0.0
ctr,5612400,8,4.1525423728813555,16.28410689170183,24.5,26.337546059916285,2.0
ctr,5616000,2,5.779661016949152,16.278285312719607,24.75,22.67003684793303,10.0
ctr,5619600,4,13.813559322033898,16.26825842696629,24.416666666666668,18.536029478346425,28.0
ctr,5623200,0,18.0,16.25964912280702,23.416666666666668,15.628823582677141,14.0
ctr,5626800,0,32.42372881355932,16.248246844319777,22.833333333333332,12.503058866141714,33.0
ctr,5630400,0,22.050847457627118,16.23686054660126,21.458333333333332,10.002447092913371,44.0
ctr,5634000,2,24.74576271186441,16.225490196078432,19.625,8.001957674330697,31.0
ctr,5637600,12,16.864406779661017,16.21553533939818,18.416666666666668,6.801566139464558,40.0
ctr,5641200,1,32.67796610169491,16.212587412587414,17.25,7.841252911571647,21.0
ctr,5644800,1,28.084745762711865,16.201956673654788,16.416666666666668,6.473002329257318,27.0
ctr,5648400,49,31.016949152542374,16.191340782122904,15.333333333333334,5.3784018634058555,13.0
ctr,5652000,4,23.25423728813559,16.2142358688067,16.833333333333332,14.102721490724687,51.0
ctr,5655600,4,20.050847457627118,16.205718270571825,14.875,12.082177192579751,32.0
ctr,5659200,1,16.406779661016948,16.197212543554006,13.708333333333334,10.465741754063803,10.0
ctr,5662800,0,12.457627118644067,16.186629526462397,13.333333333333334,8.572593403251043,7.0
ctr,5666400,10,11.423728813559322,16.17536534446764,13.041666666666666,6.8580747226008345,9.0
ctr,5670000,15,8.271186440677965,16.17107093184979,13.083333333333334,7.486459778080668,0.0
ctr,5673600,3,10.033898305084746,16.170257123002084,13.708333333333334,8.989167822464534,5.0
ctr,5677200,10,13.9,16.16111111111111,13.625,7.791334257971627,19.0
ctr,5680800,9,7.233333333333333,16.15683553088133,13.25,8.233067406377302,9.0
ctr,5684400,92,14.3,16.151872399445214,13.25,8.386453925101842,126.0
ctr,5688000,73,11.233333333333333,16.204435204435203,11.833333333333334,25.109163140081478,49.0
ctr,5691600,1,7.983333333333333,16.24376731301939,12.833333333333334,34.68733051206519,1.0
ctr,5695200,0,5.3,16.233217993079585,12.833333333333334,27.94986440965215,7.0
ctr,5698800,0,4.216666666666667,16.221991701244814,12.541666666666666,22.35989152772172,8.0
ctr,5702400,0,5.716666666666667,16.210780926053904,12.208333333333334,17.887913222177378,2.0
ctr,5706000,3,13.65,16.199585635359117,12.125,14.310330577741903,4.0
ctr,5709600,0,17.7,16.19047619047619,12.083333333333334,12.048264462193522,0.0
ctr,5713200,0,31.883333333333333,16.179310344827588,12.083333333333334,9.638611569754818,0.0
ctr,5716800,4,21.683333333333334,16.16815988973122,12.083333333333334,7.710889255803855,0.0
ctr,5720400,1,24.366666666666667,16.159779614325068,12.25,6.968711404643084,2.0
ctr,5724000,0,16.783333333333335,16.149346180316588,12.208333333333334,5.774969123714468,12.0
ctr,5727600,30,32.15,16.138239339752406,11.708333333333334,4.619975298971574,1.0
ctr,5731200,6,27.633333333333333,16.147766323024054,12.916666666666666,9.69598023917726,1.0
ctr,5734800,4,31.316666666666666,16.140796703296704,13.125,8.956784191341807,49.0
ctr,5738400,1,22.933333333333334,16.132463967055592,11.25,7.965427353073446,4.0
ctr,5742000,0,19.783333333333335,16.122085048010973,11.125,6.572341882458757,4.0
ctr,5745600,12,16.15,16.111034955448936,10.958333333333334,5.257873505967006,1.0
ctr,5749200,1,12.25,16.10821917808219,11.416666666666666,6.606298804773606,0.0
ctr,5752800,13,11.4,16.097878165639973,11.458333333333334,5.485039043818885,10.0
ctr,5756400,14,8.383333333333333,16.095759233926128,11.583333333333334,6.988031235055109,15.0
ctr,5760000,9,9.916666666666666,16.094326725905674,11.541666666666666,8.390424988044089,3.0
ctr,5763600,25,13.836065573770492,16.08948087431694,11.791666666666666,8.512339990435272,10.0
ctr,5767200,19,7.262295081967213,16.09556313993174,12.416666666666666,11.809871992348217,9.0
ctr,5770800,130,15.573770491803279,16.097544338335606,12.833333333333334,13.247897593878575,92.0
ctr,5774400,11,12.245901639344263,16.175187457396046,14.416666666666666,36.59831807510286,73.0
ctr,5778000,1,7.868852459016393,16.1716621253406,11.833333333333334,31.47865446008229,1.0
ctr,5781600,0,5.213114754098361,16.16133424098026,11.833333333333334,25.38292356806583,0.0
ctr,5785200,0,4.147540983606557,16.15034013605442,11.833333333333334,20.306338854452665,0.0
ctr,5788800,0,5.622950819672131,16.1393609789259,11.833333333333334,16.245071083562134,0.0
ctr,5792400,0,13.475409836065573,16.128396739130434,11.833333333333334,12.996056866849708,3.0
ctr,5796000,11,17.40983606557377,16.11744738628649,11.708333333333334,10.396845493479766,0.0
ctr,5799600,1,31.360655737704917,16.113975576662146,12.166666666666666,10.517476394783813,0.0
ctr,5803200,2,21.39344262295082,16.10372881355932,12.208333333333334,8.61398111582705,4.0
ctr,5806800,4,23.983606557377048,16.094173441734416,12.125,7.291184892661641,1.0
ctr,5810400,1,16.508196721311474,16.085985104942452,12.25,6.632947914129313,0.0
ctr,5814000,0,32.114754098360656,16.07577807848444,12.291666666666666,5.506358331303451,30.0
ctr,5817600,0,27.278688524590162,16.064908722109532,11.041666666666666,4.405086665042761,6.0
ctr,5821200,8,30.868852459016395,16.054054054054053,10.791666666666666,3.524069332034209,4.0
ctr,5824800,20,22.57377049180328,16.048615800135043,10.958333333333334,4.4192554656273675,1.0
ctr,5828400,2,19.459016393442624,16.05128205128205,11.75,7.535404372501894,0.0
ctr,5832000,19,16.081967213114755,16.041807147673634,11.833333333333334,6.428323498001516,12.0
ctr,5835600,8,12.065573770491802,16.04380053908356,12.125,8.942658798401213,1.0
ctr,5839200,0,11.426229508196721,16.038383838383837,12.416666666666666,8.754127038720972,13.0
ctr,5842800,9,8.475409836065573,16.027590847913864,11.875,7.003301630976778,14.0
ctr,5846400,6,9.901639344262295,16.022864828513786,11.666666666666666,7.402641304781422,9.0
ctr,5850000,11,14.016129032258064,16.016129032258064,11.541666666666666,7.122113043825139,25.0
ctr,5853600,9,7.451612903225806,16.012760241773,10.958333333333334,7.897690435060111,19.0
ctr,5857200,4,17.419354838709676,16.00805369127517,10.541666666666666,8.11815234804809,130.0
ctr,5860800,188,12.225806451612904,16.0,5.291666666666667,7.294521878438473,11.0
ctr,5864400,9,7.758064516129032,16.115281501340483,12.666666666666666,43.43561750275078,1.0
ctr,5868000,5,5.129032258064516,16.11051574012056,13.0,36.54849400220062,0.0
ctr,5871600,0,4.080645161290323,16.103078982597054,13.208333333333334,30.238795201760496,0.0
ctr,5875200,3,5.532258064516129,16.092307692307692,13.208333333333334,24.191036161408398,0.0
ctr,5878800,1,13.258064516129032,16.08355614973262,13.333333333333334,19.95282892912672,0.0
ctr,5882400,2,17.306451612903224,16.073480293921175,13.375,16.162263143301377,11.0
ctr,5886000,43,30.870967741935484,16.064085447263018,13.0,13.329810514641103,1.0
ctr,5889600,158,21.080645161290324,16.082054703135423,14.75,19.263848411712885,2.0
ctr,5893200,40,23.661290322580644,16.176666666666666,21.25,47.01107872937031,4.0
ctr,5896800,31,16.258064516129032,16.192538307794802,22.75,45.60886298349625,1.0
ctr,5900400,41,31.596774193548388,16.202396804260985,24.0,42.687090386797,0.0
ctr,5904000,30,26.838709677419356,16.218895542248834,25.708333333333332,42.34967230943761,0.0
ctr,5907600,8,30.5,16.2280585106383,26.958333333333332,39.87973784755009,8.0
ctr,5911200,25,22.532258064516128,16.222591362126245,26.958333333333332,33.50379027804007,20.0
ctr,5914800,13,19.177419354838708,16.228419654714475,27.166666666666668,31.80303222243206,2.0
ctr,5918400,4,16.129032258064516,16.226277372262775,27.625,28.04242577794565,19.0
ctr,5922000,4,12.0,16.21816976127321,27.0,23.23394062235652,8.0
ctr,5925600,6,11.241935483870968,16.210072895957587,26.833333333333332,19.387152497885218,0.0
ctr,5929200,9,8.483870967741936,16.203311258278145,27.083333333333332,16.709721998308176,9.0
ctr,5932800,1,9.838709677419354,16.198544010589014,27.083333333333332,15.167777598646541,6.0
ctr,5936400,7,13.968253968253968,16.188492063492063,26.875,12.334222078917232,11.0
ctr,5940000,5,7.476190476190476,16.182419035029742,26.708333333333332,11.267377663133788,9.0
ctr,5943600,6,17.206349206349206,16.175033025099076,26.541666666666668,10.01390213050703,4.0
ctr,5947200,87,15.015873015873016,16.168316831683168,26.625,9.211121704405624,188.0
ctr,5950800,80,7.777777777777778,16.21503957783641,22.416666666666668,24.768897363524502,9.0
ctr,5954400,8,5.126984126984127,16.25708635464733,25.375,35.81511789081961,5.0
ctr,5958000,6,4.015873015873016,16.251646903820816,25.5,30.25209431265569,0.0
ctr,5961600,16,5.492063492063492,16.244897959183675,25.75,25.401675450124554,3.0
ctr,5965200,6,13.063492063492063,16.24473684210526,26.291666666666668,23.521340360099643,1.0
ctr,5968800,97,17.063492063492063,16.238001314924393,26.5,20.017072288079714,2.0
ctr,5972400,73,31.063492063492063,16.291064388961892,30.458333333333332,35.41365783046378,43.0
ctr,5976000,47,23.253968253968253,16.328299409061064,31.708333333333332,42.930926264371024,158.0
ctr,5979600,21,23.92063492063492,16.348425196850393,27.083333333333332,43.74474101149682,40.0
ctr,5983200,46,16.49206349206349,16.351475409836066,26.291666666666668,39.195792809197464,31.0
ctr,5986800,9,31.746031746031747,16.370904325032765,26.916666666666668,40.55663424735798,41.0
ctr,5990400,25,26.88888888888889,16.366077275703994,25.583333333333332,34.24530739788638,30.0
ctr,5994000,15,30.142857142857142,16.3717277486911,25.375,32.396245918309106,8.0
ctr,5997600,21,22.571428571428573,16.37083060824068,25.666666666666668,28.916996734647284,25.0
ctr,6001200,74,19.07936507936508,16.373856209150325,25.5,27.333597387717827,13.0
ctr,6004800,37,15.936507936507937,16.411495754408882,28.041666666666668,36.666877910174264,4.0
ctr,6008400,19,11.873015873015873,16.424934725848566,29.416666666666668,36.733502328139416,4.0
ctr,6012000,10,11.158730158730158,16.426614481409,30.041666666666668,33.18680186251153,6.0
ctr,6015600,15,8.492063492063492,16.422425032594525,30.208333333333332,28.549441490009226,9.0
ctr,6019200,15,9.698412698412698,16.421498371335506,30.458333333333332,25.839553192007383,1.0
ctr,6022800,10,13.859375,16.420572916666668,31.041666666666668,23.671642553605906,7.0
ctr,6026400,12,7.4375,16.416395575797008,31.166666666666668,20.937314042884726,5.0
ctr,6030000,6,17.03125,16.413524057217167,31.458333333333332,19.149851234307782,6.0
ctr,6033600,8,16.140625,16.40675763482781,31.458333333333332,16.519880987446225,87.0
ctr,6037200,119,8.90625,16.4012987012987,28.166666666666668,14.81590478995698,80.0
ctr,6040800,20,5.171875,16.46787800129786,29.791666666666668,35.65272383196559,8.0
ctr,6044400,15,4.046875,16.47016861219196,30.291666666666668,32.52217906557247,6.0
ctr,6048000,4,5.65625,16.469215813350615,30.666666666666668,29.01774325245798,16.0
ctr,6051600,2,12.953125,16.46113989637306,30.166666666666668,24.014194601966384,6.0
ctr,6055200,26,18.3125,16.45177993527508,30.0,19.61135568157311,97.0
ctr,6058800,6,31.71875,16.457956015523934,27.041666666666668,20.889084545258488,73.0
ctr,6062400,163,23.625,16.451195862960567,24.25,17.91126763620679,47.0
ctr,6066000,64,23.875,16.545865633074936,29.083333333333332,46.92901410896543,21.0
ctr,6069600,41,16.953125,16.576500968366688,30.875,50.34321128717235,46.0
ctr,6073200,107,31.390625,16.59225806451613,30.666666666666668,48.474569029737886,9.0
ctr,6076800,92,26.859375,16.650548033526757,34.75,60.17965522379032,25.0
ctr,6080400,68,29.90625,16.69909793814433,37.541666666666664,66.54372417903227,15.0
ctr,6084000,16,22.546875,16.732131358660656,39.75,66.83497934322583,21.0
ctr,6087600,0,19.9375,16.731660231660232,39.541666666666664,56.667983474580666,74.0
ctr,6091200,1,16.265625,16.720900321543407,36.458333333333336,45.334386779664534,37.0
ctr,6094800,2,11.984375,16.710796915167094,34.958333333333336,36.467509423731634,19.0
ctr,6098400,39,11.140625,16.70134874759152,34.25,29.574007538985306,10.0
ctr,6102000,55,8.59375,16.71566110397946,35.458333333333336,31.45920603118825,15.0
ctr,6105600,12,9.78125,16.74021808851828,37.125,36.167364824950596,15.0
ctr,6109200,3,13.8,16.737179487179485,37.0,31.33389185996048,10.0
ctr,6112800,2,7.507692307692308,16.72837924407431,36.708333333333336,25.667113487968386,12.0
ctr,6116400,6,16.861538461538462,16.718950064020486,36.291666666666664,20.93369079037471,6.0
ctr,6120000,7,16.015384615384615,16.712092130518233,36.291666666666664,17.946952632299766,8.0
ctr,6123600,10,10.6,16.705882352941178,36.25,15.757562105839813,119.0
ctr,6127200,3,5.4,16.701597444089458,31.708333333333332,14.606049684671852,20.0
ctr,6130800,67,4.2153846153846155,16.692848020434226,31.0,12.284839747737482,15.0
ctr,6134400,104,5.630769230769231,16.72495213784301,33.166666666666664,23.227871798189987,4.0
ctr,6138000,0,12.784615384615385,16.78061224489796,37.333333333333336,39.38229743855199,2.0
ctr,6141600,15,18.43076923076923,16.76991714467814,37.25,31.505837950841592,26.0
ctr,6145200,36,31.323076923076922,16.768789808917198,36.791666666666664,28.204670360673276,6.0
ctr,6148800,11,25.76923076923077,16.781031190324633,38.041666666666664,29.76373628853862,163.0
ctr,6152400,3,24.49230769230769,16.77735368956743,31.708333333333332,26.010989030830896,64.0
ctr,6156000,3,17.323076923076922,16.768595041322314,29.166666666666668,21.408791224664718,41.0
ctr,6159600,1,32.55384615384615,16.759847522236342,27.583333333333332,17.727032979731778,107.0
ctr,6163200,10,27.861538461538462,16.74984126984127,23.166666666666668,14.381626383785422,92.0
ctr,6166800,17,30.49230769230769,16.745558375634516,19.75,13.505301107028338,68.0
ctr,6170400,5,22.446153846153845,16.74571972098922,17.625,14.20424088562267,16.0
ctr,6174000,19,19.630769230769232,16.7382762991128,17.166666666666668,12.363392708498138,0.0
ctr,6177600,11,16.03076923076923,16.739708676377454,17.958333333333332,13.69071416679851,1.0
ctr,6181200,0,11.830769230769231,16.736075949367088,18.375,13.15257133343881,2.0
ctr,6184800,0,11.569230769230769,16.725490196078432,18.291666666666668,10.52205706675105,39.0
ctr,6188400,2,9.307692307692308,16.714917825537295,16.666666666666668,8.41764565340084,55.0
ctr,6192000,5,9.815384615384616,16.705622236260265,14.458333333333334,7.134116522720673,12.0
ctr,6195600,1,13.636363636363637,16.69823232323232,14.166666666666666,6.707293218176538,3.0
ctr,6199200,0,7.424242424242424,16.68832807570978,14.083333333333334,5.565834574541231,2.0
ctr,6202800,0,16.696969696969695,16.67780580075662,14.0,4.4526676596329855,6.0
ctr,6206400,0,15.878787878787879,16.667296786389414,13.75,3.5621341277063885,7.0
ctr,6210000,3,10.590909090909092,16.656801007556677,13.458333333333334,2.849707302165111,10.0
ctr,6213600,0,5.363636363636363,16.64820641913153,13.166666666666666,2.8797658417320893,3.0
ctr,6217200,7,5.166666666666667,16.637735849056604,13.041666666666666,2.3038126733856714,67.0
ctr,6220800,0,7.121212121212121,16.631678189817723,10.541666666666666,3.2430501387085373,104.0
ctr,6224400,0,12.590909090909092,16.621231155778894,6.208333333333333,2.59444011096683,0.0
ctr,6228000,0,18.37878787878788,16.610797237915882,6.208333333333333,2.075552088773464,15.0
ctr,6231600,0,31.393939393939394,16.600376411543287,5.583333333333333,1.6604416710187715,36.0
ctr,6235200,0,25.545454545454547,16.58996865203762,4.083333333333333,1.3283533368150173,11.0
ctr,6238800,0,24.166666666666668,16.579573934837093,3.625,1.062682669452014,3.0
ctr,6242400,0,17.106060606060606,16.569192235441452,3.5,0.8501461355616112,3.0
ctr,6246000,1,32.07575757575758,16.558823529411764,3.375,0.6801169084492891,1.0
ctr,6249600,2,27.59090909090909,16.549093183239524,3.375,0.7440935267594313,10.0
ctr,6253200,12,30.28787878787879,16.54,3.0416666666666665,0.9952748214075451,17.0
ctr,6256800,40,22.181818181818183,16.537164272329793,2.8333333333333335,3.1962198571260365,5.0
ctr,6260400,144,19.62121212121212,16.551810237203494,4.291666666666667,10.55697588570083,19.0
ctr,6264000,18,15.954545454545455,16.631316281971305,9.5,37.24558070856067,11.0
ctr,6267600,1,11.651515151515152,16.63216957605985,9.791666666666666,33.396464566848536,0.0
ctr,6271200,0,11.393939393939394,16.622429906542056,9.833333333333334,26.917171653478828,0.0
ctr,6274800,0,9.196969696969697,16.6120797011208,9.833333333333334,21.533737322783065,2.0
ctr,6278400,3,9.742424242424242,16.601742377100187,9.75,17.226989858226453,5.0
ctr,6282000,1,13.447761194029852,16.59328358208955,9.666666666666666,14.381591886581162,1.0
ctr,6285600,11,7.313432835820896,16.583592293349906,9.666666666666666,11.70527350926493,0.0
ctr,6289200,0,16.44776119402985,16.580124223602486,10.125,11.564218807411944,0.0
ctr,6292800,0,15.64179104477612,16.56983240223464,10.125,9.251375045929555,0.0
ctr,6296400,0,10.477611940298507,16.55955334987593,10.125,7.401100036743644,3.0
ctr,6300000,0,5.2835820895522385,16.549287042777433,10.0,5.920880029394915,0.0
ctr,6303600,0,5.1940298507462686,16.539033457249072,10.0,4.736704023515933,7.0
ctr,6307200,0,7.014925373134329,16.528792569659444,9.708333333333334,3.7893632188127464,0.0
ctr,6310800,0,12.402985074626866,16.518564356435643,9.708333333333334,3.0314905750501975,0.0
ctr,6314400,0,18.104477611940297,16.508348794063078,9.708333333333334,2.425192460040158,0.0
ctr,6318000,0,30.925373134328357,16.49814585908529,9.708333333333334,1.9401539680321265,0.0
ctr,6321600,0,25.16417910447761,16.487955528103768,9.708333333333334,1.5521231744257014,0.0
ctr,6325200,0,23.80597014925373,16.477777777777778,9.708333333333334,1.241698539540561,0.0
ctr,6328800,0,16.850746268656717,16.46761258482418,9.708333333333334,0.9933588316324489,0.0
ctr,6332400,1,31.611940298507463,16.45745992601726,9.708333333333334,0.7946870653059591,1.0
ctr,6336000,1,27.208955223880597,16.447935921133702,9.708333333333334,0.8357496522447674,2.0
ctr,6339600,0,30.01492537313433,16.438423645320196,9.666666666666666,0.8685997217958139,12.0
ctr,6343200,0,22.44776119402985,16.428307692307694,9.166666666666666,0.6948797774366512,40.0
ctr,6346800,0,21.47761194029851,16.41820418204182,7.5,0.555903821949321,144.0
ctr,6350400,22,15.985074626865671,16.408113091579594,1.5,0.4447230575594568,18.0
ctr,6354000,122,11.492537313432836,16.411547911547913,1.6666666666666667,4.755778446047566,1.0
ctr,6357600,26,11.223880597014926,16.476365868631063,6.708333333333333,28.204622756838056,0.0
ctr,6361200,2,9.059701492537313,16.482208588957054,7.791666666666667,27.763698205470444,0.0
ctr,6364800,2,9.64179104477612,16.473329245861436,7.875,22.610958564376354,3.0
ctr,6368400,1,13.264705882352942,16.464460784313726,7.833333333333333,18.488766851501083,1.0
ctr,6372000,10,7.367647058823529,16.45499081445193,7.833333333333333,14.991013481200866,11.0
ctr,6375600,0,16.205882352941178,16.451040391676866,7.791666666666667,13.992810784960694,0.0
ctr,6379200,2,15.411764705882353,16.44097859327217,7.791666666666667,11.194248627968555,0.0
ctr,6382800,0,10.323529411764707,16.432151589242054,7.875,9.355398902374844,0.0
ctr,6386400,0,5.205882352941177,16.422113622480147,7.875,7.484319121899876,0.0
ctr,6390000,0,5.117647058823529,16.412087912087912,7.875,5.987455297519901,0.0
ctr,6393600,0,6.911764705882353,16.402074435631484,7.875,4.789964238015921,0.0
ctr,6397200,8,12.220588235294118,16.392073170731706,7.875,3.831971390412737,0.0
ctr,6400800,1,17.83823529411765,16.386959171237052,8.208333333333334,4.66557711233019,0.0
ctr,6404400,0,30.470588235294116,16.37758830694275,8.25,3.9324616898641525,0.0
ctr,6408000,1,24.794117647058822,16.367620206938525,8.25,3.1459693518913223,0.0
ctr,6411600,2,23.455882352941178,16.358272506082724,8.291666666666666,2.716775481513058,0.0
ctr,6415200,0,16.602941176470587,16.34954407294833,8.375,2.5734203852104462,0.0
ctr,6418800,0,31.16176470588235,16.339611178614824,8.375,2.058736308168357,1.0
ctr,6422400,7,26.823529411764707,16.32969034608379,8.333333333333334,1.646989046534686,1.0
ctr,6426000,11,29.573529411764707,16.324029126213592,8.583333333333334,2.717591237227749,0.0
ctr,6429600,29,22.11764705882353,16.32080048514251,9.041666666666666,4.374072989782199,0.0
ctr,6433200,23,21.16176470588235,16.328484848484848,10.25,9.29925839182576,0.0
ctr,6436800,11,16.073529411764707,16.33252574197456,11.208333333333334,12.039406713460608,22.0
ctr,6440400,9,13.117647058823529,16.329297820823246,10.75,11.831525370768485,122.0
ctr,6444000,20,11.441176470588236,16.32486388384755,6.041666666666667,11.265220296614789,26.0
ctr,6447600,48,8.955882352941176,16.327085852478838,5.791666666666667,13.01217623729183,2.0
nmt,3470400,5,54.088235294117645,8.25876662636034,10.916666666666666,3.1147567255946207,0.0
nmt,3474000,1,68.97058823529412,8.254830917874395,11.125,3.4918053804756966,233.0
nmt,3477600,0,2.0588235294117645,8.246079613992762,1.4583333333333333,2.9934443043805574,1.0
nmt,3481200,77,9.147058823529411,8.236144578313253,1.4166666666666667,2.394755443504446,3.0
nmt,3484800,7,2.1176470588235294,8.318892900120337,4.5,17.315804354803557,0.0
nmt,3488400,5,10.352941176470589,8.317307692307692,4.791666666666667,15.252643483842848,1.0
nmt,3492000,3,7.382352941176471,8.313325330132052,4.958333333333333,13.20211478707428,0.0
nmt,3495600,7,1.4411764705882353,8.30695443645084,5.083333333333333,11.161691829659423,1.0
nmt,3499200,3,1.0294117647058822,8.305389221556887,5.333333333333333,10.32935346372754,0.0
nmt,3502800,0,1.1470588235294117,8.299043062200957,5.458333333333333,8.863482770982031,0.0
nmt,3506400,0,0.9705882352941176,8.289127837514934,5.458333333333333,7.0907862167856255,3.0
nmt,3510000,0,0.3235294117647059,8.279236276849643,5.333333333333333,5.672628973428501,2.0
nmt,3513600,0,0.35294117647058826,8.269368295589988,5.25,4.538103178742801,0.0
nmt,3517200,0,0.05714285714285714,8.25952380952381,5.25,3.6304825429942404,0.0
nmt,3520800,0,0.0,8.249702734839477,5.25,2.9043860343953924,0.0
nmt,3524400,0,0.0,8.239904988123515,5.25,2.323508827516314,0.0
nmt,3528000,0,0.0,8.230130486358245,5.25,1.8588070620130512,0.0
nmt,3531600,0,0.0,8.22037914691943,5.25,1.4870456496104412,0.0
nmt,3535200,0,0.0,8.210650887573964,5.25,1.189636519688353,0.0
nmt,3538800,0,0.0,8.20094562647754,5.25,0.9517092157506823,0.0
nmt,3542400,0,0.2571428571428571,8.191263282172374,5.25,0.7613673726005459,1.0
nmt,3546000,3,2.5714285714285716,8.181603773584905,5.208333333333333,0.6090938980804368,7.0
nmt,3549600,8,1.7714285714285714,8.17550058892815,5.041666666666667,1.0872751184643494,8.0
nmt,3553200,9,35.65714285714286,8.17529411764706,5.041666666666667,2.46982009477148,2.0
nmt,3556800,0,52.68571428571428,8.17626321974148,5.333333333333333,3.7758560758171837,5.0
nmt,3560400,10,67.02857142857142,8.166666666666666,5.125,3.020684860653747,1.0
nmt,3564000,4,2.0,8.168815943728019,5.5,4.416547888522998,0.0
nmt,3567600,3,11.085714285714285,8.163934426229508,5.666666666666667,4.333238310818398,77.0
nmt,3571200,8,2.257142857142857,8.157894736842104,2.5833333333333335,4.066590648654719,7.0
nmt,3574800,7,10.2,8.157710280373832,2.625,4.8532725189237755,5.0
nmt,3578400,1,7.257142857142857,8.156359393232206,2.7083333333333335,5.282618015139021,3.0
nmt,3582000,3,1.6,8.148018648018647,2.625,4.426094412111217,7.0
nmt,3585600,1,1.0857142857142856,8.142025611175786,2.4583333333333335,4.140875529688974,3.0
nmt,3589200,0,1.1142857142857143,8.133720930232558,2.375,3.5127004237511796,0.0
nmt,3592800,70,0.9428571428571428,8.124274099883856,2.375,2.810160339000944,0.0
nmt,3596400,0,0.3142857142857143,8.196055684454757,5.291666666666667,16.248128271200756,0.0
nmt,3600000,0,0.34285714285714286,8.186558516801854,5.291666666666667,12.998502616960605,0.0
nmt,3603600,0,0.05555555555555555,8.177083333333334,5.291666666666667,10.398802093568484,0.0
nmt,3607200,0,0.0,8.167630057803468,5.291666666666667,8.319041674854788,0.0
nmt,3610800,0,0.0,8.158198614318707,5.291666666666667,6.65523333988383,0.0
nmt,3614400,0,0.0,8.14878892733564,5.291666666666667,5.324186671907064,0.0
nmt,3618000,0,0.0,8.139400921658986,5.291666666666667,4.259349337525651,0.0
nmt,3621600,0,0.0,8.130034522439585,5.291666666666667,3.407479470020521,0.0
nmt,3625200,0,0.0,8.120689655172415,5.291666666666667,2.725983576016417,0.0
nmt,3628800,0,0.25,8.111366245694605,5.291666666666667,2.1807868608131336,0.0
nmt,3632400,5,2.5833333333333335,8.102064220183486,5.291666666666667,1.744629488650507,3.0
nmt,3636000,7,1.9444444444444444,8.098510882016036,5.375,2.3957035909204056,8.0
nmt,3639600,1,34.916666666666664,8.097254004576659,5.333333333333333,3.3165628727363248,9.0
nmt,3643200,2,51.22222222222222,8.089142857142857,5.0,2.85325029818906,0.0
nmt,3646800,2,65.44444444444444,8.082191780821917,5.083333333333333,2.682600238551248,10.0
nmt,3650400,5,2.0555555555555554,8.075256556442417,4.75,2.5460801908409985,4.0
nmt,3654000,1,10.86111111111111,8.071753986332574,4.791666666666667,3.036864152672799,3.0
nmt,3657600,71,2.4166666666666665,8.063708759954494,4.708333333333333,2.6294913221382394,8.0
nmt,3661200,4,10.11111111111111,8.135227272727272,7.333333333333333,16.303593057710593,7.0
nmt,3664800,6,7.083333333333333,8.130533484676503,7.208333333333333,13.842874446168477,1.0
nmt,3668400,3,1.6388888888888888,8.128117913832199,7.416666666666667,12.274299556934782,3.0
nmt,3672000,2,1.0833333333333333,8.122310305775764,7.416666666666667,10.419439645547826,1.0
nmt,3675600,1,1.0833333333333333,8.115384615384615,7.458333333333333,8.73555171643826,0.0
nmt,3679200,0,2.861111111111111,8.107344632768362,7.5,7.188441373150609,70.0
nmt,3682800,0,0.3055555555555556,8.098194130925508,4.583333333333333,5.750753098520487,0.0
nmt,3686400,0,0.3333333333333333,8.089064261555807,4.583333333333333,4.60060247881639,0.0
nmt,3690000,0,0.05405405405405406,8.079954954954955,4.583333333333333,3.6804819830531126,0.0
nmt,3693600,0,0.0,8.070866141732283,4.583333333333333,2.94438558644249,0.0
nmt,3697200,0,0.0,8.061797752808989,4.583333333333333,2.355508469153992,0.0
nmt,3700800,0,0.0,8.052749719416386,4.583333333333333,1.8844067753231937,0.0
nmt,3704400,0,0.0,8.04372197309417,4.583333333333333,1.507525420258555,0.0
nmt,3708000,0,0.0,8.03471444568869,4.583333333333333,1.2060203362068442,0.0
nmt,3711600,0,0.0,8.02572706935123,4.583333333333333,0.9648162689654755,0.0
nmt,3715200,2,0.24324324324324326,8.016759776536313,4.583333333333333,0.7718530151723804,0.0
nmt,3718800,1,2.6486486486486487,8.010044642857142,4.666666666666667,1.0174824121379045,5.0
nmt,3722400,3,2.081081081081081,8.002229654403568,4.5,1.0139859297103235,7.0
nmt,3726000,4,34.0,7.996659242761693,4.333333333333333,1.411188743768259,1.0
nmt,3729600,0,49.891891891891895,7.992213570634038,4.458333333333333,1.9289509950146073,2.0
nmt,3733200,1,63.729729729729726,7.983333333333333,4.375,1.543160796011686,2.0
nmt,3736800,0,2.135135135135135,7.97558268590455,4.333333333333333,1.4345286368093488,5.0
nmt,3740400,71,10.594594594594595,7.966740576496674,4.125,1.147622909447479,1.0
nmt,3744000,0,4.27027027027027,8.03654485049834,7.041666666666667,15.118098327557984,71.0
nmt,3747600,6,9.945945945945946,8.027654867256636,4.083333333333333,12.094478662046388,4.0
nmt,3751200,9,7.054054054054054,8.025414364640884,4.166666666666667,10.875582929637112,6.0
nmt,3754800,0,1.6756756756756757,8.026490066225165,4.291666666666667,10.500466343709691,3.0
nmt,3758400,0,1.1081081081081081,8.017640573318634,4.166666666666667,8.400373074967753,2.0
nmt,3762000,0,1.0810810810810811,8.008810572687224,4.083333333333333,6.720298459974202,1.0
nmt,3765600,0,2.7837837837837838,8.0,4.041666666666667,5.376238767979363,0.0
nmt,3769200,0,0.2972972972972973,7.991208791208791,4.041666666666667,4.300991014383491,0.0
nmt,3772800,2,0.32432432432432434,7.982436882546652,4.041666666666667,3.4407928115067925,0.0
nmt,3776400,0,0.05263157894736842,7.975877192982456,4.125,3.152634249205434,0.0
nmt,3780000,0,0.0,7.967141292442498,4.125,2.5221073993643475,0.0
nmt,3783600,0,0.0,7.958424507658643,4.125,2.0176859194914782,0.0
nmt,3787200,0,0.0,7.949726775956284,4.125,1.6141487355931827,0.0
nmt,3790800,0,0.0,7.941048034934497,4.125,1.2913189884745462,0.0
nmt,3794400,0,0.0,7.932388222464558,4.125,1.033055190779637,0.0
nmt,3798000,0,0.0,7.923747276688453,4.125,0.8264441526237096,0.0
nmt,3801600,0,0.2894736842105263,7.91512513601741,4.125,0.6611553220989678,2.0
nmt,3805200,0,2.6052631578947367,7.906521739130435,4.041666666666667,0.5289242576791743,1.0
nmt,3808800,0,2.1052631578947367,7.8979370249728555,4.0,0.42313940614333945,3.0
nmt,3812400,0,33.21052631578947,7.889370932754881,3.875,0.33851152491467157,4.0
nmt,3816000,0,48.578947368421055,7.880823401950162,3.7083333333333335,0.2708092199317373,0.0
nmt,3819600,0,62.078947368421055,7.872294372294372,3.7083333333333335,0.21664737594538985,1.0
nmt,3823200,70,2.0789473684210527,7.863783783783783,3.6666666666666665,0.1733179007563119,0.0
nmt,3826800,0,12.18421052631579,7.930885529157667,6.583333333333333,14.138654320605049,71.0
nmt,3830400,0,4.157894736842105,7.922330097087379,3.625,11.31092345648404,0.0
nmt,3834000,0,9.842105263157896,7.913793103448276,3.625,9.048738765187233,6.0
nmt,3837600,0,7.105263157894737,7.905274488697525,3.375,7.2389910121497865,9.0
nmt,3841200,0,1.631578947368421,7.896774193548387,3.0,5.7911928097198295,0.0
nmt,3844800,0,1.0789473684210527,7.88829215896885,3.0,4.632954247775864,0.0
nmt,3848400,0,1.0526315789473684,7.879828326180258,3.0,3.706363398220691,0.0
nmt,3852000,1,2.710526315789474,7.871382636655949,3.0,2.965090718576553,0.0
nmt,3855600,2,0.2894736842105263,7.864025695931478,3.0416666666666665,2.5720725748612425,0.0
nmt,3859200,0,0.3684210526315789,7.857754010695187,3.125,2.457658059888994,2.0
nmt,3862800,0,0.05128205128205128,7.8493589743589745,3.0416666666666665,1.9661264479111953,0.0
nmt,3866400,0,0.0,7.840981856990395,3.0416666666666665,1.5729011583289563,0.0
nmt,3870000,0,0.0,7.832622601279318,3.0416666666666665,1.2583209266631652,0.0
nmt,3873600,0,0.0,7.824281150159744,3.0416666666666665,1.0066567413305323,0.0
nmt,3877200,0,0.0,7.81595744680851,3.0416666666666665,0.8053253930644259,0.0
nmt,3880800,0,0.0,7.807651434643995,3.0416666666666665,0.6442603144515407,0.0
nmt,3884400,0,0.0,7.7993630573248405,3.0416666666666665,0.5154082515612326,0.0
nmt,3888000,0,0.28205128205128205,7.791092258748675,3.0416666666666665,0.4123266012489861,0.0
nmt,3891600,0,2.5384615384615383,7.782838983050848,3.0416666666666665,0.32986128099918893,0.0
nmt,3895200,1,2.051282051282051,7.7746031746031745,3.0416666666666665,0.26388902479935117,0.0
nmt,3898800,0,32.35897435897436,7.767441860465116,3.0833333333333335,0.41111121983948096,0.0
nmt,3902400,0,47.333333333333336,7.759239704329461,3.0833333333333335,0.3288889758715848,0.0
nmt,3906000,67,60.48717948717949,7.751054852320675,3.0833333333333335,0.26311118069726785,0.0
nmt,3909600,0,3.8205128205128207,7.8134878819810325,5.875,13.610488944557815,70.0
nmt,3913200,0,11.871794871794872,7.8052631578947365,2.9583333333333335,10.888391155646254,0.0
nmt,3916800,2,4.051282051282051,7.797055730809674,2.9583333333333335,8.710712924517003,0.0
nmt,3920400,3,9.58974358974359,7.790966386554622,3.0416666666666665,7.368570339613603,0.0
nmt,3924000,1,6.923076923076923,7.785939139559287,3.1666666666666665,6.4948562716908835,0.0
nmt,3927600,1,1.5897435897435896,7.778825995807128,3.2083333333333335,5.3958850173527075,0.0
nmt,3931200,0,1.0512820512820513,7.7717277486911,3.25,4.516708013882166,0.0
nmt,3934800,1,1.0256410256410255,7.7635983263598325,3.25,3.613366411105733,0.0
nmt,3938400,0,2.6666666666666665,7.756530825496343,3.2916666666666665,3.090693128884587,1.0
nmt,3942000,1,0.3333333333333333,7.748434237995824,3.25,2.47255450310767,2.0
nmt,3945600,0,0.358974358974359,7.741397288842545,3.2083333333333335,2.1780436024861363,0.0
nmt,3949200,0,0.05,7.733333333333333,3.2083333333333335,1.742434881988909,0.0
nmt,3952800,0,0.0,7.72528616024974,3.2083333333333335,1.3939479055911272,0.0
nmt,3956400,0,0.0,7.717255717255718,3.2083333333333335,1.1151583244729018,0.0
nmt,3960000,0,0.0,7.709241952232606,3.2083333333333335,0.8921266595783215,0.0
nmt,3963600,0,0.0,7.7012448132780085,3.2083333333333335,0.7137013276626573,0.0
nmt,3967200,0,0.0,7.693264248704663,3.2083333333333335,0.5709610621301259,0.0
nmt,3970800,0,0.0,7.6853002070393375,3.2083333333333335,0.4567688497041007,0.0
nmt,3974400,1,0.275,7.677352637021716,3.2083333333333335,0.3654150797632806,0.0
nmt,3978000,1,2.475,7.670454545454546,3.25,0.4923320638106245,0.0
nmt,3981600,1,2.025,7.663570691434469,3.2916666666666665,0.5938656510484996,1.0
nmt,3985200,1,31.55,7.656701030927835,3.2916666666666665,0.6750925208387997,0.0
nmt,3988800,0,46.15,7.64984552008239,3.3333333333333335,0.7400740166710398,0.0
nmt,3992400,0,60.65,7.6419753086419755,3.3333333333333335,0.5920592133368319,67.0
nmt,3996000,1,3.725,7.634121274409044,0.5416666666666666,0.4736473706694655,0.0
nmt,3999600,2,11.575,7.6273100616016425,0.5833333333333334,0.5789178965355724,0.0
nmt,4003200,77,4.0,7.621538461538462,0.6666666666666666,0.8631343172284579,2.0
nmt,4006800,3,9.425,7.692622950819672,3.7916666666666665,16.090507453782767,3.0
nmt,4010400,3,6.775,7.687819856704197,3.7916666666666665,13.472405963026214,1.0
nmt,4014000,2,1.575,7.683026584867076,3.875,11.377924770420972,1.0
nmt,4017600,0,1.025,7.6772216547497445,3.9166666666666665,9.502339816336779,0.0
nmt,4021200,0,1.025,7.669387755102041,3.9166666666666665,7.601871853069423,1.0
nmt,4024800,0,2.6,7.661569826707441,3.875,6.081497482455539,0.0
nmt,4028400,0,0.35,7.653767820773931,3.875,4.865197985964432,1.0
nmt,4032000,0,0.35,7.645981688708036,3.8333333333333335,3.892158388771546,0.0
nmt,4035600,0,0.04878048780487805,7.638211382113822,3.8333333333333335,3.113726711017237,0.0
nmt,4039200,0,0.0,7.630456852791879,3.8333333333333335,2.49098136881379,0.0
nmt,4042800,0,0.0,7.622718052738337,3.8333333333333335,1.992785095051032,0.0
nmt,4046400,0,0.0,7.61499493414387,3.8333333333333335,1.5942280760408256,0.0
nmt,4050000,0,0.0,7.607287449392713,3.8333333333333335,1.2753824608326605,0.0
nmt,4053600,0,0.0,7.599595551061679,3.8333333333333335,1.0203059686661284,0.0
nmt,4057200,0,0.0,7.5919191919191915,3.8333333333333335,0.8162447749329028,0.0
nmt,4060800,0,0.2926829268292683,7.584258324924319,3.8333333333333335,0.6529958199463223,1.0
nmt,4064400,6,2.4390243902439024,7.576612903225806,3.7916666666666665,0.5223966559570579,1.0
nmt,4068000,5,2.0,7.575025176233636,4.0,1.6179173247656464,1.0
nmt,4071600,11,30.804878048780488,7.572434607645875,4.166666666666667,2.294333859812517,1.0
nmt,4075200,2,45.02439024390244,7.5758793969849245,4.583333333333333,4.035467087850014,0.0
nmt,4078800,0,59.170731707317074,7.570281124497992,4.666666666666667,3.6283736702800113,0.0
nmt,4082400,2,3.658536585365854,7.562688064192578,4.666666666666667,2.9026989362240094,1.0
nmt,4086000,6,11.341463414634147,7.557114228456914,4.708333333333333,2.7221591489792076,2.0
nmt,4089600,73,5.780487804878049,7.555555555555555,4.875,3.3777273191833665,77.0
nmt,4093200,9,9.268292682926829,7.621,4.708333333333333,17.302181855346696,3.0
nmt,4096800,4,6.682926829268292,7.6223776223776225,4.958333333333333,15.641745484277358,3.0
nmt,4100400,8,1.5853658536585367,7.6187624750499,5.0,13.313396387421887,2.0
nmt,4104000,7,1.0,7.619142572283151,5.25,12.25071710993751,0.0
nmt,4107600,0,1.0,7.618525896414343,5.541666666666667,11.200573687950008,0.0
nmt,4111200,0,2.5365853658536586,7.610945273631841,5.541666666666667,8.960458950360007,0.0
nmt,4114800,1,0.34146341463414637,7.60337972166998,5.541666666666667,7.168367160288006,0.0
nmt,4118400,0,0.34146341463414637,7.59682224428997,5.583333333333333,5.934693728230405,0.0
nmt,4122000,0,0.047619047619047616,7.589285714285714,5.583333333333333,4.747754982584325,0.0
nmt,4125600,0,0.0,7.581764122893954,5.583333333333333,3.7982039860674597,0.0
nmt,4129200,0,0.0,7.574257425742574,5.583333333333333,3.038563188853968,0.0
nmt,4132800,2,0.0,7.566765578635015,5.583333333333333,2.4308505510831746,0.0
nmt,4136400,0,0.0,7.561264822134388,5.666666666666667,2.3446804408665396,0.0
nmt,4140000,0,0.0,7.553800592300099,5.666666666666667,1.8757443526932318,0.0
nmt,4143600,1,0.0,7.546351084812623,5.666666666666667,1.5005954821545855,0.0
nmt,4147200,0,0.2857142857142857,7.539901477832513,5.708333333333333,1.4004763857236684,0.0
nmt,4150800,6,2.5238095238095237,7.53248031496063,5.708333333333333,1.1203811085789348,6.0
nmt,4154400,10,2.0714285714285716,7.530973451327434,5.708333333333333,2.096304886863148,5.0
nmt,4158000,13,30.333333333333332,7.533398821218075,5.916666666666667,3.6770439094905187,11.0
nmt,4161600,2,44.0,7.538763493621198,6.0,5.541635127592415,2.0
nmt,4165200,1,57.76190476190476,7.533333333333333,6.0,4.833308102073933,0.0
nmt,4168800,72,3.619047619047619,7.526934378060725,6.041666666666667,4.066646481659147,2.0
nmt,4172400,1,11.214285714285714,7.590019569471624,8.958333333333334,17.653317185327317,6.0
nmt,4176000,4,7.380952380952381,7.583577712609971,8.75,14.322653748261853,73.0
nmt,4179600,4,9.261904761904763,7.580078125,5.875,12.258122998609483,9.0
nmt,4183200,0,6.619047619047619,7.576585365853658,5.666666666666667,10.606498398887588,4.0
nmt,4186800,1,1.7380952380952381,7.569200779727096,5.5,8.485198719110072,8.0
nmt,4190400,0,1.1428571428571428,7.5628042843232715,5.208333333333333,6.988158975288058,7.0
nmt,4194000,0,0.9761904761904762,7.55544747081712,4.916666666666667,5.590527180230446,0.0
nmt,4197600,1,2.4761904761904763,7.548104956268221,4.916666666666667,4.4724217441843575,0.0
nmt,4201200,0,0.35714285714285715,7.541747572815534,4.958333333333333,3.7779373953474864,1.0
nmt,4204800,0,0.3333333333333333,7.53443258971872,4.916666666666667,3.022349916277989,0.0
nmt,4208400,0,0.046511627906976744,7.5271317829457365,4.916666666666667,2.4178799330223915,0.0
nmt,4212000,0,0.0,7.519845111326235,4.916666666666667,1.9343039464179133,0.0
nmt,4215600,0,0.0,7.51257253384913,4.916666666666667,1.5474431571343308,0.0
nmt,4219200,0,0.046511627906976744,7.505314009661836,4.916666666666667,1.2379545257074647,2.0
nmt,4222800,0,0.0,7.498069498069498,4.833333333333333,0.9903636205659718,0.0
nmt,4226400,0,0.0,7.490838958534233,4.833333333333333,0.7922908964527775,0.0
nmt,4230000,0,0.023255813953488372,7.4836223506743735,4.833333333333333,0.633832717162222,1.0
nmt,4233600,0,0.27906976744186046,7.476419634263715,4.791666666666667,0.5070661737297776,0.0
nmt,4237200,10,2.604651162790698,7.469230769230769,4.791666666666667,0.4056529389838221,6.0
nmt,4240800,4,2.255813953488372,7.4716618635927,4.958333333333333,2.3245223511870576,10.0
nmt,4244400,9,29.930232558139537,7.468330134357005,4.708333333333333,2.6596178809496465,13.0
nmt,4248000,2,43.02325581395349,7.469798657718121,4.541666666666667,3.9276943047597177,2.0
nmt,4251600,3,56.44186046511628,7.46455938697318,4.541666666666667,3.5421554438077743,1.0
nmt,4255200,3,5.209302325581396,7.460287081339713,4.625,3.4337243550462198,72.0
nmt,4258800,1,10.976744186046512,7.45602294455067,1.75,3.346979484036976,1.0
nmt,4262400,2,7.3023255813953485,7.4498567335243555,1.75,2.877583587229581,4.0
nmt,4266000,4,9.13953488372093,7.444656488549619,1.6666666666666667,2.702066869783665,4.0
nmt,4269600,0,6.465116279069767,7.441372735938989,1.6666666666666667,2.9616534958269325,0.0
nmt,4273200,7,1.7209302325581395,7.434285714285714,1.6666666666666667,2.369322796661546,1.0
nmt,4276800,5,1.1162790697674418,7.433872502378687,1.9166666666666667,3.295458237329237,0.0
nmt,4280400,70,0.9534883720930233,7.431558935361217,2.125,3.63636658986339,0.0
nmt,4284000,0,2.441860465116279,7.490978157644824,5.041666666666667,16.90909327189071,1.0
nmt,4287600,0,0.3488372093023256,7.483870967741935,5.0,13.52727461751257,0.0
nmt,4291200,0,0.32558139534883723,7.476777251184834,5.0,10.821819694010056,0.0
nmt,4294800,0,0.045454545454545456,7.46969696969697,5.0,8.657455755208046,0.0
nmt,4298400,0,0.0,7.462630085146642,5.0,6.925964604166437,0.0
nmt,4302000,0,0.0,7.455576559546314,5.0,5.54077168333315,0.0
nmt,4305600,0,0.045454545454545456,7.448536355051936,5.0,4.432617346666521,0.0
nmt,4309200,0,0.0,7.441509433962264,5.0,3.5460938773332167,0.0
nmt,4312800,0,0.0,7.434495758718191,5.0,2.8368751018665734,0.0
nmt,4316400,0,0.022727272727272728,7.427495291902072,5.0,2.2695000814932587,0.0
nmt,4320000,2,0.2727272727272727,7.420507996237065,5.0,1.815600065194607,0.0
nmt,4323600,1,2.772727272727273,7.415413533834586,5.083333333333333,1.8524800521556855,10.0
nmt,4327200,1,2.2954545454545454,7.409389671361502,4.708333333333333,1.6819840417245484,4.0
nmt,4330800,3,29.454545454545453,7.4033771106941835,4.583333333333333,1.5455872333796388,9.0
nmt,4334400,3,42.09090909090909,7.399250234301781,4.333333333333333,1.8364697867037112,2.0
nmt,4338000,1,55.22727272727273,7.395131086142322,4.375,2.069175829362969,3.0
nmt,4341600,1,5.159090909090909,7.3891487371375115,4.291666666666667,1.8553406634903753,3.0
nmt,4345200,6,10.75,7.383177570093458,4.208333333333333,1.6842725307923003,1.0
nmt,4348800,3,7.181818181818182,7.381886087768441,4.416666666666667,2.5474180246338403,2.0
nmt,4352400,2,9.022727272727273,7.377798507462686,4.458333333333333,2.637934419707072,4.0
nmt,4356000,0,6.318181818181818,7.372786579683131,4.375,2.510347535765658,0.0
nmt,4359600,70,1.8409090909090908,7.365921787709497,4.375,2.0082780286125264,7.0
nmt,4363200,1,1.2045454545454546,7.424186046511628,7.0,15.606622422890021,5.0
nmt,4366800,1,2.522727272727273,7.4182156133829,6.833333333333333,12.685297938312017,70.0
nmt,4370400,0,2.3863636363636362,7.412256267409471,3.9583333333333335,10.348238350649613,0.0
nmt,4374000,0,0.3409090909090909,7.405380333951762,3.9583333333333335,8.27859068051969,0.0
nmt,4377600,0,0.3181818181818182,7.398517145505097,3.9583333333333335,6.622872544415753,0.0
nmt,4381200,0,0.044444444444444446,7.391666666666667,3.9583333333333335,5.298298035532603,0.0
nmt,4384800,0,0.0,7.384828862164662,3.9583333333333335,4.238638428426082,0.0
nmt,4388400,0,0.0,7.378003696857671,3.9583333333333335,3.390910742740866,0.0
nmt,4392000,0,0.044444444444444446,7.371191135734072,3.9583333333333335,2.712728594192693,0.0
nmt,4395600,0,0.0,7.364391143911439,3.9583333333333335,2.1701828753541546,0.0
nmt,4399200,0,0.0,7.357603686635945,3.9583333333333335,1.7361463002833237,0.0
nmt,4402800,0,0.022222222222222223,7.350828729281768,3.9583333333333335,1.388917040226659,0.0
nmt,4406400,0,0.3111111111111111,7.344066237350506,3.9583333333333335,1.1111336321813272,2.0
nmt,4410000,0,2.7333333333333334,7.337316176470588,3.875,0.8889069057450618,1.0
nmt,4413600,3,2.2666666666666666,7.330578512396694,3.8333333333333335,0.7111255245960495,1.0
nmt,4417200,0,28.866666666666667,7.326605504587156,3.9166666666666665,1.1689004196768398,3.0
nmt,4420800,0,41.22222222222222,7.319890009165903,3.7916666666666665,0.9351203357414719,3.0
nmt,4424400,0,54.022222222222226,7.313186813186813,3.6666666666666665,0.7480962685931776,1.0
nmt,4428000,0,5.066666666666666,7.3064958828911255,3.625,0.5984770148745421,1.0
nmt,4431600,70,10.644444444444444,7.29981718464351,3.5833333333333335,0.4787816118996337,6.0
nmt,4435200,0,7.088888888888889,7.357077625570776,6.25,14.383025289519708,3.0
nmt,4438800,0,8.866666666666667,7.350364963503649,6.125,11.506420231615767,2.0
nmt,4442400,0,6.177777777777778,7.3436645396536,6.041666666666667,9.205136185292615,0.0
nmt,4446000,0,3.3555555555555556,7.3369763205828775,6.041666666666667,7.364108948234092,70.0
nmt,4449600,1,1.2,7.330300272975432,3.125,5.891287158587274,1.0
nmt,4453200,0,2.488888888888889,7.324545454545454,3.125,4.913029726869819,1.0
nmt,4456800,0,2.3333333333333335,7.317892824704813,3.0833333333333335,3.930423781495856,0.0
nmt,4460400,0,0.3333333333333333,7.311252268602541,3.0833333333333335,3.1443390251966847,0.0
nmt,4464000,0,0.3111111111111111,7.304623753399818,3.0833333333333335,2.515471220157348,0.0
nmt,4467600,0,0.043478260869565216,7.2980072463768115,3.0833333333333335,2.0123769761258785,0.0
nmt,4471200,0,0.0,7.2914027149321265,3.0833333333333335,1.609901580900703,0.0
nmt,4474800,0,0.0,7.284810126582278,3.0833333333333335,1.2879212647205625,0.0
nmt,4478400,0,0.043478260869565216,7.278229448961156,3.0833333333333335,1.03033701177645,0.0
nmt,4482000,0,0.0,7.271660649819495,3.0833333333333335,0.8242696094211601,0.0
nmt,4485600,0,0.0,7.2651036970243466,3.0833333333333335,0.6594156875369281,0.0
nmt,4489200,7,0.021739130434782608,7.258558558558558,3.0833333333333335,0.5275325500295426,0.0
nmt,4492800,0,0.30434782608695654,7.2583258325832585,3.375,1.8220260400236343,0.0
nmt,4496400,0,2.6739130434782608,7.251798561151079,3.375,1.4576208320189075,0.0
nmt,4500000,2,2.282608695652174,7.245283018867925,3.375,1.166096665615126,3.0
nmt,4503600,0,28.23913043478261,7.240574506283663,3.3333333333333335,1.3328773324921008,0.0
nmt,4507200,0,40.32608695652174,7.234080717488789,3.3333333333333335,1.0663018659936807,0.0
nmt,4510800,0,52.84782608695652,7.227598566308243,3.3333333333333335,0.8530414927949446,0.0
nmt,4514400,0,4.956521739130435,7.221128021486123,3.3333333333333335,0.6824331942359557,0.0
nmt,4518000,0,11.934782608695652,7.214669051878354,3.3333333333333335,0.5459465553887646,70.0
nmt,4521600,71,6.934782608695652,7.20822162645219,0.4166666666666667,0.4367572443110117,0.0
nmt,4525200,1,8.673913043478262,7.265178571428572,3.375,14.549405795448811,0.0
nmt,4528800,0,6.043478260869565,7.259589652096342,3.4166666666666665,11.839524636359048,0.0
nmt,4532400,2,3.282608695652174,7.253119429590018,3.4166666666666665,9.47161970908724,0.0
nmt,4536000,2,1.1956521739130435,7.248441674087267,3.5,7.977295767269792,1.0
nmt,4539600,1,2.4347826086956523,7.2437722419928825,3.5416666666666665,6.781836613815835,0.0
nmt,4543200,0,2.282608695652174,7.238222222222222,3.5833333333333335,5.625469291052668,0.0
nmt,4546800,0,0.32608695652173914,7.231793960923623,3.5833333333333335,4.500375432842135,0.0
nmt,4550400,0,0.30434782608695654,7.225377107364685,3.5833333333333335,3.6003003462737078,0.0
nmt,4554000,0,0.0425531914893617,7.218971631205674,3.5833333333333335,2.8802402770189666,0.0
nmt,4557600,0,0.0,7.212577502214349,3.5833333333333335,2.3041922216151733,0.0
nmt,4561200,0,0.0,7.2061946902654865,3.5833333333333335,1.8433537772921387,0.0
nmt,4564800,0,0.0425531914893617,7.199823165340407,3.5833333333333335,1.474683021833711,0.0
nmt,4568400,0,0.0,7.193462897526501,3.5833333333333335,1.179746417466969,0.0
nmt,4572000,0,0.0,7.18711385701677,3.5833333333333335,0.9437971339735752,0.0
nmt,4575600,0,0.1702127659574468,7.180776014109347,3.5833333333333335,0.7550377071788602,7.0
nmt,4579200,1,0.2978723404255319,7.174449339207048,3.2916666666666665,0.6040301657430882,0.0
nmt,4582800,3,2.617021276595745,7.169014084507042,3.3333333333333335,0.6832241325944706,0.0
nmt,4586400,17,2.276595744680851,7.1653474054529465,3.4583333333333335,1.1465793060755765,2.0
nmt,4590000,8,27.638297872340427,7.173989455184534,4.083333333333333,4.317263444860462,0.0
nmt,4593600,1,39.46808510638298,7.174714661984197,4.416666666666667,5.053810755888369,0.0
nmt,4597200,1,51.723404255319146,7.169298245614035,4.458333333333333,4.243048604710696,0.0
nmt,4600800,3,4.851063829787234,7.1638913234005255,4.5,3.594438883768557,0.0
nmt,4604400,6,11.680851063829786,7.160245183887916,4.625,3.4755511070148457,0.0
nmt,4608000,2,8.297872340425531,7.1592300962379705,4.875,3.980440885611877,71.0
nmt,4611600,3,8.51063829787234,7.15472027972028,2.0,3.5843527084895017,1.0
nmt,4615200,70,5.914893617021277,7.1510917030567684,2.0833333333333335,3.467482166791602,0.0
nmt,4618800,1,3.25531914893617,7.205933682373473,5.0,16.773985733433282,2.0
nmt,4622400,0,1.2127659574468086,7.20052310374891,4.958333333333333,13.619188586746626,2.0
nmt,4626000,1,2.404255319148936,7.194250871080139,4.875,10.895350869397301,1.0
nmt,4629600,0,2.234042553191489,7.188859878154918,4.875,8.916280695517841,0.0
nmt,4633200,0,0.3191489361702128,7.182608695652174,4.875,7.133024556414274,0.0
nmt,4636800,0,0.2978723404255319,7.176368375325803,4.875,5.706419645131419,0.0
nmt,4640400,0,0.041666666666666664,7.170138888888889,4.875,4.565135716105135,0.0
nmt,4644000,0,0.0,7.163920208152645,4.875,3.6521085728841083,0.0
nmt,4647600,0,0.0,7.1577123050259965,4.875,2.921686858307287,0.0
nmt,4651200,0,0.041666666666666664,7.151515151515151,4.875,2.3373494866458295,0.0
nmt,4654800,0,0.0,7.145328719723183,4.875,1.8698795893166638,0.0
nmt,4658400,0,0.0,7.139152981849611,4.875,1.4959036714533311,0.0
nmt,4662000,0,0.16666666666666666,7.132987910189983,4.875,1.1967229371626649,0.0
nmt,4665600,0,0.3125,7.126833477135461,4.875,0.9573783497301319,1.0
nmt,4669200,1,2.625,7.120689655172414,4.833333333333333,0.7659026797841055,3.0
nmt,4672800,1,2.5833333333333335,7.11541774332472,4.75,0.8127221438272845,17.0
nmt,4676400,4,27.229166666666668,7.110154905335628,4.083333333333333,0.8501777150618277,8.0
nmt,4680000,1,38.666666666666664,7.107480653482373,3.9166666666666665,1.4801421720494623,1.0
nmt,4683600,0,50.666666666666664,7.102233676975945,3.9166666666666665,1.3841137376395698,1.0
nmt,4687200,0,4.8125,7.096137339055794,3.875,1.1072909901116559,3.0
nmt,4690800,3,11.5625,7.090051457975986,3.75,0.8858327920893247,6.0
nmt,4694400,4,8.166666666666666,7.086546700942588,3.625,1.30866623367146,2.0
nmt,4698000,0,8.395833333333334,7.083904109589041,3.7083333333333335,1.8469329869371682,3.0
nmt,4701600,0,7.25,7.077844311377246,3.5833333333333335,1.4775463895497347,70.0
nmt,4705200,0,3.2083333333333335,7.0717948717948715,0.6666666666666666,1.1820371116397879,1.0
nmt,4708800,0,1.1875,7.065755764304014,0.625,0.9456296893118303,0.0
nmt,4712400,0,2.375,7.059726962457338,0.625,0.7565037514494644,1.0
nmt,4716000,69,2.1875,7.053708439897698,0.5833333333333334,0.6052030011595715,0.0
nmt,4719600,2,0.3125,7.106473594548552,3.4583333333333335,14.284162400927658,0.0
nmt,4723200,0,0.2916666666666667,7.102127659574468,3.5416666666666665,11.827329920742127,0.0
nmt,4726800,0,0.04081632653061224,7.09608843537415,3.5416666666666665,9.461863936593701,0.0
nmt,4730400,0,0.0,7.090059473237043,3.5416666666666665,7.5694911492749615,0.0
nmt,4734000,0,0.0,7.084040747028863,3.5416666666666665,6.055592919419969,0.0
nmt,4737600,0,0.04081632653061224,7.078032230703986,3.5416666666666665,4.844474335535976,0.0
nmt,4741200,0,0.0,7.072033898305085,3.5416666666666665,3.8755794684287808,0.0
nmt,4744800,0,0.0,7.066045723962743,3.5416666666666665,3.1004635747430247,0.0
nmt,4748400,0,0.16326530612244897,7.060067681895093,3.5416666666666665,2.48037085979442,0.0
nmt,4752000,0,0.30612244897959184,7.054099746407439,3.5416666666666665,1.984296687835536,0.0
nmt,4755600,0,2.5918367346938775,7.048141891891892,3.5416666666666665,1.587437350268429,1.0
nmt,4759200,1,2.5510204081632653,7.042194092827004,3.5,1.2699498802147433,1.0
nmt,4762800,4,26.755102040816325,7.0370994940978076,3.5,1.2159599041717946,4.0
nmt,4766400,1,37.89795918367347,7.034540859309183,3.5,1.7727679233374358,1.0
nmt,4770000,2,49.63265306122449,7.029461279461279,3.5,1.6182143386699488,0.0
nmt,4773600,5,4.714285714285714,7.025231286795626,3.5833333333333335,1.694571470935959,0.0
nmt,4777200,3,11.387755102040817,7.023529411764706,3.7916666666666665,2.3556571767487675,3.0
nmt,4780800,2,8.081632653061224,7.020151133501259,3.7916666666666665,2.4845257413990143,4.0
nmt,4784400,77,8.224489795918368,7.015939597315437,3.7083333333333335,2.3876205931192116,0.0
nmt,4788000,6,7.1020408163265305,7.0746018440905285,6.916666666666667,17.31009647449537,0.0
nmt,4791600,5,3.142857142857143,7.073701842546064,7.166666666666667,15.048077179596298,0.0
nmt,4795200,0,1.163265306122449,7.071966527196652,7.375,13.03846174367704,0.0
nmt,4798800,0,2.326530612244898,7.066053511705686,7.375,10.430769394941633,0.0
nmt,4802400,0,3.5510204081632653,7.06015037593985,7.375,8.344615515953306,69.0
nmt,4806000,0,0.3469387755102041,7.054257095158597,4.5,6.675692412762645,2.0
nmt,4809600,0,0.2857142857142857,7.04837364470392,4.416666666666667,5.340553930210117,0.0
nmt,4813200,0,0.04,7.0425,4.416666666666667,4.2724431441680935,0.0
nmt,4816800,0,0.0,7.036636136552873,4.416666666666667,3.417954515334475,0.0
nmt,4820400,0,0.0,7.030782029950084,4.416666666666667,2.7343636122675803,0.0
nmt,4824000,0,0.04,7.024937655860349,4.416666666666667,2.187490889814064,0.0
nmt,4827600,0,0.0,7.019102990033223,4.416666666666667,1.7499927118512515,0.0
nmt,4831200,0,0.0,7.013278008298755,4.416666666666667,1.3999941694810012,0.0
nmt,4834800,0,0.16,7.007462686567164,4.416666666666667,1.119995335584801,0.0
nmt,4838400,0,0.3,7.001657000828501,4.416666666666667,0.8959962684678408,0.0
nmt,4842000,6,2.54,6.995860927152318,4.416666666666667,0.7167970147742726,0.0
nmt,4845600,2,2.52,6.995037220843672,4.666666666666667,1.7734376118194182,1.0
nmt,4849200,2,26.3,6.990909090909091,4.708333333333333,1.8187500894555346,4.0
nmt,4852800,0,37.16,6.986787778695293,4.625,1.8550000715644277,1.0
nmt,4856400,0,48.68,6.981023102310231,4.583333333333333,1.4840000572515422,2.0
nmt,4860000,1,4.72,6.975267930750206,4.5,1.1872000458012337,5.0
nmt,4863600,0,11.22,6.970345963756178,4.333333333333333,1.149760036640987,3.0
nmt,4867200,0,7.96,6.964609053497942,4.208333333333333,0.9198080293127897,2.0
nmt,4870800,0,9.6,6.958881578947368,4.125,0.7358464234502318,77.0
nmt,4874400,0,7.08,6.9531635168447,0.9166666666666666,0.5886771387601855,6.0
nmt,4878000,0,3.18,6.947454844006568,0.6666666666666666,0.4709417110081484,5.0
nmt,4881600,4,1.14,6.941755537325677,0.4583333333333333,0.3767533688065188,0.0
nmt,4885200,70,2.28,6.939344262295082,0.625,1.1014026950452152,0.0
nmt,4888800,0,3.48,6.990990990990991,3.5416666666666665,14.881122156036172,0.0
nmt,4892400,1,0.34,6.985270049099836,3.5416666666666665,11.904897724828938,0.0
nmt,4896000,4,0.28,6.980376124284546,3.5833333333333335,9.72391817986315,0.0
nmt,4899600,0,0.0392156862745098,6.977941176470588,3.75,8.57913454389052,0.0
nmt,4903200,0,0.0,6.972244897959183,3.75,6.863307635112417,0.0
nmt,4906800,0,0.0,6.966557911908646,3.75,5.490646108089933,0.0
nmt,4910400,0,0.0392156862745098,6.960880195599022,3.75,4.392516886471947,0.0
nmt,4914000,1,0.0,6.9552117263843645,3.75,3.5140135091775577,0.0
nmt,4917600,0,0.0,6.950366151342555,3.7916666666666665,3.0112108073420467,0.0
nmt,4921200,0,0.1568627450980392,6.944715447154471,3.7916666666666665,2.4089686458736375,0.0
nmt,4924800,1,0.29411764705882354,6.9390739236393175,3.7916666666666665,1.92717491669891,0.0
nmt,4928400,0,2.607843137254902,6.934253246753247,3.8333333333333335,1.7417399333591281,6.0
nmt,4932000,0,2.5098039215686274,6.928629359286294,3.5833333333333335,1.3933919466873026,2.0
nmt,4935600,0,25.823529411764707,6.923014586709886,3.5,1.1147135573498421,2.0
nmt,4939200,1,36.431372549019606,6.917408906882591,3.4166666666666665,0.8917708458798738,0.0
nmt,4942800,2,47.72549019607843,6.912621359223301,3.4583333333333335,0.9134166767038991,0.0
nmt,4946400,0,4.647058823529412,6.908649959579628,3.5416666666666665,1.1307333413631193,1.0
nmt,4950000,2,11.0,6.903069466882068,3.5,0.9045866730904955,0.0
nmt,4953600,4,7.803921568627451,6.8991121872477805,3.5833333333333335,1.1236693384723964,0.0
nmt,4957200,0,9.411764705882353,6.896774193548387,3.75,1.6989354707779172,0.0
nmt,4960800,0,6.9411764705882355,6.8912167606768735,3.75,1.3591483766223338,0.0
nmt,4964400,0,3.1176470588235294,6.885668276972625,3.75,1.0873187012978671,0.0
nmt,4968000,0,1.196078431372549,6.8801287208366855,3.75,0.8698549610382937,4.0
nmt,4971600,0,3.607843137254902,6.87459807073955,3.5833333333333335,0.6958839688306351,70.0
nmt,4975200,0,3.411764705882353,6.869076305220884,0.6666666666666666,0.5567071750645081,0.0
nmt,4978800,0,0.35294117647058826,6.863563402889246,0.6666666666666666,0.44536574005160645,1.0
nmt,4982400,0,0.35294117647058826,6.858059342421813,0.625,0.35629259204128516,4.0
nmt,4986000,0,0.038461538461538464,6.852564102564102,0.4583333333333333,0.28503407363302813,0.0
nmt,4989600,0,0.0,6.847077662129704,0.4583333333333333,0.2280272589064225,0.0
nmt,4993200,0,0.0,6.8416,0.4583333333333333,0.182421807125138,0.0
nmt,4996800,0,0.038461538461538464,6.836131095123901,0.4583333333333333,0.1459374457001104,0.0
nmt,5000400,0,0.019230769230769232,6.830670926517572,0.4583333333333333,0.11674995656008834,1.0
nmt,5004000,0,0.0,6.825219473264166,0.4166666666666667,0.09339996524807068,0.0
nmt,5007600,0,0.15384615384615385,6.819776714513557,0.4166666666666667,0.07471997219845654,0.0
nmt,5011200,0,0.3076923076923077,6.814342629482072,0.4166666666666667,0.05977597775876523,1.0
nmt,5014800,0,2.5576923076923075,6.808917197452229,0.375,0.04782078220701219,0.0
nmt,5018400,1,2.4615384615384617,6.803500397772474,0.375,0.03825662576560976,0.0
nmt,5022000,0,25.326923076923077,6.798887122416534,0.4166666666666667,0.23060530061248782,0.0
nmt,5025600,0,35.75,6.793486894360604,0.4166666666666667,0.18448424048999026,1.0
nmt,5029200,0,46.84615384615385,6.788095238095238,0.375,0.14758739239199223,2.0
nmt,5032800,0,4.5576923076923075,6.782712133227597,0.2916666666666667,0.11806991391359378,0.0
nmt,5036400,140,10.826923076923077,6.777337559429477,0.2916666666666667,0.09445593113087503,2.0
nmt,5040000,0,7.730769230769231,6.882818685669042,6.041666666666667,28.0755647449047,4.0
nmt,5043600,0,9.23076923076923,6.877373417721519,5.875,22.46045179592376,0.0
nmt,5047200,0,6.8076923076923075,6.8719367588932805,5.875,17.96836143673901,0.0
nmt,5050800,0,3.0576923076923075,6.86650868878357,5.875,14.374689149391209,0.0
nmt,5054400,0,1.1730769230769231,6.861089187056038,5.875,11.499751319512967,0.0
nmt,5058000,0,3.5384615384615383,6.855678233438486,5.875,9.199801055610374,0.0
nmt,5061600,0,3.3461538461538463,6.850275807722616,5.875,7.3598408444883,0.0
nmt,5065200,0,0.34615384615384615,6.844881889763779,5.875,5.88787267559064,0.0
nmt,5068800,0,0.34615384615384615,6.839496459480724,5.875,4.710298140472513,0.0
nmt,5072400,0,0.03773584905660377,6.834119496855346,5.875,3.7682385123780104,0.0
nmt,5076000,0,0.0,6.828750981932443,5.875,3.0145908099024084,0.0
nmt,5079600,0,0.0,6.823390894819466,5.875,2.411672647921927,0.0
nmt,5083200,0,0.03773584905660377,6.818039215686275,5.875,1.9293381183375418,0.0
nmt,5086800,0,0.018867924528301886,6.81269592476489,5.875,1.5434704946700335,0.0
nmt,5090400,0,0.0,6.807361002349256,5.875,1.234776395736027,0.0
nmt,5094000,0,0.1509433962264151,6.802034428794992,5.875,0.9878211165888215,0.0
nmt,5097600,0,0.3018867924528302,6.7967161845191555,5.875,0.7902568932710573,0.0
nmt,5101200,0,2.509433962264151,6.79140625,5.875,0.6322055146168459,0.0
nmt,5104800,0,2.4339622641509435,6.786104605776737,5.875,0.5057644116934767,1.0
nmt,5108400,0,24.849056603773583,6.780811232449298,5.833333333333333,0.4046115293547814,0.0
nmt,5112000,0,35.075471698113205,6.775526110678098,5.833333333333333,0.3236892234838251,0.0
nmt,5115600,0,45.9622641509434,6.770249221183801,5.833333333333333,0.2589513787870601,0.0
nmt,5119200,0,4.471698113207547,6.764980544747082,5.833333333333333,0.20716110302964807,0.0
nmt,5122800,70,13.264150943396226,6.759720062208398,5.833333333333333,0.16572888242371847,140.0
nmt,5126400,0,7.584905660377358,6.808857808857809,2.9166666666666665,14.132583105938975,0.0
nmt,5130000,0,9.056603773584905,6.803571428571429,2.9166666666666665,11.306066484751181,0.0
nmt,5133600,0,6.679245283018868,6.798293250581846,2.9166666666666665,9.044853187800944,0.0
nmt,5137200,0,3.0,6.793023255813954,2.9166666666666665,7.235882550240756,0.0
nmt,5140800,2,1.150943396226415,6.787761425251743,2.9166666666666665,5.788706040192605,0.0
nmt,5144400,0,3.4716981132075473,6.78405572755418,3.0,5.030964832154084,0.0
nmt,5148000,0,3.2830188679245285,6.778808971384377,3.0,4.024771865723268,0.0
nmt,5151600,0,0.33962264150943394,6.773570324574961,3.0,3.2198174925786143,0.0
nmt,5155200,0,0.33962264150943394,6.768339768339768,3.0,2.5758539940628915,0.0
nmt,5158800,0,0.037037037037037035,6.763117283950617,3.0,2.0606831952503133,0.0
nmt,5162400,0,0.0,6.757902852737086,3.0,1.6485465562002508,0.0
nmt,5166000,0,0.0,6.752696456086286,3.0,1.3188372449602008,0.0
nmt,5169600,0,0.037037037037037035,6.747498075442648,3.0,1.0550697959681608,0.0
nmt,5173200,0,0.018518518518518517,6.742307692307692,3.0,0.8440558367745287,0.0
nmt,5176800,0,0.0,6.737125288239816,3.0,0.675244669419623,0.0
nmt,5180400,0,0.14814814814814814,6.731950844854071,3.0,0.5401957355356984,0.0
nmt,5184000,0,0.2962962962962963,6.726784343821949,3.0,0.43215658842855875,0.0
nmt,5187600,3,2.462962962962963,6.721625766871166,3.0,0.34572527074284704,0.0
nmt,5191200,0,2.388888888888889,6.7187739463601535,3.125,0.8765802165942778,0.0
nmt,5194800,1,24.38888888888889,6.713629402756508,3.125,0.7012641732754222,0.0
nmt,5198400,0,34.425925925925924,6.709257842387146,3.1666666666666665,0.7610113386203379,0.0
nmt,5202000,0,45.111111111111114,6.704128440366972,3.1666666666666665,0.6088090708962703,0.0
nmt,5205600,4,4.388888888888889,6.699006875477464,3.1666666666666665,0.4870472567170163,0.0
nmt,5209200,84,14.314814814814815,6.696946564885496,3.3333333333333335,1.1896378053736132,70.0
nmt,5212800,3,7.444444444444445,6.755911517925248,3.9166666666666665,17.75171024429889,0.0
nmt,5216400,2,8.88888888888889,6.753048780487805,4.041666666666667,14.801368195439114,0.0
nmt,5220000,0,6.555555555555555,6.749428789032749,4.125,12.241094556351293,0.0
nmt,5223600,1,2.9444444444444446,6.744292237442922,4.125,9.792875645081034,0.0
nmt,5227200,2,1.1666666666666667,6.739923954372624,4.166666666666667,8.034300516064828,2.0
nmt,5230800,5,3.4074074074074074,6.736322188449848,4.166666666666667,6.827440412851863,0.0
nmt,5234400,0,3.2222222222222223,6.735003796507213,4.375,6.461952330281491,0.0
nmt,5238000,1,0.3333333333333333,6.7298937784522,4.375,5.1695618642251935,0.0
nmt,5241600,0,0.3333333333333333,6.725549658832449,4.416666666666667,4.335649491380155,0.0
nmt,5245200,0,0.03636363636363636,6.720454545454546,4.416666666666667,3.4685195931041246,0.0
nmt,5248800,0,0.0,6.715367146101438,4.416666666666667,2.7748156744832997,0.0
nmt,5252400,0,0.0,6.710287443267776,4.416666666666667,2.2198525395866398,0.0
nmt,5256000,0,0.03636363636363636,6.705215419501134,4.416666666666667,1.7758820316693118,0.0
nmt,5259600,0,0.01818181818181818,6.700151057401813,4.416666666666667,1.4207056253354495,0.0
nmt,5263200,0,0.0,6.695094339622641,4.416666666666667,1.1365645002683598,0.0
nmt,5266800,0,0.14545454545454545,6.6900452488687785,4.416666666666667,0.9092516002146879,0.0
nmt,5270400,2,0.2909090909090909,6.685003767897514,4.416666666666667,0.7274012801717503,0.0
nmt,5274000,0,2.4727272727272727,6.681475903614458,4.5,0.9819210241374003,3.0
nmt,5277600,7,2.3454545454545452,6.676448457486832,4.375,0.7855368193099204,0.0
nmt,5281200,6,23.963636363636365,6.676691729323308,4.666666666666667,2.0284294554479363,1.0
nmt,5284800,29,33.8,6.67618332081142,4.875,2.8227435643583494,0.0
nmt,5288400,11,44.29090909090909,6.692942942942943,6.083333333333333,8.05819485148668,0.0
nmt,5292000,3,4.381818181818182,6.696174043510878,6.541666666666667,8.646555881189345,4.0
nmt,5295600,2,15.581818181818182,6.693403298350825,6.5,7.517244704951477,84.0
nmt,5299200,2,7.363636363636363,6.689887640449438,3.0833333333333335,6.413795763961182,3.0
nmt,5302800,1,8.763636363636364,6.686377245508982,3.0416666666666665,5.531036611168946,2.0
nmt,5306400,1,6.4363636363636365,6.6821241585639495,3.0,4.624829288935157,0.0
nmt,5310000,1,2.909090909090909,6.677877428998506,3.0416666666666665,3.899863431148126,1.0
nmt,5313600,97,1.1818181818181819,6.673637042569081,3.0416666666666665,3.319890744918501,2.0
nmt,5317200,0,3.4363636363636365,6.741044776119403,7.0,22.055912595934803,5.0
nmt,5320800,0,3.1636363636363636,6.736017897091722,6.791666666666667,17.644730076747845,0.0
nmt,5324400,1,0.34545454545454546,6.730998509687034,6.791666666666667,14.115784061398276,1.0
nmt,5328000,1,0.32727272727272727,6.726731198808637,6.791666666666667,11.492627249118621,0.0
nmt,5331600,0,0.03571428571428571,6.722470238095238,6.833333333333333,9.394101799294896,0.0
nmt,5335200,0,0.0,6.717472118959108,6.833333333333333,7.515281439435917,0.0
nmt,5338800,0,0.0,6.712481426448737,6.833333333333333,6.0122251515487335,0.0
nmt,5342400,0,0.03571428571428571,6.707498144023757,6.833333333333333,4.809780121238987,0.0
nmt,5346000,0,0.017857142857142856,6.7025222551928785,6.833333333333333,3.8478240969911894,0.0
nmt,5349600,0,0.0,6.697553743513714,6.833333333333333,3.078259277592952,0.0
nmt,5353200,0,0.14285714285714285,6.692592592592592,6.833333333333333,2.4626074220743615,0.0
nmt,5356800,0,0.32142857142857145,6.687638786084382,6.833333333333333,1.9700859376594893,2.0
nmt,5360400,2,2.4285714285714284,6.6826923076923075,6.75,1.5760687501275914,0.0
nmt,5364000,12,2.4285714285714284,6.6792313377679235,6.833333333333333,1.6608550001020732,7.0
nmt,5367600,1,23.642857142857142,6.683161004431315,7.041666666666667,3.728684000081659,6.0
nmt,5371200,1,33.714285714285715,6.678966789667896,6.833333333333333,3.1829472000653274,29.0
nmt,5374800,0,43.69642857142857,6.674778761061947,5.666666666666667,2.746357760052262,11.0
nmt,5378400,0,4.357142857142857,6.669859985261606,5.208333333333333,2.1970862080418097,3.0
nmt,5382000,70,15.339285714285714,6.664948453608248,5.083333333333333,1.7576689664334477,2.0
nmt,5385600,2,7.267857142857143,6.711552612214864,7.916666666666667,15.406135173146758,2.0
nmt,5389200,11,8.625,6.708088235294118,7.916666666666667,12.724908138517408,1.0
nmt,5392800,3,6.339285714285714,6.7112417340191035,8.333333333333334,12.379926510813927,1.0
nmt,5396400,1,2.875,6.708516886930984,8.416666666666666,10.503941208651142,1.0
nmt,5400000,0,2.892857142857143,6.704328686720469,8.416666666666666,8.603152966920913,97.0
nmt,5403600,2,3.375,6.69941348973607,4.375,6.88252237353673,0.0
nmt,5407200,0,3.107142857142857,6.695970695970696,4.458333333333333,5.9060178988293845,0.0
nmt,5410800,0,0.35714285714285715,6.691068814055637,4.458333333333333,4.7248143190635075,1.0
nmt,5414400,0,0.3392857142857143,6.686174103877103,4.416666666666667,3.7798514552508062,1.0
nmt,5418000,0,0.03508771929824561,6.681286549707602,4.375,3.0238811642006453,0.0
nmt,5421600,0,0.0,6.676406135865595,4.375,2.4191049313605166,0.0
nmt,5425200,0,0.0,6.671532846715328,4.375,1.9352839450884134,0.0
nmt,5428800,0,0.03508771929824561,6.666666666666667,4.375,1.5482271560707308,0.0
nmt,5432400,0,0.017543859649122806,6.661807580174927,4.375,1.2385817248565847,0.0
nmt,5436000,0,0.0,6.656955571740713,4.375,0.9908653798852678,0.0
nmt,5439600,0,0.14035087719298245,6.652110625909753,4.375,0.7926923039082143,0.0
nmt,5443200,1,0.3157894736842105,6.647272727272727,4.375,0.6341538431265715,0.0
nmt,5446800,0,2.4210526315789473,6.643168604651163,4.416666666666667,0.7073230745012573,2.0
nmt,5450400,0,2.5964912280701755,6.6383442265795205,4.333333333333333,0.5658584596010059,12.0
nmt,5454000,1,23.24561403508772,6.633526850507983,3.8333333333333335,0.45268676768080474,1.0
nmt,5457600,10,33.14035087719298,6.629441624365482,3.8333333333333335,0.5621494141446438,1.0
nmt,5461200,71,42.92982456140351,6.631884057971014,4.208333333333333,2.449719531315715,0.0
nmt,5464800,5,4.280701754385965,6.678493845039826,7.166666666666667,16.159775625052575,0.0
nmt,5468400,3,16.29824561403509,6.677279305354559,7.375,13.92782050004206,70.0
nmt,5472000,0,7.175438596491228,6.674620390455531,4.583333333333333,11.742256400033648,2.0
nmt,5475600,1,8.666666666666666,6.669797687861272,4.5,9.393805120026919,11.0
nmt,5479200,3,6.280701754385965,6.665703971119133,4.083333333333333,7.715044096021535,3.0
nmt,5482800,1,2.8421052631578947,6.663059163059163,4.083333333333333,6.772035276817229,1.0
nmt,5486400,14,2.8421052631578947,6.658976207642394,4.083333333333333,5.617628221453784,0.0
nmt,5490000,0,3.3508771929824563,6.664265129682997,4.666666666666667,7.294102577163027,2.0
nmt,5493600,0,3.0526315789473686,6.6594672426205905,4.583333333333333,5.835282061730422,0.0
nmt,5497200,0,0.3508771929824561,6.654676258992806,4.583333333333333,4.668225649384338,0.0
nmt,5500800,0,0.3333333333333333,6.649892163910856,4.583333333333333,3.7345805195074706,0.0
nmt,5504400,0,0.034482758620689655,6.6451149425287355,4.583333333333333,2.987664415605977,0.0
nmt,5508000,0,0.0,6.640344580043073,4.583333333333333,2.3901315324847814,0.0
nmt,5511600,0,0.0,6.63558106169297,4.583333333333333,1.9121052259878253,0.0
nmt,5515200,0,0.034482758620689655,6.630824372759856,4.583333333333333,1.5296841807902604,0.0
nmt,5518800,0,0.017241379310344827,6.626074498567335,4.583333333333333,1.2237473446322085,0.0
nmt,5522400,0,0.0,6.62133142448103,4.583333333333333,0.9789978757057668,0.0
nmt,5526000,0,0.13793103448275862,6.61659513590844,4.583333333333333,0.7831983005646135,0.0
nmt,5529600,0,0.3275862068965517,6.6118656182987845,4.583333333333333,0.6265586404516909,1.0
nmt,5533200,0,2.3793103448275863,6.607142857142857,4.541666666666667,0.5012469123613527,0.0
nmt,5536800,10,2.5517241379310347,6.602426837972876,4.541666666666667,0.40099752988908216,0.0
nmt,5540400,4,22.862068965517242,6.604850213980028,4.958333333333333,2.3207980239112658,1.0
nmt,5544000,11,32.741379310344826,6.602993585174626,5.083333333333333,2.6566384191290124,10.0
nmt,5547600,2,43.41379310344828,6.606125356125356,5.125,4.32531073530321,71.0
nmt,5551200,1,4.293103448275862,6.602846975088968,2.25,3.8602485882425683,5.0
nmt,5554800,0,16.06896551724138,6.598862019914652,2.0833333333333335,3.288198870594055,3.0
nmt,5558400,0,7.051724137931035,6.594171997157072,1.9583333333333333,2.630559096475244,0.0
nmt,5562000,4,8.53448275862069,6.589488636363637,1.9583333333333333,2.104447277180195,1.0
nmt,5565600,1,6.224137931034483,6.587650816181689,2.0833333333333335,2.4835578217441565,3.0
nmt,5569200,0,2.810344827586207,6.583687943262412,2.0,2.1868462573953256,1.0
nmt,5572800,3,3.0344827586206895,6.579021970233876,1.9583333333333333,1.7494770059162605,14.0
nmt,5576400,2,3.293103448275862,6.576487252124646,1.5,1.9995816047330086,0.0
nmt,5580000,0,3.0,6.573248407643312,1.5833333333333333,1.999665283786407,0.0
nmt,5583600,0,0.3448275862068966,6.5685997171145685,1.5833333333333333,1.5997322270291257,0.0
nmt,5587200,1,0.3275862068965517,6.563957597173145,1.5833333333333333,1.2797857816233007,0.0
nmt,5590800,0,0.03389830508474576,6.560028248587571,1.625,1.2238286252986406,0.0
nmt,5594400,0,0.0,6.555398729710657,1.625,0.9790629002389125,0.0
nmt,5598000,0,0.0,6.550775740479549,1.625,0.7832503201911301,0.0
nmt,5601600,0,0.03389830508474576,6.546159267089499,1.625,0.626600256152904,0.0
nmt,5605200,0,0.01694915254237288,6.541549295774648,1.625,0.5012802049223233,0.0
nmt,5608800,0,0.0,6.536945812807882,1.625,0.40102416393785867,0.0
nmt,5612400,0,0.13559322033898305,6.532348804500703,1.625,0.32081933115028693,0.0
nmt,5616000,0,0.3220338983050847,6.527758257203092,1.625,0.25665546492022956,0.0
nmt,5619600,0,2.3389830508474576,6.52317415730337,1.625,0.20532437193618366,0.0
nmt,5623200,0,2.6779661016949152,6.51859649122807,1.625,0.16425949754894695,10.0
nmt,5626800,0,22.54237288135593,6.514025245441795,1.2083333333333333,0.13140759803915755,4.0
nmt,5630400,0,32.3728813559322,6.509460406447092,1.0416666666666667,0.10512607843132604,11.0
nmt,5634000,0,42.71186440677966,6.504901960784314,0.5833333333333334,0.08410086274506084,2.0
nmt,5637600,71,4.237288135593221,6.500349895031491,0.5,0.06728069019604868,1.0
nmt,5641200,2,15.796610169491526,6.545454545454546,3.4166666666666665,14.25382455215684,0.0
nmt,5644800,0,6.932203389830509,6.5422781271837875,3.5,11.803059641725472,0.0
nmt,5648400,0,8.457627118644067,6.537709497206704,3.5,9.442447713380378,4.0
nmt,5652000,0,6.135593220338983,6.53314724354501,3.3333333333333335,7.553958170704303,1.0
nmt,5655600,0,2.76271186440678,6.528591352859135,3.2916666666666665,6.043166536563443,0.0
nmt,5659200,0,3.0338983050847457,6.52404181184669,3.2916666666666665,4.834533229250755,3.0
nmt,5662800,0,3.2711864406779663,6.5194986072423395,3.1666666666666665,3.867626583400604,2.0
nmt,5666400,0,2.9491525423728815,6.514961725817676,3.0833333333333335,3.0941012667204832,0.0
nmt,5670000,0,0.3389830508474576,6.510431154381084,3.0833333333333335,2.475281013376387,0.0
nmt,5673600,0,0.3389830508474576,6.505906879777624,3.0833333333333335,1.9802248107011096,1.0
nmt,5677200,0,0.03333333333333333,6.501388888888889,3.0416666666666665,1.5841798485608878,0.0
nmt,5680800,0,0.0,6.496877168632894,3.0416666666666665,1.2673438788487104,0.0
nmt,5684400,0,0.0,6.492371705963939,3.0416666666666665,1.0138751030789683,0.0
nmt,5688000,0,0.03333333333333333,6.487872487872488,3.0416666666666665,0.8111000824631747,0.0
nmt,5691600,0,0.016666666666666666,6.483379501385041,3.0416666666666665,0.6488800659705398,0.0
nmt,5695200,0,0.0,6.478892733564014,3.0416666666666665,0.5191040527764319,0.0
nmt,5698800,0,0.13333333333333333,6.474412171507607,3.0416666666666665,0.41528324222114554,0.0
nmt,5702400,0,0.31666666666666665,6.469937802349689,3.0416666666666665,0.33222659377691643,0.0
nmt,5706000,0,2.3,6.4654696132596685,3.0416666666666665,0.26578127502153315,0.0
nmt,5709600,3,2.6333333333333333,6.461007591442374,3.0416666666666665,0.21262502001722652,0.0
nmt,5713200,0,22.166666666666668,6.458620689655173,3.1666666666666665,0.7701000160137813,0.0
nmt,5716800,0,31.833333333333332,6.4541695382494835,3.1666666666666665,0.6160800128110251,0.0
nmt,5720400,0,42.0,6.449724517906336,3.1666666666666665,0.4928640102488201,0.0
nmt,5724000,0,5.35,6.445285615966965,3.1666666666666665,0.3942912081990561,71.0
nmt,5727600,71,15.566666666666666,6.440852819807428,0.20833333333333334,0.3154329665592449,2.0
nmt,5731200,2,6.816666666666666,6.4852233676975946,3.0833333333333335,14.452346373247398,0.0
nmt,5734800,0,8.316666666666666,6.482142857142857,3.1666666666666665,11.961877098597919,0.0
nmt,5738400,0,6.033333333333333,6.477693891557996,3.1666666666666665,9.569501678878336,0.0
nmt,5742000,0,2.716666666666667,6.473251028806584,3.1666666666666665,7.655601343102669,0.0
nmt,5745600,0,2.9833333333333334,6.468814256339959,3.1666666666666665,6.124481074482135,0.0
nmt,5749200,2,3.216666666666667,6.464383561643835,3.1666666666666665,4.899584859585708,0.0
nmt,5752800,0,2.9,6.461327857631759,3.25,4.319667887668567,0.0
nmt,5756400,0,0.3333333333333333,6.456908344733242,3.25,3.455734310134854,0.0
nmt,5760000,0,0.3333333333333333,6.452494873547505,3.25,2.7645874481078834,0.0
nmt,5763600,0,0.03278688524590164,6.448087431693989,3.25,2.211669958486307,0.0
nmt,5767200,0,0.0,6.4436860068259385,3.25,1.7693359667890456,0.0
nmt,5770800,0,0.0,6.439290586630286,3.25,1.4154687734312366,0.0
nmt,5774400,0,0.03278688524590164,6.4349011588275395,3.25,1.1323750187449892,0.0
nmt,5778000,0,0.01639344262295082,6.430517711171662,3.25,0.9059000149959915,0.0
nmt,5781600,0,0.0,6.426140231449966,3.25,0.7247200119967933,0.0
nmt,5785200,0,0.13114754098360656,6.421768707482993,3.25,0.5797760095974346,0.0
nmt,5788800,0,0.3114754098360656,6.417403127124405,3.25,0.4638208076779477,0.0
nmt,5792400,0,2.262295081967213,6.413043478260869,3.25,0.37105664614235817,0.0
nmt,5796000,4,2.639344262295082,6.408689748811948,3.25,0.29684531691388655,3.0
nmt,5799600,3,21.80327868852459,6.407055630936228,3.2916666666666665,1.0374762535311093,0.0
nmt,5803200,2,31.311475409836067,6.4047457627118645,3.4166666666666665,1.4299810028248876,0.0
nmt,5806800,0,41.31147540983606,6.401761517615176,3.5,1.54398480225991,0.0
nmt,5810400,73,5.262295081967213,6.397427217332431,3.5,1.235187841807928,0.0
nmt,5814000,3,16.475409836065573,6.442489851150203,6.541666666666667,15.588150273446344,71.0
nmt,5817600,5,6.737704918032787,6.440162271805274,3.7083333333333335,13.070520218757075,2.0
nmt,5821200,2,8.180327868852459,6.4391891891891895,3.8333333333333335,11.45641617500566,0.0
nmt,5824800,3,5.934426229508197,6.436191762322755,3.9166666666666665,9.56513294000453,0.0
nmt,5828400,5,2.6721311475409837,6.433873144399461,4.041666666666667,8.252106352003624,0.0
nmt,5832000,4,2.9344262295081966,6.432906271072151,4.25,7.601685081602899,0.0
nmt,5835600,3,3.19672131147541,6.431266846361186,4.416666666666667,6.88134806528232,2.0
nmt,5839200,2,2.8524590163934427,6.4289562289562285,4.458333333333333,6.105078452225856,0.0
nmt,5842800,0,0.32786885245901637,6.425975773889637,4.541666666666667,5.284062761780685,0.0
nmt,5846400,0,0.32786885245901637,6.421654337592468,4.541666666666667,4.2272502094245485,0.0
nmt,5850000,0,0.03225806451612903,6.417338709677419,4.541666666666667,3.381800167539639,0.0
nmt,5853600,0,0.0,6.413028878441907,4.541666666666667,2.7054401340317114,0.0
nmt,5857200,0,0.0,6.408724832214765,4.541666666666667,2.164352107225369,0.0
nmt,5860800,1,0.03225806451612903,6.4044265593561365,4.541666666666667,1.7314816857802953,0.0
nmt,5864400,0,0.016129032258064516,6.400804289544236,4.583333333333333,1.5851853486242362,0.0
nmt,5868000,0,0.0,6.3965170797052915,4.583333333333333,1.268148278899389,0.0
nmt,5871600,0,0.12903225806451613,6.392235609103079,4.583333333333333,1.0145186231195111,0.0
nmt,5875200,0,0.3064516129032258,6.3879598662207355,4.583333333333333,0.811614898495609,0.0
nmt,5878800,2,2.225806451612903,6.383689839572193,4.583333333333333,0.6492919187964872,0.0
nmt,5882400,2,2.661290322580645,6.380761523046092,4.666666666666667,0.9194335350371898,4.0
nmt,5886000,1,21.5,6.377837116154873,4.583333333333333,1.135546828029752,3.0
nmt,5889600,0,30.838709677419356,6.374249499666444,4.5,1.1084374624238016,2.0
nmt,5893200,1,40.645161290322584,6.37,4.416666666666667,0.8867499699390413,0.0
nmt,5896800,8,6.354838709677419,6.366422385076616,4.458333333333333,0.909399975951233,73.0
nmt,5900400,72,16.258064516129032,6.3675099866844205,1.75,2.3275199807609868,3.0
nmt,5904000,3,6.709677419354839,6.411177644710579,4.625,16.26201598460879,5.0
nmt,5907600,0,8.080645161290322,6.408909574468085,4.541666666666667,13.609612787687032,2.0
nmt,5911200,2,5.887096774193548,6.404651162790698,4.458333333333333,10.887690230149627,3.0
nmt,5914800,15,2.7096774193548385,6.401726427622842,4.416666666666667,9.110152184119702,5.0
nmt,5918400,0,2.9516129032258065,6.40743198407432,4.833333333333333,10.288121747295762,4.0
nmt,5922000,1,3.193548387096774,6.403183023872679,4.666666666666667,8.23049739783661,3.0
nmt,5925600,1,2.838709677419355,6.399602385685885,4.583333333333333,6.784397918269288,2.0
nmt,5929200,0,0.3225806451612903,6.396026490066225,4.541666666666667,5.627518334615432,0.0
nmt,5932800,0,0.3225806451612903,6.391793514228987,4.541666666666667,4.502014667692346,0.0
nmt,5936400,0,0.031746031746031744,6.387566137566138,4.541666666666667,3.601611734153877,0.0
nmt,5940000,0,0.0,6.3833443489755455,4.541666666666667,2.881289387323102,0.0
nmt,5943600,1,0.0,6.379128137384412,4.541666666666667,2.3050315098584817,0.0
nmt,5947200,1,0.047619047619047616,6.375577557755776,4.583333333333333,2.0440252078867855,1.0
nmt,5950800,2,0.015873015873015872,6.372031662269129,4.583333333333333,1.8352201663094285,0.0
nmt,5954400,1,0.0,6.36914963744232,4.666666666666667,1.8681761330475428,0.0
nmt,5958000,2,0.12698412698412698,6.365612648221344,4.708333333333333,1.6945409064380343,0.0
nmt,5961600,1,0.30158730158730157,6.362738643844635,4.791666666666667,1.7556327251504276,0.0
nmt,5965200,2,2.2222222222222223,6.359210526315789,4.833333333333333,1.6045061801203422,2.0
nmt,5968800,8,2.6507936507936507,6.356344510190664,4.833333333333333,1.683604944096274,2.0
nmt,5972400,1,21.174603174603174,6.35742444152431,5.083333333333333,2.9468839552770194,1.0
nmt,5976000,1,30.349206349206348,6.353906762967827,5.083333333333333,2.5575071642216156,0.0
nmt,5979600,1,40.01587301587302,6.350393700787402,5.125,2.2460057313772928,1.0
nmt,5983200,15,6.380952380952381,6.346885245901639,5.125,1.9968045851018343,8.0
nmt,5986800,12,17.142857142857142,6.352555701179554,5.416666666666667,4.597443668081468,72.0
nmt,5990400,2,6.650793650793651,6.356254092992796,2.9166666666666665,6.077954934465175,3.0
nmt,5994000,4,7.9523809523809526,6.353403141361256,2.875,5.26236394757214,0.0
nmt,5997600,0,5.825396825396825,6.351863963374755,3.0416666666666665,5.009891158057712,2.0
nmt,6001200,76,2.9047619047619047,6.347712418300653,2.9583333333333335,4.00791292644617,15.0
nmt,6004800,4,2.9047619047619047,6.393207054212933,5.5,18.406330341156938,0.0
nmt,6008400,0,3.1587301587301586,6.391644908616188,5.666666666666667,15.525064272925551,1.0
nmt,6012000,2,2.8095238095238093,6.387475538160469,5.625,12.420051418340442,1.0
nmt,6015600,1,0.31746031746031744,6.384615384615385,5.666666666666667,10.336041134672355,0.0
nmt,6019200,1,0.31746031746031744,6.381107491856677,5.708333333333333,8.468832907737884,0.0
nmt,6022800,2,0.03125,6.377604166666667,5.75,6.975066326190308,0.0
nmt,6026400,1,0.0,6.374756018217306,5.833333333333333,5.980053060952247,0.0
nmt,6030000,1,0.015625,6.371261378413524,5.875,4.984042448761798,1.0
nmt,6033600,2,0.0625,6.367771280051982,5.875,4.187233959009439,1.0
nmt,6037200,0,0.046875,6.364935064935065,5.916666666666667,3.7497871672075513,2.0
nmt,6040800,0,0.015625,6.36080467229072,5.833333333333333,2.9998297337660413,1.0
nmt,6044400,0,0.15625,6.3566796368352785,5.791666666666667,2.399863787012833,2.0
nmt,6048000,0,0.3125,6.352559948152948,5.708333333333333,1.9198910296102665,1.0
nmt,6051600,1,2.21875,6.348445595854923,5.666666666666667,1.5359128236882134,2.0
nmt,6055200,1,2.734375,6.344983818770227,5.625,1.4287302589505708,8.0
nmt,6058800,2,20.859375,6.3415265200517466,5.333333333333333,1.3429842071604567,1.0
nmt,6062400,2,29.890625,6.3387201034259855,5.375,1.4743873657283655,1.0
nmt,6066000,77,39.40625,6.335917312661499,5.416666666666667,1.5795098925826925,1.0
nmt,6069600,1,6.515625,6.381536475145255,8.583333333333334,16.663607914066155,15.0
nmt,6073200,4,17.0625,6.378064516129032,8.0,13.530886331252924,12.0
nmt,6076800,5,6.578125,6.376531270148291,7.666666666666667,11.62470906500234,2.0
nmt,6080400,10,7.890625,6.375644329896907,7.791666666666667,10.299767252001873,4.0
nmt,6084000,6,5.734375,6.37797810688989,8.041666666666666,10.239813801601498,0.0
nmt,6087600,6,4.046875,6.377734877734878,8.291666666666666,9.3918510412812,76.0
nmt,6091200,3,2.921875,6.377491961414791,5.375,8.71348083302496,4.0
nmt,6094800,3,3.109375,6.375321336760925,5.333333333333333,7.570784666419968,0.0
nmt,6098400,0,2.796875,6.373153500321131,5.458333333333333,6.656627733135975,2.0
nmt,6102000,1,0.328125,6.369062901155328,5.375,5.325302186508781,1.0
nmt,6105600,0,0.328125,6.365618986529827,5.375,4.460241749207025,1.0
nmt,6109200,0,0.06153846153846154,6.361538461538461,5.333333333333333,3.5681933993656205,2.0
nmt,6112800,0,0.015384615384615385,6.357463164638053,5.25,2.8545547194924965,1.0
nmt,6116400,0,0.03076923076923077,6.353393085787452,5.208333333333333,2.283643775593997,1.0
nmt,6120000,1,0.09230769230769231,6.34932821497121,5.166666666666667,1.8269150204751978,2.0
nmt,6123600,2,0.046153846153846156,6.345907928388747,5.125,1.6615320163801583,0.0
nmt,6127200,2,0.015384615384615385,6.343130990415336,5.208333333333333,1.7292256131041266,0.0
nmt,6130800,2,0.15384615384615385,6.340357598978288,5.291666666666667,1.7833804904833013,0.0
nmt,6134400,0,0.3076923076923077,6.337587747287811,5.375,1.8267043923866413,0.0
nmt,6138000,0,2.2,6.333545918367347,5.375,1.461363513909313,1.0
nmt,6141600,5,2.707692307692308,6.32950924155513,5.333333333333333,1.1690908111274505,1.0
nmt,6145200,7,20.56923076923077,6.328662420382166,5.5,1.9352726489019605,2.0
nmt,6148800,71,29.46153846153846,6.329089751750478,5.708333333333333,2.9482181191215684,2.0
nmt,6152400,0,39.98461538461538,6.370229007633588,8.583333333333334,16.558574495297258,77.0
nmt,6156000,2,6.430769230769231,6.366179275270184,5.375,13.246859596237806,1.0
nmt,6159600,3,16.861538461538462,6.363405336721728,5.416666666666667,10.997487676990247,4.0
nmt,6163200,0,6.553846153846154,6.361269841269841,5.375,9.397990141592198,5.0
nmt,6166800,1,7.923076923076923,6.357233502538071,5.166666666666667,7.518392113273759,10.0
nmt,6170400,3,5.7384615384615385,6.353836398224477,4.791666666666667,6.214713690619008,6.0
nmt,6174000,1,4.076923076923077,6.35171102661597,4.666666666666667,5.571770952495207,6.0
nmt,6177600,5,2.923076923076923,6.3483217226092465,4.458333333333333,4.657416761996166,3.0
nmt,6181200,4,3.1076923076923078,6.347468354430379,4.541666666666667,4.725933409596934,3.0
nmt,6184800,7,2.753846153846154,6.345983554712207,4.583333333333333,4.580746727677547,0.0
nmt,6188400,1,0.3384615384615385,6.346396965865992,4.875,5.064597382142038,1.0
nmt,6192000,0,0.3230769230769231,6.34301958307012,4.875,4.251677905713631,0.0
nmt,6195600,0,0.06060606060606061,6.339015151515151,4.875,3.401342324570905,0.0
nmt,6199200,1,0.015151515151515152,6.335015772870663,4.875,2.721073859656724,0.0
nmt,6202800,1,0.030303030303030304,6.3316519546027745,4.916666666666667,2.3768590877253795,0.0
nmt,6206400,1,0.10606060606060606,6.328292375551355,4.958333333333333,2.1014872701803036,1.0
nmt,6210000,2,0.07575757575757576,6.324937027707809,4.958333333333333,1.8811898161442429,2.0
nmt,6213600,1,0.045454545454545456,6.3222152297042165,4.958333333333333,1.9049518529153944,2.0
nmt,6217200,2,0.18181818181818182,6.318867924528302,4.916666666666667,1.7239614823323155,2.0
nmt,6220800,1,0.30303030303030304,6.31615336266499,4.916666666666667,1.7791691858658525,0.0
nmt,6224400,0,2.1666666666666665,6.312814070351759,4.958333333333333,1.623335348692682,0.0
nmt,6228000,0,2.742424242424242,6.308851224105461,4.958333333333333,1.2986682789541457,5.0
nmt,6231600,1,20.363636363636363,6.304893350062735,4.75,1.0389346231633165,7.0
nmt,6235200,0,30.09090909090909,6.301567398119122,4.5,1.0311476985306534,71.0
nmt,6238800,2,39.378787878787875,6.2976190476190474,1.5416666666666667,0.8249181588245227,0.0
nmt,6242400,4,6.363636363636363,6.294927989981215,1.625,1.0599345270596183,2.0
nmt,6246000,2,16.651515151515152,6.293491864831039,1.7083333333333333,1.6479476216476947,3.0
nmt,6249600,71,6.454545454545454,6.290806754221388,1.6666666666666667,1.718358097318156,0.0
nmt,6253200,2,7.818181818181818,6.33125,4.625,15.574686477854526,1.0
nmt,6256800,1,5.696969696969697,6.328544659587758,4.666666666666667,12.859749182283622,3.0
nmt,6260400,0,4.03030303030303,6.32521847690387,4.583333333333333,10.487799345826897,1.0
nmt,6264000,1,2.9545454545454546,6.321272613849033,4.541666666666667,8.390239476661518,5.0
nmt,6267600,0,3.121212121212121,6.317955112219451,4.375,6.912191581329215,4.0
nmt,6271200,0,2.8181818181818183,6.314018691588785,4.208333333333333,5.5297532650633725,7.0
nmt,6274800,0,0.3484848484848485,6.310087173100872,3.9166666666666665,4.423802612050698,1.0
nmt,6278400,0,0.3181818181818182,6.3061605476042315,3.875,3.5390420896405588,0.0
nmt,6282000,0,0.05970149253731343,6.302238805970149,3.875,2.831233671712447,0.0
nmt,6285600,0,0.029850746268656716,6.298321939092604,3.875,2.2649869373699576,1.0
nmt,6289200,0,0.04477611940298507,6.294409937888199,3.8333333333333335,1.8119895498959662,1.0
nmt,6292800,0,0.11940298507462686,6.290502793296089,3.7916666666666665,1.449591639916773,1.0
nmt,6296400,0,0.1044776119402985,6.286600496277916,3.75,1.1596733119334184,2.0
nmt,6300000,0,0.05970149253731343,6.282703037817731,3.6666666666666665,0.9277386495467348,1.0
nmt,6303600,0,0.208955223880597,6.278810408921933,3.625,0.7421909196373879,2.0
nmt,6307200,1,0.31343283582089554,6.274922600619195,3.5416666666666665,0.5937527357099104,1.0
nmt,6310800,1,2.1343283582089554,6.271658415841584,3.5416666666666665,0.6750021885679283,0.0
nmt,6314400,1,2.701492537313433,6.268398268398268,3.5833333333333335,0.7400017508543426,0.0
nmt,6318000,0,20.074626865671643,6.265142150803461,3.625,0.7920014006834741,1.0
nmt,6321600,0,29.64179104477612,6.2612723903644225,3.5833333333333335,0.6336011205467793,0.0
nmt,6325200,70,38.82089552238806,6.257407407407407,3.5833333333333335,0.5068808964374235,2.0
nmt,6328800,1,6.3283582089552235,6.296730413325108,6.416666666666667,14.405504717149938,4.0
nmt,6332400,0,16.432835820895523,6.293464858199753,6.291666666666667,11.724403773719951,2.0
nmt,6336000,1,7.417910447761194,6.289587184226741,6.208333333333333,9.379523018975961,71.0
nmt,6339600,0,7.731343283582089,6.286330049261084,3.2916666666666665,7.703618415180769,2.0
nmt,6343200,1,5.626865671641791,6.282461538461538,3.2083333333333335,6.162894732144616,1.0
nmt,6346800,2,3.970149253731343,6.279212792127922,3.2083333333333335,5.130315785715693,0.0
nmt,6350400,2,2.925373134328358,6.276582667486171,3.2916666666666665,4.504252628572555,1.0
nmt,6354000,0,3.074626865671642,6.273955773955774,3.3333333333333335,4.003402102858044,0.0
nmt,6357600,0,2.7761194029850746,6.270104358502149,3.3333333333333335,3.2027216822864357,0.0
nmt,6361200,0,0.34328358208955223,6.266257668711656,3.3333333333333335,2.5621773458291486,0.0
nmt,6364800,4,0.31343283582089554,6.2624156958920905,3.3333333333333335,2.049741876663319,0.0
nmt,6368400,0,0.058823529411764705,6.261029411764706,3.5,2.439793501330655,0.0
nmt,6372000,0,0.029411764705882353,6.257195345988977,3.5,1.9518348010645241,0.0
nmt,6375600,0,0.04411764705882353,6.253365973072215,3.5,1.5614678408516194,0.0
nmt,6379200,1,0.11764705882352941,6.249541284403669,3.5,1.2491742726812955,0.0
nmt,6382800,2,0.10294117647058823,6.246332518337408,3.5416666666666665,1.1993394181450365,0.0
nmt,6386400,3,0.058823529411764705,6.243738546120953,3.625,1.3594715345160293,0.0
nmt,6390000,1,0.20588235294117646,6.241758241758242,3.75,1.6875772276128236,0.0
nmt,6393600,0,0.3235294117647059,6.238560097620501,3.7916666666666665,1.550061782090259,1.0
nmt,6397200,0,2.1176470588235294,6.234756097560975,3.75,1.2400494256722072,1.0
nmt,6400800,1,2.676470588235294,6.230956733698964,3.7083333333333335,0.9920395405377658,1.0
nmt,6404400,5,19.779411764705884,6.2277710109622415,3.7083333333333335,0.9936316324302126,0.0
nmt,6408000,1,29.205882352941178,6.227023737066342,3.9166666666666665,1.79490530594417,0.0
nmt,6411600,1,39.279411764705884,6.223844282238443,3.9583333333333335,1.635924244755336,70.0
nmt,6415200,2,6.25,6.220668693009118,1.0833333333333333,1.5087393958042687,1.0
nmt,6418800,73,16.191176470588236,6.218104495747266,1.125,1.606991516643415,0.0
nmt,6422400,0,7.323529411764706,6.258652094717669,4.166666666666667,15.885593213314733,1.0
nmt,6426000,2,7.617647058823529,6.254854368932039,4.125,12.708474570651788,0.0
nmt,6429600,5,5.5588235294117645,6.252274105518496,4.208333333333333,10.566779656521431,1.0
nmt,6433200,8,3.9411764705882355,6.251515151515152,4.375,9.453423725217146,2.0
nmt,6436800,3,2.911764705882353,6.252574197456087,4.625,9.162738980173717,2.0
nmt,6440400,0,3.0294117647058822,6.250605326876514,4.666666666666667,7.930191184138975,0.0
nmt,6444000,0,2.735294117647059,6.246823956442832,4.666666666666667,6.34415294731118,0.0
nmt,6447600,0,0.3382352941176471,6.243047158403869,4.666666666666667,5.075322357848944,0.0
