task_type,arrival_count,window_start_s,window_seconds,coverage
scheduling_class_0,699,0,3600,partial_boundary
scheduling_class_0,1245,3600,3600,within_recorded_span_not_independently_verified
scheduling_class_0,1214,7200,3600,within_recorded_span_not_independently_verified
scheduling_class_0,1127,10800,3600,within_recorded_span_not_independently_verified
scheduling_class_0,1348,14400,3600,within_recorded_span_not_independently_verified
scheduling_class_0,992,18000,3600,within_recorded_span_not_independently_verified
scheduling_class_0,1539,21600,3600,within_recorded_span_not_independently_verified
scheduling_class_0,653,25200,3600,within_recorded_span_not_independently_verified
scheduling_class_0,1245,28800,3600,within_recorded_span_not_independently_verified
scheduling_class_0,1203,32400,3600,within_recorded_span_not_independently_verified
scheduling_class_0,1477,36000,3600,within_recorded_span_not_independently_verified
scheduling_class_0,992,39600,3600,within_recorded_span_not_independently_verified
scheduling_class_0,1008,43200,3600,within_recorded_span_not_independently_verified
scheduling_class_0,1413,46800,3600,within_recorded_span_not_independently_verified
scheduling_class_0,1449,50400,3600,within_recorded_span_not_independently_verified
scheduling_class_0,970,54000,3600,within_recorded_span_not_independently_verified
scheduling_class_0,1179,57600,3600,within_recorded_span_not_independently_verified
scheduling_class_0,1142,61200,3600,within_recorded_span_not_independently_verified
scheduling_class_0,1623,64800,3600,within_recorded_span_not_independently_verified
scheduling_class_0,965,68400,3600,within_recorded_span_not_independently_verified
scheduling_class_0,1023,72000,3600,within_recorded_span_not_independently_verified
scheduling_class_0,1283,75600,3600,within_recorded_span_not_independently_verified
scheduling_class_0,1607,79200,3600,within_recorded_span_not_independently_verified
scheduling_class_0,426,82800,3600,within_recorded_span_not_independently_verified
scheduling_class_0,429,86400,3600,within_recorded_span_not_independently_verified
scheduling_class_0,347,90000,3600,within_recorded_span_not_independently_verified
scheduling_class_0,330,93600,3600,within_recorded_span_not_independently_verified
scheduling_class_0,833,97200,3600,within_recorded_span_not_independently_verified
scheduling_class_0,501,100800,3600,within_recorded_span_not_independently_verified
scheduling_class_0,435,104400,3600,within_recorded_span_not_independently_verified
scheduling_class_0,456,108000,3600,within_recorded_span_not_independently_verified
scheduling_class_0,331,111600,3600,within_recorded_span_not_independently_verified
scheduling_class_0,244,115200,3600,within_recorded_span_not_independently_verified
scheduling_class_0,627,118800,3600,within_recorded_span_not_independently_verified
scheduling_class_0,538,122400,3600,within_recorded_span_not_independently_verified
scheduling_class_0,316,126000,3600,within_recorded_span_not_independently_verified
scheduling_class_0,338,129600,3600,within_recorded_span_not_independently_verified
scheduling_class_0,671,133200,3600,within_recorded_span_not_independently_verified
scheduling_class_0,2742,136800,3600,within_recorded_span_not_independently_verified
scheduling_class_0,3071,140400,3600,within_recorded_span_not_independently_verified
scheduling_class_0,2850,144000,3600,within_recorded_span_not_independently_verified
scheduling_class_0,2718,147600,3600,within_recorded_span_not_independently_verified
scheduling_class_0,2457,151200,3600,within_recorded_span_not_independently_verified
scheduling_class_0,1066,154800,3600,within_recorded_span_not_independently_verified
scheduling_class_0,848,158400,3600,within_recorded_span_not_independently_verified
scheduling_class_0,1697,162000,3600,within_recorded_span_not_independently_verified
scheduling_class_0,1548,165600,3600,within_recorded_span_not_independently_verified
scheduling_class_0,1007,169200,3600,within_recorded_span_not_independently_verified
scheduling_class_0,1431,172800,3600,within_recorded_span_not_independently_verified
scheduling_class_0,1332,176400,3600,within_recorded_span_not_independently_verified
scheduling_class_0,1040,180000,3600,within_recorded_span_not_independently_verified
scheduling_class_0,1822,183600,3600,within_recorded_span_not_independently_verified
scheduling_class_0,1074,187200,3600,within_recorded_span_not_independently_verified
scheduling_class_0,1024,190800,3600,within_recorded_span_not_independently_verified
scheduling_class_0,1480,194400,3600,within_recorded_span_not_independently_verified
scheduling_class_0,1137,198000,3600,within_recorded_span_not_independently_verified
scheduling_class_0,1162,201600,3600,within_recorded_span_not_independently_verified
scheduling_class_0,1428,205200,3600,within_recorded_span_not_independently_verified
scheduling_class_0,1520,208800,3600,within_recorded_span_not_independently_verified
scheduling_class_0,938,212400,3600,within_recorded_span_not_independently_verified
scheduling_class_0,1187,216000,3600,within_recorded_span_not_independently_verified
scheduling_class_0,850,219600,3600,within_recorded_span_not_independently_verified
scheduling_class_0,1720,223200,3600,within_recorded_span_not_independently_verified
scheduling_class_0,1261,226800,3600,within_recorded_span_not_independently_verified
scheduling_class_0,1158,230400,3600,within_recorded_span_not_independently_verified
scheduling_class_0,1203,234000,3600,within_recorded_span_not_independently_verified
scheduling_class_0,1122,237600,3600,within_recorded_span_not_independently_verified
scheduling_class_0,1042,241200,3600,within_recorded_span_not_independently_verified
scheduling_class_0,1398,244800,3600,within_recorded_span_not_independently_verified
scheduling_class_0,1649,248400,3600,within_recorded_span_not_independently_verified
scheduling_class_0,1262,252000,3600,within_recorded_span_not_independently_verified
scheduling_class_0,1123,255600,3600,within_recorded_span_not_independently_verified
scheduling_class_0,1074,259200,3600,within_recorded_span_not_independently_verified
scheduling_class_0,1237,262800,3600,within_recorded_span_not_independently_verified
scheduling_class_0,1140,266400,3600,within_recorded_span_not_independently_verified
scheduling_class_0,1440,270000,3600,within_recorded_span_not_independently_verified
scheduling_class_0,1608,273600,3600,within_recorded_span_not_independently_verified
scheduling_class_0,1280,277200,3600,within_recorded_span_not_independently_verified
scheduling_class_0,1093,280800,3600,within_recorded_span_not_independently_verified
scheduling_class_0,1056,284400,3600,within_recorded_span_not_independently_verified
scheduling_class_0,1147,288000,3600,within_recorded_span_not_independently_verified
scheduling_class_0,1551,291600,3600,within_recorded_span_not_independently_verified
scheduling_class_0,1339,295200,3600,within_recorded_span_not_independently_verified
scheduling_class_0,1252,298800,3600,within_recorded_span_not_independently_verified
scheduling_class_0,1040,302400,3600,within_recorded_span_not_independently_verified
scheduling_class_0,1350,306000,3600,within_recorded_span_not_independently_verified
scheduling_class_0,1215,309600,3600,within_recorded_span_not_independently_verified
scheduling_class_0,1537,313200,3600,within_recorded_span_not_independently_verified
scheduling_class_0,1474,316800,3600,within_recorded_span_not_independently_verified
scheduling_class_0,1329,320400,3600,within_recorded_span_not_independently_verified
scheduling_class_0,1120,324000,3600,within_recorded_span_not_independently_verified
scheduling_class_0,1117,327600,3600,within_recorded_span_not_independently_verified
scheduling_class_0,994,331200,3600,within_recorded_span_not_independently_verified
scheduling_class_0,1187,334800,3600,within_recorded_span_not_independently_verified
scheduling_class_0,1600,338400,3600,within_recorded_span_not_independently_verified
scheduling_class_0,1116,342000,3600,within_recorded_span_not_independently_verified
scheduling_class_0,923,345600,3600,within_recorded_span_not_independently_verified
scheduling_class_0,1202,349200,3600,within_recorded_span_not_independently_verified
scheduling_class_0,1080,352800,3600,within_recorded_span_not_independently_verified
scheduling_class_0,1461,356400,3600,within_recorded_span_not_independently_verified
scheduling_class_0,1270,360000,3600,within_recorded_span_not_independently_verified
scheduling_class_0,874,363600,3600,within_recorded_span_not_independently_verified
scheduling_class_0,1341,367200,3600,within_recorded_span_not_independently_verified
scheduling_class_0,985,370800,3600,within_recorded_span_not_independently_verified
scheduling_class_0,1183,374400,3600,within_recorded_span_not_independently_verified
scheduling_class_0,1805,378000,3600,within_recorded_span_not_independently_verified
scheduling_class_0,1189,381600,3600,within_recorded_span_not_independently_verified
scheduling_class_0,1265,385200,3600,within_recorded_span_not_independently_verified
scheduling_class_0,931,388800,3600,within_recorded_span_not_independently_verified
scheduling_class_0,1295,392400,3600,within_recorded_span_not_independently_verified
scheduling_class_0,1118,396000,3600,within_recorded_span_not_independently_verified
scheduling_class_0,1477,399600,3600,within_recorded_span_not_independently_verified
scheduling_class_0,1251,403200,3600,within_recorded_span_not_independently_verified
scheduling_class_0,1289,406800,3600,within_recorded_span_not_independently_verified
scheduling_class_0,1090,410400,3600,within_recorded_span_not_independently_verified
scheduling_class_0,1120,414000,3600,within_recorded_span_not_independently_verified
scheduling_class_0,980,417600,3600,within_recorded_span_not_independently_verified
scheduling_class_0,1610,421200,3600,within_recorded_span_not_independently_verified
scheduling_class_0,1129,424800,3600,within_recorded_span_not_independently_verified
scheduling_class_0,1311,428400,3600,within_recorded_span_not_independently_verified
scheduling_class_0,1425,432000,3600,within_recorded_span_not_independently_verified
scheduling_class_0,875,435600,3600,within_recorded_span_not_independently_verified
scheduling_class_0,1606,439200,3600,within_recorded_span_not_independently_verified
scheduling_class_0,1320,442800,3600,within_recorded_span_not_independently_verified
scheduling_class_0,1350,446400,3600,within_recorded_span_not_independently_verified
scheduling_class_0,1016,450000,3600,within_recorded_span_not_independently_verified
scheduling_class_0,1175,453600,3600,within_recorded_span_not_independently_verified
scheduling_class_0,1458,457200,3600,within_recorded_span_not_independently_verified
scheduling_class_0,1077,460800,3600,within_recorded_span_not_independently_verified
scheduling_class_0,1131,464400,3600,within_recorded_span_not_independently_verified
scheduling_class_0,1032,468000,3600,within_recorded_span_not_independently_verified
scheduling_class_0,1966,471600,3600,within_recorded_span_not_independently_verified
scheduling_class_0,798,475200,3600,within_recorded_span_not_independently_verified
scheduling_class_0,800,478800,3600,within_recorded_span_not_independently_verified
scheduling_class_0,558,482400,3600,within_recorded_span_not_independently_verified
scheduling_class_0,1807,486000,3600,within_recorded_span_not_independently_verified
scheduling_class_0,1097,489600,3600,within_recorded_span_not_independently_verified
scheduling_class_0,980,493200,3600,within_recorded_span_not_independently_verified
scheduling_class_0,1575,496800,3600,within_recorded_span_not_independently_verified
scheduling_class_0,1275,500400,3600,within_recorded_span_not_independently_verified
scheduling_class_0,1319,504000,3600,within_recorded_span_not_independently_verified
scheduling_class_0,1289,507600,3600,within_recorded_span_not_independently_verified
scheduling_class_0,1234,511200,3600,within_recorded_span_not_independently_verified
scheduling_class_0,1770,514800,3600,within_recorded_span_not_independently_verified
scheduling_class_0,1472,518400,3600,within_recorded_span_not_independently_verified
scheduling_class_0,823,522000,3600,within_recorded_span_not_independently_verified
scheduling_class_0,961,525600,3600,within_recorded_span_not_independently_verified
scheduling_class_0,1856,529200,3600,within_recorded_span_not_independently_verified
scheduling_class_0,1859,532800,3600,within_recorded_span_not_independently_verified
scheduling_class_0,1415,536400,3600,within_recorded_span_not_independently_verified
scheduling_class_0,1131,540000,3600,within_recorded_span_not_independently_verified
scheduling_class_0,1322,543600,3600,within_recorded_span_not_independently_verified
scheduling_class_0,1415,547200,3600,within_recorded_span_not_independently_verified
scheduling_class_0,1405,550800,3600,within_recorded_span_not_independently_verified
scheduling_class_0,1567,554400,3600,within_recorded_span_not_independently_verified
scheduling_class_0,1630,558000,3600,within_recorded_span_not_independently_verified
scheduling_class_0,1512,561600,3600,within_recorded_span_not_independently_verified
scheduling_class_0,1225,565200,3600,within_recorded_span_not_independently_verified
scheduling_class_0,1402,568800,3600,within_recorded_span_not_independently_verified
scheduling_class_0,1827,572400,3600,within_recorded_span_not_independently_verified
scheduling_class_0,2288,576000,3600,within_recorded_span_not_independently_verified
scheduling_class_0,1745,579600,3600,within_recorded_span_not_independently_verified
scheduling_class_0,1832,583200,3600,within_recorded_span_not_independently_verified
scheduling_class_0,2623,586800,3600,within_recorded_span_not_independently_verified
scheduling_class_0,2508,590400,3600,within_recorded_span_not_independently_verified
scheduling_class_0,2390,594000,3600,within_recorded_span_not_independently_verified
scheduling_class_0,2483,597600,3600,within_recorded_span_not_independently_verified
scheduling_class_0,2425,601200,3600,within_recorded_span_not_independently_verified
scheduling_class_0,2645,604800,3600,within_recorded_span_not_independently_verified
scheduling_class_0,2141,608400,3600,within_recorded_span_not_independently_verified
scheduling_class_0,2048,612000,3600,within_recorded_span_not_independently_verified
scheduling_class_0,3329,615600,3600,within_recorded_span_not_independently_verified
scheduling_class_0,2180,619200,3600,within_recorded_span_not_independently_verified
scheduling_class_0,2443,622800,3600,within_recorded_span_not_independently_verified
scheduling_class_0,2132,626400,3600,within_recorded_span_not_independently_verified
scheduling_class_0,2928,630000,3600,within_recorded_span_not_independently_verified
scheduling_class_0,2475,633600,3600,within_recorded_span_not_independently_verified
scheduling_class_0,2954,637200,3600,within_recorded_span_not_independently_verified
scheduling_class_0,2364,640800,3600,within_recorded_span_not_independently_verified
scheduling_class_0,2891,644400,3600,within_recorded_span_not_independently_verified
scheduling_class_0,2323,648000,3600,within_recorded_span_not_independently_verified
scheduling_class_0,2346,651600,3600,within_recorded_span_not_independently_verified
scheduling_class_0,2248,655200,3600,within_recorded_span_not_independently_verified
scheduling_class_0,2456,658800,3600,within_recorded_span_not_independently_verified
scheduling_class_0,2942,662400,3600,within_recorded_span_not_independently_verified
scheduling_class_0,2378,666000,3600,within_recorded_span_not_independently_verified
scheduling_class_0,1974,669600,3600,within_recorded_span_not_independently_verified
scheduling_class_0,1681,673200,3600,within_recorded_span_not_independently_verified
scheduling_class_0,2473,676800,3600,within_recorded_span_not_independently_verified
scheduling_class_0,2381,680400,3600,within_recorded_span_not_independently_verified
scheduling_class_0,2576,684000,3600,within_recorded_span_not_independently_verified
scheduling_class_0,2997,687600,3600,within_recorded_span_not_independently_verified
scheduling_class_0,2708,691200,3600,within_recorded_span_not_independently_verified
scheduling_class_0,2921,694800,3600,within_recorded_span_not_independently_verified
scheduling_class_0,2418,698400,3600,within_recorded_span_not_independently_verified
scheduling_class_0,2853,702000,3600,within_recorded_span_not_independently_verified
scheduling_class_0,2571,705600,3600,within_recorded_span_not_independently_verified
scheduling_class_0,3007,709200,3600,within_recorded_span_not_independently_verified
scheduling_class_0,2838,712800,3600,within_recorded_span_not_independently_verified
scheduling_class_0,2924,716400,3600,within_recorded_span_not_independently_verified
scheduling_class_0,2898,720000,3600,within_recorded_span_not_independently_verified
scheduling_class_0,3204,723600,3600,within_recorded_span_not_independently_verified
scheduling_class_0,2976,727200,3600,within_recorded_span_not_independently_verified
scheduling_class_0,2571,730800,3600,within_recorded_span_not_independently_verified
scheduling_class_0,2721,734400,3600,within_recorded_span_not_independently_verified
scheduling_class_0,2553,738000,3600,within_recorded_span_not_independently_verified
scheduling_class_0,2440,741600,3600,within_recorded_span_not_independently_verified
scheduling_class_0,2883,745200,3600,within_recorded_span_not_independently_verified
scheduling_class_0,2963,748800,3600,within_recorded_span_not_independently_verified
scheduling_class_0,2469,752400,3600,within_recorded_span_not_independently_verified
scheduling_class_0,2535,756000,3600,within_recorded_span_not_independently_verified
scheduling_class_0,2761,759600,3600,within_recorded_span_not_independently_verified
scheduling_class_0,2704,763200,3600,within_recorded_span_not_independently_verified
scheduling_class_0,3216,766800,3600,within_recorded_span_not_independently_verified
scheduling_class_0,3043,770400,3600,within_recorded_span_not_independently_verified
scheduling_class_0,2885,774000,3600,within_recorded_span_not_independently_verified
scheduling_class_0,2553,777600,3600,within_recorded_span_not_independently_verified
scheduling_class_0,2910,781200,3600,within_recorded_span_not_independently_verified
scheduling_class_0,2714,784800,3600,within_recorded_span_not_independently_verified
scheduling_class_0,3555,788400,3600,within_recorded_span_not_independently_verified
scheduling_class_0,2730,792000,3600,within_recorded_span_not_independently_verified
scheduling_class_0,2772,795600,3600,within_recorded_span_not_independently_verified
scheduling_class_0,2701,799200,3600,within_recorded_span_not_independently_verified
scheduling_class_0,2845,802800,3600,within_recorded_span_not_independently_verified
scheduling_class_0,2671,806400,3600,within_recorded_span_not_independently_verified
scheduling_class_0,3037,810000,3600,within_recorded_span_not_independently_verified
scheduling_class_0,2971,813600,3600,within_recorded_span_not_independently_verified
scheduling_class_0,2748,817200,3600,within_recorded_span_not_independently_verified
scheduling_class_0,2372,820800,3600,within_recorded_span_not_independently_verified
scheduling_class_0,2638,824400,3600,within_recorded_span_not_independently_verified
scheduling_class_0,2191,828000,3600,within_recorded_span_not_independently_verified
scheduling_class_0,2091,831600,3600,within_recorded_span_not_independently_verified
scheduling_class_0,2087,835200,3600,within_recorded_span_not_independently_verified
scheduling_class_0,1892,838800,3600,within_recorded_span_not_independently_verified
scheduling_class_0,2202,842400,3600,within_recorded_span_not_independently_verified
scheduling_class_0,2566,846000,3600,within_recorded_span_not_independently_verified
scheduling_class_0,2720,849600,3600,within_recorded_span_not_independently_verified
scheduling_class_0,3253,853200,3600,within_recorded_span_not_independently_verified
scheduling_class_0,3029,856800,3600,within_recorded_span_not_independently_verified
scheduling_class_0,2974,860400,3600,within_recorded_span_not_independently_verified
scheduling_class_0,2951,864000,3600,within_recorded_span_not_independently_verified
scheduling_class_0,2883,867600,3600,within_recorded_span_not_independently_verified
scheduling_class_0,2887,871200,3600,within_recorded_span_not_independently_verified
scheduling_class_0,3352,874800,3600,within_recorded_span_not_independently_verified
scheduling_class_0,2926,878400,3600,within_recorded_span_not_independently_verified
scheduling_class_0,3702,882000,3600,within_recorded_span_not_independently_verified
scheduling_class_0,2886,885600,3600,within_recorded_span_not_independently_verified
scheduling_class_0,2973,889200,3600,within_recorded_span_not_independently_verified
scheduling_class_0,2943,892800,3600,within_recorded_span_not_independently_verified
scheduling_class_0,3150,896400,3600,within_recorded_span_not_independently_verified
scheduling_class_0,2818,900000,3600,within_recorded_span_not_independently_verified
scheduling_class_0,2866,903600,3600,within_recorded_span_not_independently_verified
scheduling_class_0,2913,907200,3600,within_recorded_span_not_independently_verified
scheduling_class_0,3065,910800,3600,within_recorded_span_not_independently_verified
scheduling_class_0,2877,914400,3600,within_recorded_span_not_independently_verified
scheduling_class_0,3201,918000,3600,within_recorded_span_not_independently_verified
scheduling_class_0,3087,921600,3600,within_recorded_span_not_independently_verified
scheduling_class_0,3041,925200,3600,within_recorded_span_not_independently_verified
scheduling_class_0,2861,928800,3600,within_recorded_span_not_independently_verified
scheduling_class_0,2928,932400,3600,within_recorded_span_not_independently_verified
scheduling_class_0,2979,936000,3600,within_recorded_span_not_independently_verified
scheduling_class_0,3322,939600,3600,within_recorded_span_not_independently_verified
scheduling_class_0,3033,943200,3600,within_recorded_span_not_independently_verified
scheduling_class_0,3068,946800,3600,within_recorded_span_not_independently_verified
scheduling_class_0,2847,950400,3600,within_recorded_span_not_independently_verified
scheduling_class_0,2975,954000,3600,within_recorded_span_not_independently_verified
scheduling_class_0,2829,957600,3600,within_recorded_span_not_independently_verified
scheduling_class_0,3354,961200,3600,within_recorded_span_not_independently_verified
scheduling_class_0,2988,964800,3600,within_recorded_span_not_independently_verified
scheduling_class_0,3035,968400,3600,within_recorded_span_not_independently_verified
scheduling_class_0,2847,972000,3600,within_recorded_span_not_independently_verified
scheduling_class_0,2839,975600,3600,within_recorded_span_not_independently_verified
scheduling_class_0,2819,979200,3600,within_recorded_span_not_independently_verified
scheduling_class_0,3032,982800,3600,within_recorded_span_not_independently_verified
scheduling_class_0,2771,986400,3600,within_recorded_span_not_independently_verified
scheduling_class_0,2922,990000,3600,within_recorded_span_not_independently_verified
scheduling_class_0,2718,993600,3600,within_recorded_span_not_independently_verified
scheduling_class_0,2838,997200,3600,within_recorded_span_not_independently_verified
scheduling_class_0,2873,1000800,3600,within_recorded_span_not_independently_verified
scheduling_class_0,3249,1004400,3600,within_recorded_span_not_independently_verified
scheduling_class_0,2921,1008000,3600,within_recorded_span_not_independently_verified
scheduling_class_0,2945,1011600,3600,within_recorded_span_not_independently_verified
scheduling_class_0,2859,1015200,3600,within_recorded_span_not_independently_verified
scheduling_class_0,2876,1018800,3600,within_recorded_span_not_independently_verified
scheduling_class_0,2775,1022400,3600,within_recorded_span_not_independently_verified
scheduling_class_0,3192,1026000,3600,within_recorded_span_not_independently_verified
scheduling_class_0,3051,1029600,3600,within_recorded_span_not_independently_verified
scheduling_class_0,2966,1033200,3600,within_recorded_span_not_independently_verified
scheduling_class_0,2791,1036800,3600,within_recorded_span_not_independently_verified
scheduling_class_0,2821,1040400,3600,within_recorded_span_not_independently_verified
scheduling_class_0,2848,1044000,3600,within_recorded_span_not_independently_verified
scheduling_class_0,3179,1047600,3600,within_recorded_span_not_independently_verified
scheduling_class_0,2555,1051200,3600,within_recorded_span_not_independently_verified
scheduling_class_0,2823,1054800,3600,within_recorded_span_not_independently_verified
scheduling_class_0,2436,1058400,3600,within_recorded_span_not_independently_verified
scheduling_class_0,2641,1062000,3600,within_recorded_span_not_independently_verified
scheduling_class_0,2634,1065600,3600,within_recorded_span_not_independently_verified
scheduling_class_0,2898,1069200,3600,within_recorded_span_not_independently_verified
scheduling_class_0,2766,1072800,3600,within_recorded_span_not_independently_verified
scheduling_class_0,2381,1076400,3600,within_recorded_span_not_independently_verified
scheduling_class_0,2765,1080000,3600,within_recorded_span_not_independently_verified
scheduling_class_0,2413,1083600,3600,within_recorded_span_not_independently_verified
scheduling_class_0,2553,1087200,3600,within_recorded_span_not_independently_verified
scheduling_class_0,2762,1090800,3600,within_recorded_span_not_independently_verified
scheduling_class_0,2843,1094400,3600,within_recorded_span_not_independently_verified
scheduling_class_0,2650,1098000,3600,within_recorded_span_not_independently_verified
scheduling_class_0,2616,1101600,3600,within_recorded_span_not_independently_verified
scheduling_class_0,2612,1105200,3600,within_recorded_span_not_independently_verified
scheduling_class_0,2876,1108800,3600,within_recorded_span_not_independently_verified
scheduling_class_0,2977,1112400,3600,within_recorded_span_not_independently_verified
scheduling_class_0,3101,1116000,3600,within_recorded_span_not_independently_verified
scheduling_class_0,2677,1119600,3600,within_recorded_span_not_independently_verified
scheduling_class_0,2682,1123200,3600,within_recorded_span_not_independently_verified
scheduling_class_0,2749,1126800,3600,within_recorded_span_not_independently_verified
scheduling_class_0,2477,1130400,3600,within_recorded_span_not_independently_verified
scheduling_class_0,3048,1134000,3600,within_recorded_span_not_independently_verified
scheduling_class_0,2811,1137600,3600,within_recorded_span_not_independently_verified
scheduling_class_0,2618,1141200,3600,within_recorded_span_not_independently_verified
scheduling_class_0,2698,1144800,3600,within_recorded_span_not_independently_verified
scheduling_class_0,2708,1148400,3600,within_recorded_span_not_independently_verified
scheduling_class_0,2492,1152000,3600,within_recorded_span_not_independently_verified
scheduling_class_0,3067,1155600,3600,within_recorded_span_not_independently_verified
scheduling_class_0,2807,1159200,3600,within_recorded_span_not_independently_verified
scheduling_class_0,2596,1162800,3600,within_recorded_span_not_independently_verified
scheduling_class_0,2011,1166400,3600,within_recorded_span_not_independently_verified
scheduling_class_0,1127,1170000,3600,within_recorded_span_not_independently_verified
scheduling_class_0,1966,1173600,3600,within_recorded_span_not_independently_verified
scheduling_class_0,2409,1177200,3600,within_recorded_span_not_independently_verified
scheduling_class_0,2136,1180800,3600,within_recorded_span_not_independently_verified
scheduling_class_0,2130,1184400,3600,within_recorded_span_not_independently_verified
scheduling_class_0,2394,1188000,3600,within_recorded_span_not_independently_verified
scheduling_class_0,2747,1191600,3600,within_recorded_span_not_independently_verified
scheduling_class_0,2876,1195200,3600,within_recorded_span_not_independently_verified
scheduling_class_0,3110,1198800,3600,within_recorded_span_not_independently_verified
scheduling_class_0,2930,1202400,3600,within_recorded_span_not_independently_verified
scheduling_class_0,2773,1206000,3600,within_recorded_span_not_independently_verified
scheduling_class_0,2974,1209600,3600,within_recorded_span_not_independently_verified
scheduling_class_0,2935,1213200,3600,within_recorded_span_not_independently_verified
scheduling_class_0,2794,1216800,3600,within_recorded_span_not_independently_verified
scheduling_class_0,3069,1220400,3600,within_recorded_span_not_independently_verified
scheduling_class_0,2516,1224000,3600,within_recorded_span_not_independently_verified
scheduling_class_0,2622,1227600,3600,within_recorded_span_not_independently_verified
scheduling_class_0,2779,1231200,3600,within_recorded_span_not_independently_verified
scheduling_class_0,2828,1234800,3600,within_recorded_span_not_independently_verified
scheduling_class_0,2580,1238400,3600,within_recorded_span_not_independently_verified
scheduling_class_0,3087,1242000,3600,within_recorded_span_not_independently_verified
scheduling_class_0,2678,1245600,3600,within_recorded_span_not_independently_verified
scheduling_class_0,2694,1249200,3600,within_recorded_span_not_independently_verified
scheduling_class_0,2276,1252800,3600,within_recorded_span_not_independently_verified
scheduling_class_0,1784,1256400,3600,within_recorded_span_not_independently_verified
scheduling_class_0,365,1260000,3600,within_recorded_span_not_independently_verified
scheduling_class_0,369,1263600,3600,within_recorded_span_not_independently_verified
scheduling_class_0,781,1267200,3600,within_recorded_span_not_independently_verified
scheduling_class_0,363,1270800,3600,within_recorded_span_not_independently_verified
scheduling_class_0,314,1274400,3600,within_recorded_span_not_independently_verified
scheduling_class_0,290,1278000,3600,within_recorded_span_not_independently_verified
scheduling_class_0,420,1281600,3600,within_recorded_span_not_independently_verified
scheduling_class_0,710,1285200,3600,within_recorded_span_not_independently_verified
scheduling_class_0,768,1288800,3600,within_recorded_span_not_independently_verified
scheduling_class_0,516,1292400,3600,within_recorded_span_not_independently_verified
scheduling_class_0,396,1296000,3600,within_recorded_span_not_independently_verified
scheduling_class_0,506,1299600,3600,within_recorded_span_not_independently_verified
scheduling_class_0,408,1303200,3600,within_recorded_span_not_independently_verified
scheduling_class_0,761,1306800,3600,within_recorded_span_not_independently_verified
scheduling_class_0,640,1310400,3600,within_recorded_span_not_independently_verified
scheduling_class_0,565,1314000,3600,within_recorded_span_not_independently_verified
scheduling_class_0,470,1317600,3600,within_recorded_span_not_independently_verified
scheduling_class_0,432,1321200,3600,within_recorded_span_not_independently_verified
scheduling_class_0,525,1324800,3600,within_recorded_span_not_independently_verified
scheduling_class_0,704,1328400,3600,within_recorded_span_not_independently_verified
scheduling_class_0,561,1332000,3600,within_recorded_span_not_independently_verified
scheduling_class_0,521,1335600,3600,within_recorded_span_not_independently_verified
scheduling_class_0,416,1339200,3600,within_recorded_span_not_independently_verified
scheduling_class_0,516,1342800,3600,within_recorded_span_not_independently_verified
scheduling_class_0,406,1346400,3600,within_recorded_span_not_independently_verified
scheduling_class_0,444,1350000,3600,within_recorded_span_not_independently_verified
scheduling_class_0,447,1353600,3600,within_recorded_span_not_independently_verified
scheduling_class_0,457,1357200,3600,within_recorded_span_not_independently_verified
scheduling_class_0,503,1360800,3600,within_recorded_span_not_independently_verified
scheduling_class_0,505,1364400,3600,within_recorded_span_not_independently_verified
scheduling_class_0,749,1368000,3600,within_recorded_span_not_independently_verified
scheduling_class_0,807,1371600,3600,within_recorded_span_not_independently_verified
scheduling_class_0,608,1375200,3600,within_recorded_span_not_independently_verified
scheduling_class_0,626,1378800,3600,within_recorded_span_not_independently_verified
scheduling_class_0,529,1382400,3600,within_recorded_span_not_independently_verified
scheduling_class_0,532,1386000,3600,within_recorded_span_not_independently_verified
scheduling_class_0,425,1389600,3600,within_recorded_span_not_independently_verified
scheduling_class_0,1233,1393200,3600,within_recorded_span_not_independently_verified
scheduling_class_0,642,1396800,3600,within_recorded_span_not_independently_verified
scheduling_class_0,583,1400400,3600,within_recorded_span_not_independently_verified
scheduling_class_0,438,1404000,3600,within_recorded_span_not_independently_verified
scheduling_class_0,521,1407600,3600,within_recorded_span_not_independently_verified
scheduling_class_0,414,1411200,3600,within_recorded_span_not_independently_verified
scheduling_class_0,774,1414800,3600,within_recorded_span_not_independently_verified
scheduling_class_0,505,1418400,3600,within_recorded_span_not_independently_verified
scheduling_class_0,413,1422000,3600,within_recorded_span_not_independently_verified
scheduling_class_0,370,1425600,3600,within_recorded_span_not_independently_verified
scheduling_class_0,468,1429200,3600,within_recorded_span_not_independently_verified
scheduling_class_0,806,1432800,3600,within_recorded_span_not_independently_verified
scheduling_class_0,610,1436400,3600,within_recorded_span_not_independently_verified
scheduling_class_0,565,1440000,3600,within_recorded_span_not_independently_verified
scheduling_class_0,438,1443600,3600,within_recorded_span_not_independently_verified
scheduling_class_0,492,1447200,3600,within_recorded_span_not_independently_verified
scheduling_class_0,417,1450800,3600,within_recorded_span_not_independently_verified
scheduling_class_0,457,1454400,3600,within_recorded_span_not_independently_verified
scheduling_class_0,671,1458000,3600,within_recorded_span_not_independently_verified
scheduling_class_0,583,1461600,3600,within_recorded_span_not_independently_verified
scheduling_class_0,565,1465200,3600,within_recorded_span_not_independently_verified
scheduling_class_0,505,1468800,3600,within_recorded_span_not_independently_verified
scheduling_class_0,560,1472400,3600,within_recorded_span_not_independently_verified
scheduling_class_0,425,1476000,3600,within_recorded_span_not_independently_verified
scheduling_class_0,883,1479600,3600,within_recorded_span_not_independently_verified
scheduling_class_0,466,1483200,3600,within_recorded_span_not_independently_verified
scheduling_class_0,589,1486800,3600,within_recorded_span_not_independently_verified
scheduling_class_0,471,1490400,3600,within_recorded_span_not_independently_verified
scheduling_class_0,479,1494000,3600,within_recorded_span_not_independently_verified
scheduling_class_0,477,1497600,3600,within_recorded_span_not_independently_verified
scheduling_class_0,809,1501200,3600,within_recorded_span_not_independently_verified
scheduling_class_0,603,1504800,3600,within_recorded_span_not_independently_verified
scheduling_class_0,637,1508400,3600,within_recorded_span_not_independently_verified
scheduling_class_0,454,1512000,3600,within_recorded_span_not_independently_verified
scheduling_class_0,497,1515600,3600,within_recorded_span_not_independently_verified
scheduling_class_0,510,1519200,3600,within_recorded_span_not_independently_verified
scheduling_class_0,796,1522800,3600,within_recorded_span_not_independently_verified
scheduling_class_0,514,1526400,3600,within_recorded_span_not_independently_verified
scheduling_class_0,541,1530000,3600,within_recorded_span_not_independently_verified
scheduling_class_0,438,1533600,3600,within_recorded_span_not_independently_verified
scheduling_class_0,439,1537200,3600,within_recorded_span_not_independently_verified
scheduling_class_0,452,1540800,3600,within_recorded_span_not_independently_verified
scheduling_class_0,845,1544400,3600,within_recorded_span_not_independently_verified
scheduling_class_0,607,1548000,3600,within_recorded_span_not_independently_verified
scheduling_class_0,535,1551600,3600,within_recorded_span_not_independently_verified
scheduling_class_0,466,1555200,3600,within_recorded_span_not_independently_verified
scheduling_class_0,505,1558800,3600,within_recorded_span_not_independently_verified
scheduling_class_0,417,1562400,3600,within_recorded_span_not_independently_verified
scheduling_class_0,788,1566000,3600,within_recorded_span_not_independently_verified
scheduling_class_0,622,1569600,3600,within_recorded_span_not_independently_verified
scheduling_class_0,573,1573200,3600,within_recorded_span_not_independently_verified
scheduling_class_0,488,1576800,3600,within_recorded_span_not_independently_verified
scheduling_class_0,536,1580400,3600,within_recorded_span_not_independently_verified
scheduling_class_0,435,1584000,3600,within_recorded_span_not_independently_verified
scheduling_class_0,741,1587600,3600,within_recorded_span_not_independently_verified
scheduling_class_0,569,1591200,3600,within_recorded_span_not_independently_verified
scheduling_class_0,539,1594800,3600,within_recorded_span_not_independently_verified
scheduling_class_0,464,1598400,3600,within_recorded_span_not_independently_verified
scheduling_class_0,484,1602000,3600,within_recorded_span_not_independently_verified
scheduling_class_0,465,1605600,3600,within_recorded_span_not_independently_verified
scheduling_class_0,776,1609200,3600,within_recorded_span_not_independently_verified
scheduling_class_0,668,1612800,3600,within_recorded_span_not_independently_verified
scheduling_class_0,584,1616400,3600,within_recorded_span_not_independently_verified
scheduling_class_0,435,1620000,3600,within_recorded_span_not_independently_verified
scheduling_class_0,546,1623600,3600,within_recorded_span_not_independently_verified
scheduling_class_0,505,1627200,3600,within_recorded_span_not_independently_verified
scheduling_class_0,854,1630800,3600,within_recorded_span_not_independently_verified
scheduling_class_0,551,1634400,3600,within_recorded_span_not_independently_verified
scheduling_class_0,636,1638000,3600,within_recorded_span_not_independently_verified
scheduling_class_0,389,1641600,3600,within_recorded_span_not_independently_verified
scheduling_class_0,574,1645200,3600,within_recorded_span_not_independently_verified
scheduling_class_0,447,1648800,3600,within_recorded_span_not_independently_verified
scheduling_class_0,775,1652400,3600,within_recorded_span_not_independently_verified
scheduling_class_0,670,1656000,3600,within_recorded_span_not_independently_verified
scheduling_class_0,483,1659600,3600,within_recorded_span_not_independently_verified
scheduling_class_0,517,1663200,3600,within_recorded_span_not_independently_verified
scheduling_class_0,435,1666800,3600,within_recorded_span_not_independently_verified
scheduling_class_0,477,1670400,3600,within_recorded_span_not_independently_verified
scheduling_class_0,759,1674000,3600,within_recorded_span_not_independently_verified
scheduling_class_0,515,1677600,3600,within_recorded_span_not_independently_verified
scheduling_class_0,498,1681200,3600,within_recorded_span_not_independently_verified
scheduling_class_0,377,1684800,3600,within_recorded_span_not_independently_verified
scheduling_class_0,583,1688400,3600,within_recorded_span_not_independently_verified
scheduling_class_0,420,1692000,3600,within_recorded_span_not_independently_verified
scheduling_class_0,410,1695600,3600,within_recorded_span_not_independently_verified
scheduling_class_0,779,1699200,3600,within_recorded_span_not_independently_verified
scheduling_class_0,442,1702800,3600,within_recorded_span_not_independently_verified
scheduling_class_0,294,1706400,3600,within_recorded_span_not_independently_verified
scheduling_class_0,479,1710000,3600,within_recorded_span_not_independently_verified
scheduling_class_0,538,1713600,3600,within_recorded_span_not_independently_verified
scheduling_class_0,681,1717200,3600,within_recorded_span_not_independently_verified
scheduling_class_0,684,1720800,3600,within_recorded_span_not_independently_verified
scheduling_class_0,542,1724400,3600,within_recorded_span_not_independently_verified
scheduling_class_0,468,1728000,3600,within_recorded_span_not_independently_verified
scheduling_class_0,547,1731600,3600,within_recorded_span_not_independently_verified
scheduling_class_0,440,1735200,3600,within_recorded_span_not_independently_verified
scheduling_class_0,884,1738800,3600,within_recorded_span_not_independently_verified
scheduling_class_0,563,1742400,3600,within_recorded_span_not_independently_verified
scheduling_class_0,574,1746000,3600,within_recorded_span_not_independently_verified
scheduling_class_0,472,1749600,3600,within_recorded_span_not_independently_verified
scheduling_class_0,585,1753200,3600,within_recorded_span_not_independently_verified
scheduling_class_0,456,1756800,3600,within_recorded_span_not_independently_verified
scheduling_class_0,765,1760400,3600,within_recorded_span_not_independently_verified
scheduling_class_0,604,1764000,3600,within_recorded_span_not_independently_verified
scheduling_class_0,409,1767600,3600,within_recorded_span_not_independently_verified
scheduling_class_0,339,1771200,3600,within_recorded_span_not_independently_verified
scheduling_class_0,325,1774800,3600,within_recorded_span_not_independently_verified
scheduling_class_0,448,1778400,3600,within_recorded_span_not_independently_verified
scheduling_class_0,346,1782000,3600,within_recorded_span_not_independently_verified
scheduling_class_0,709,1785600,3600,within_recorded_span_not_independently_verified
scheduling_class_0,397,1789200,3600,within_recorded_span_not_independently_verified
scheduling_class_0,466,1792800,3600,within_recorded_span_not_independently_verified
scheduling_class_0,424,1796400,3600,within_recorded_span_not_independently_verified
scheduling_class_0,454,1800000,3600,within_recorded_span_not_independently_verified
scheduling_class_0,768,1803600,3600,within_recorded_span_not_independently_verified
scheduling_class_0,584,1807200,3600,within_recorded_span_not_independently_verified
scheduling_class_0,601,1810800,3600,within_recorded_span_not_independently_verified
scheduling_class_0,562,1814400,3600,within_recorded_span_not_independently_verified
scheduling_class_0,456,1818000,3600,within_recorded_span_not_independently_verified
scheduling_class_0,449,1821600,3600,within_recorded_span_not_independently_verified
scheduling_class_0,888,1825200,3600,within_recorded_span_not_independently_verified
scheduling_class_0,586,1828800,3600,within_recorded_span_not_independently_verified
scheduling_class_0,556,1832400,3600,within_recorded_span_not_independently_verified
scheduling_class_0,648,1836000,3600,within_recorded_span_not_independently_verified
scheduling_class_0,461,1839600,3600,within_recorded_span_not_independently_verified
scheduling_class_0,453,1843200,3600,within_recorded_span_not_independently_verified
scheduling_class_0,807,1846800,3600,within_recorded_span_not_independently_verified
scheduling_class_0,603,1850400,3600,within_recorded_span_not_independently_verified
scheduling_class_0,528,1854000,3600,within_recorded_span_not_independently_verified
scheduling_class_0,318,1857600,3600,within_recorded_span_not_independently_verified
scheduling_class_0,280,1861200,3600,within_recorded_span_not_independently_verified
scheduling_class_0,223,1864800,3600,within_recorded_span_not_independently_verified
scheduling_class_0,604,1868400,3600,within_recorded_span_not_independently_verified
scheduling_class_0,538,1872000,3600,within_recorded_span_not_independently_verified
scheduling_class_0,315,1875600,3600,within_recorded_span_not_independently_verified
scheduling_class_0,330,1879200,3600,within_recorded_span_not_independently_verified
scheduling_class_0,342,1882800,3600,within_recorded_span_not_independently_verified
scheduling_class_0,415,1886400,3600,within_recorded_span_not_independently_verified
scheduling_class_0,669,1890000,3600,within_recorded_span_not_independently_verified
scheduling_class_0,577,1893600,3600,within_recorded_span_not_independently_verified
scheduling_class_0,432,1897200,3600,within_recorded_span_not_independently_verified
scheduling_class_0,391,1900800,3600,within_recorded_span_not_independently_verified
scheduling_class_0,363,1904400,3600,within_recorded_span_not_independently_verified
scheduling_class_0,562,1908000,3600,within_recorded_span_not_independently_verified
scheduling_class_0,729,1911600,3600,within_recorded_span_not_independently_verified
scheduling_class_0,487,1915200,3600,within_recorded_span_not_independently_verified
scheduling_class_0,395,1918800,3600,within_recorded_span_not_independently_verified
scheduling_class_0,517,1922400,3600,within_recorded_span_not_independently_verified
scheduling_class_0,488,1926000,3600,within_recorded_span_not_independently_verified
scheduling_class_0,470,1929600,3600,within_recorded_span_not_independently_verified
scheduling_class_0,837,1933200,3600,within_recorded_span_not_independently_verified
scheduling_class_0,612,1936800,3600,within_recorded_span_not_independently_verified
scheduling_class_0,487,1940400,3600,within_recorded_span_not_independently_verified
scheduling_class_0,448,1944000,3600,within_recorded_span_not_independently_verified
scheduling_class_0,466,1947600,3600,within_recorded_span_not_independently_verified
scheduling_class_0,343,1951200,3600,within_recorded_span_not_independently_verified
scheduling_class_0,483,1954800,3600,within_recorded_span_not_independently_verified
scheduling_class_0,691,1958400,3600,within_recorded_span_not_independently_verified
scheduling_class_0,453,1962000,3600,within_recorded_span_not_independently_verified
scheduling_class_0,350,1965600,3600,within_recorded_span_not_independently_verified
scheduling_class_0,426,1969200,3600,within_recorded_span_not_independently_verified
scheduling_class_0,354,1972800,3600,within_recorded_span_not_independently_verified
scheduling_class_0,620,1976400,3600,within_recorded_span_not_independently_verified
scheduling_class_0,514,1980000,3600,within_recorded_span_not_independently_verified
scheduling_class_0,577,1983600,3600,within_recorded_span_not_independently_verified
scheduling_class_0,405,1987200,3600,within_recorded_span_not_independently_verified
scheduling_class_0,356,1990800,3600,within_recorded_span_not_independently_verified
scheduling_class_0,383,1994400,3600,within_recorded_span_not_independently_verified
scheduling_class_0,1105,1998000,3600,within_recorded_span_not_independently_verified
scheduling_class_0,569,2001600,3600,within_recorded_span_not_independently_verified
scheduling_class_0,421,2005200,3600,within_recorded_span_not_independently_verified
scheduling_class_0,480,2008800,3600,within_recorded_span_not_independently_verified
scheduling_class_0,460,2012400,3600,within_recorded_span_not_independently_verified
scheduling_class_0,500,2016000,3600,within_recorded_span_not_independently_verified
scheduling_class_0,759,2019600,3600,within_recorded_span_not_independently_verified
scheduling_class_0,563,2023200,3600,within_recorded_span_not_independently_verified
scheduling_class_0,398,2026800,3600,within_recorded_span_not_independently_verified
scheduling_class_0,349,2030400,3600,within_recorded_span_not_independently_verified
scheduling_class_0,276,2034000,3600,within_recorded_span_not_independently_verified
scheduling_class_0,416,2037600,3600,within_recorded_span_not_independently_verified
scheduling_class_0,609,2041200,3600,within_recorded_span_not_independently_verified
scheduling_class_0,507,2044800,3600,within_recorded_span_not_independently_verified
scheduling_class_0,444,2048400,3600,within_recorded_span_not_independently_verified
scheduling_class_0,348,2052000,3600,within_recorded_span_not_independently_verified
scheduling_class_0,458,2055600,3600,within_recorded_span_not_independently_verified
scheduling_class_0,390,2059200,3600,within_recorded_span_not_independently_verified
scheduling_class_0,772,2062800,3600,within_recorded_span_not_independently_verified
scheduling_class_0,600,2066400,3600,within_recorded_span_not_independently_verified
scheduling_class_0,500,2070000,3600,within_recorded_span_not_independently_verified
scheduling_class_0,552,2073600,3600,within_recorded_span_not_independently_verified
scheduling_class_0,438,2077200,3600,within_recorded_span_not_independently_verified
scheduling_class_0,366,2080800,3600,within_recorded_span_not_independently_verified
scheduling_class_0,839,2084400,3600,within_recorded_span_not_independently_verified
scheduling_class_0,457,2088000,3600,within_recorded_span_not_independently_verified
scheduling_class_0,487,2091600,3600,within_recorded_span_not_independently_verified
scheduling_class_0,447,2095200,3600,within_recorded_span_not_independently_verified
scheduling_class_0,557,2098800,3600,within_recorded_span_not_independently_verified
scheduling_class_0,492,2102400,3600,within_recorded_span_not_independently_verified
scheduling_class_0,798,2106000,3600,within_recorded_span_not_independently_verified
scheduling_class_0,632,2109600,3600,within_recorded_span_not_independently_verified
scheduling_class_0,383,2113200,3600,within_recorded_span_not_independently_verified
scheduling_class_0,505,2116800,3600,within_recorded_span_not_independently_verified
scheduling_class_0,456,2120400,3600,within_recorded_span_not_independently_verified
scheduling_class_0,466,2124000,3600,within_recorded_span_not_independently_verified
scheduling_class_0,799,2127600,3600,within_recorded_span_not_independently_verified
scheduling_class_0,891,2131200,3600,within_recorded_span_not_independently_verified
scheduling_class_0,643,2134800,3600,within_recorded_span_not_independently_verified
scheduling_class_0,510,2138400,3600,within_recorded_span_not_independently_verified
scheduling_class_0,480,2142000,3600,within_recorded_span_not_independently_verified
scheduling_class_0,430,2145600,3600,within_recorded_span_not_independently_verified
scheduling_class_0,847,2149200,3600,within_recorded_span_not_independently_verified
scheduling_class_0,625,2152800,3600,within_recorded_span_not_independently_verified
scheduling_class_0,602,2156400,3600,within_recorded_span_not_independently_verified
scheduling_class_0,352,2160000,3600,within_recorded_span_not_independently_verified
scheduling_class_0,445,2163600,3600,within_recorded_span_not_independently_verified
scheduling_class_0,447,2167200,3600,within_recorded_span_not_independently_verified
scheduling_class_0,938,2170800,3600,within_recorded_span_not_independently_verified
scheduling_class_0,579,2174400,3600,within_recorded_span_not_independently_verified
scheduling_class_0,607,2178000,3600,within_recorded_span_not_independently_verified
scheduling_class_0,501,2181600,3600,within_recorded_span_not_independently_verified
scheduling_class_0,476,2185200,3600,within_recorded_span_not_independently_verified
scheduling_class_0,510,2188800,3600,within_recorded_span_not_independently_verified
scheduling_class_0,799,2192400,3600,within_recorded_span_not_independently_verified
scheduling_class_0,583,2196000,3600,within_recorded_span_not_independently_verified
scheduling_class_0,404,2199600,3600,within_recorded_span_not_independently_verified
scheduling_class_0,439,2203200,3600,within_recorded_span_not_independently_verified
scheduling_class_0,434,2206800,3600,within_recorded_span_not_independently_verified
scheduling_class_0,455,2210400,3600,within_recorded_span_not_independently_verified
scheduling_class_0,837,2214000,3600,within_recorded_span_not_independently_verified
scheduling_class_0,623,2217600,3600,within_recorded_span_not_independently_verified
scheduling_class_0,520,2221200,3600,within_recorded_span_not_independently_verified
scheduling_class_0,442,2224800,3600,within_recorded_span_not_independently_verified
scheduling_class_0,549,2228400,3600,within_recorded_span_not_independently_verified
scheduling_class_0,514,2232000,3600,within_recorded_span_not_independently_verified
scheduling_class_0,773,2235600,3600,within_recorded_span_not_independently_verified
scheduling_class_0,621,2239200,3600,within_recorded_span_not_independently_verified
scheduling_class_0,621,2242800,3600,within_recorded_span_not_independently_verified
scheduling_class_0,449,2246400,3600,within_recorded_span_not_independently_verified
scheduling_class_0,519,2250000,3600,within_recorded_span_not_independently_verified
scheduling_class_0,585,2253600,3600,within_recorded_span_not_independently_verified
scheduling_class_0,875,2257200,3600,within_recorded_span_not_independently_verified
scheduling_class_0,574,2260800,3600,within_recorded_span_not_independently_verified
scheduling_class_0,534,2264400,3600,within_recorded_span_not_independently_verified
scheduling_class_0,494,2268000,3600,within_recorded_span_not_independently_verified
scheduling_class_0,461,2271600,3600,within_recorded_span_not_independently_verified
scheduling_class_0,498,2275200,3600,within_recorded_span_not_independently_verified
scheduling_class_0,832,2278800,3600,within_recorded_span_not_independently_verified
scheduling_class_0,535,2282400,3600,within_recorded_span_not_independently_verified
scheduling_class_0,484,2286000,3600,within_recorded_span_not_independently_verified
scheduling_class_0,423,2289600,3600,within_recorded_span_not_independently_verified
scheduling_class_0,492,2293200,3600,within_recorded_span_not_independently_verified
scheduling_class_0,420,2296800,3600,within_recorded_span_not_independently_verified
scheduling_class_0,758,2300400,3600,within_recorded_span_not_independently_verified
scheduling_class_0,513,2304000,3600,within_recorded_span_not_independently_verified
scheduling_class_0,593,2307600,3600,within_recorded_span_not_independently_verified
scheduling_class_0,531,2311200,3600,within_recorded_span_not_independently_verified
scheduling_class_0,516,2314800,3600,within_recorded_span_not_independently_verified
scheduling_class_0,506,2318400,3600,within_recorded_span_not_independently_verified
scheduling_class_0,832,2322000,3600,within_recorded_span_not_independently_verified
scheduling_class_0,579,2325600,3600,within_recorded_span_not_independently_verified
scheduling_class_0,671,2329200,3600,within_recorded_span_not_independently_verified
scheduling_class_0,517,2332800,3600,within_recorded_span_not_independently_verified
scheduling_class_0,485,2336400,3600,within_recorded_span_not_independently_verified
scheduling_class_0,471,2340000,3600,within_recorded_span_not_independently_verified
scheduling_class_0,879,2343600,3600,within_recorded_span_not_independently_verified
scheduling_class_0,564,2347200,3600,within_recorded_span_not_independently_verified
scheduling_class_0,481,2350800,3600,within_recorded_span_not_independently_verified
scheduling_class_0,471,2354400,3600,within_recorded_span_not_independently_verified
scheduling_class_0,559,2358000,3600,within_recorded_span_not_independently_verified
scheduling_class_0,455,2361600,3600,within_recorded_span_not_independently_verified
scheduling_class_0,784,2365200,3600,within_recorded_span_not_independently_verified
scheduling_class_0,560,2368800,3600,within_recorded_span_not_independently_verified
scheduling_class_0,449,2372400,3600,within_recorded_span_not_independently_verified
scheduling_class_0,351,2376000,3600,within_recorded_span_not_independently_verified
scheduling_class_0,395,2379600,3600,within_recorded_span_not_independently_verified
scheduling_class_0,391,2383200,3600,within_recorded_span_not_independently_verified
scheduling_class_0,671,2386800,3600,within_recorded_span_not_independently_verified
scheduling_class_0,514,2390400,3600,within_recorded_span_not_independently_verified
scheduling_class_0,434,2394000,3600,within_recorded_span_not_independently_verified
scheduling_class_0,344,2397600,3600,within_recorded_span_not_independently_verified
scheduling_class_0,414,2401200,3600,within_recorded_span_not_independently_verified
scheduling_class_0,363,2404800,3600,within_recorded_span_not_independently_verified
scheduling_class_0,927,2408400,3600,within_recorded_span_not_independently_verified
scheduling_class_0,566,2412000,3600,within_recorded_span_not_independently_verified
scheduling_class_0,572,2415600,3600,within_recorded_span_not_independently_verified
scheduling_class_0,446,2419200,3600,within_recorded_span_not_independently_verified
scheduling_class_0,448,2422800,3600,within_recorded_span_not_independently_verified
scheduling_class_0,418,2426400,3600,within_recorded_span_not_independently_verified
scheduling_class_0,798,2430000,3600,within_recorded_span_not_independently_verified
scheduling_class_0,591,2433600,3600,within_recorded_span_not_independently_verified
scheduling_class_0,483,2437200,3600,within_recorded_span_not_independently_verified
scheduling_class_0,520,2440800,3600,within_recorded_span_not_independently_verified
scheduling_class_0,583,2444400,3600,within_recorded_span_not_independently_verified
scheduling_class_0,457,2448000,3600,within_recorded_span_not_independently_verified
scheduling_class_0,778,2451600,3600,within_recorded_span_not_independently_verified
scheduling_class_0,430,2455200,3600,within_recorded_span_not_independently_verified
scheduling_class_0,528,2458800,3600,within_recorded_span_not_independently_verified
scheduling_class_0,442,2462400,3600,within_recorded_span_not_independently_verified
scheduling_class_0,321,2466000,3600,within_recorded_span_not_independently_verified
scheduling_class_0,376,2469600,3600,within_recorded_span_not_independently_verified
scheduling_class_0,306,2473200,3600,within_recorded_span_not_independently_verified
scheduling_class_0,342,2476800,3600,within_recorded_span_not_independently_verified
scheduling_class_0,259,2480400,3600,within_recorded_span_not_independently_verified
scheduling_class_0,389,2484000,3600,within_recorded_span_not_independently_verified
scheduling_class_0,802,2487600,3600,within_recorded_span_not_independently_verified
scheduling_class_0,308,2491200,3600,within_recorded_span_not_independently_verified
scheduling_class_0,446,2494800,3600,within_recorded_span_not_independently_verified
scheduling_class_0,637,2498400,3600,within_recorded_span_not_independently_verified
scheduling_class_0,552,2502000,3600,within_recorded_span_not_independently_verified
scheduling_class_0,451,2505600,3600,within_recorded_span_not_independently_verified
scheduling_class_0,467,2509200,3600,within_recorded_span_not_independently_verified
scheduling_class_0,399,2512800,3600,within_recorded_span_not_independently_verified
scheduling_class_0,692,2516400,3600,within_recorded_span_not_independently_verified
scheduling_class_0,580,2520000,3600,within_recorded_span_not_independently_verified
scheduling_class_0,409,2523600,3600,within_recorded_span_not_independently_verified
scheduling_class_0,430,2527200,3600,within_recorded_span_not_independently_verified
scheduling_class_0,433,2530800,3600,within_recorded_span_not_independently_verified
scheduling_class_0,510,2534400,3600,within_recorded_span_not_independently_verified
scheduling_class_0,838,2538000,3600,within_recorded_span_not_independently_verified
scheduling_class_0,576,2541600,3600,within_recorded_span_not_independently_verified
scheduling_class_0,389,2545200,3600,within_recorded_span_not_independently_verified
scheduling_class_0,359,2548800,3600,within_recorded_span_not_independently_verified
scheduling_class_0,219,2552400,3600,within_recorded_span_not_independently_verified
scheduling_class_0,333,2556000,3600,within_recorded_span_not_independently_verified
scheduling_class_0,626,2559600,3600,within_recorded_span_not_independently_verified
scheduling_class_0,556,2563200,3600,within_recorded_span_not_independently_verified
scheduling_class_0,496,2566800,3600,within_recorded_span_not_independently_verified
scheduling_class_0,278,2570400,3600,within_recorded_span_not_independently_verified
scheduling_class_0,490,2574000,3600,within_recorded_span_not_independently_verified
scheduling_class_0,442,2577600,3600,within_recorded_span_not_independently_verified
scheduling_class_0,663,2581200,3600,within_recorded_span_not_independently_verified
scheduling_class_0,609,2584800,3600,within_recorded_span_not_independently_verified
scheduling_class_0,519,2588400,3600,within_recorded_span_not_independently_verified
scheduling_class_0,469,2592000,3600,within_recorded_span_not_independently_verified
scheduling_class_0,372,2595600,3600,within_recorded_span_not_independently_verified
scheduling_class_0,428,2599200,3600,within_recorded_span_not_independently_verified
scheduling_class_0,1195,2602800,3600,within_recorded_span_not_independently_verified
scheduling_class_0,574,2606400,3600,within_recorded_span_not_independently_verified
scheduling_class_0,576,2610000,3600,within_recorded_span_not_independently_verified
scheduling_class_0,511,2613600,3600,within_recorded_span_not_independently_verified
scheduling_class_0,466,2617200,3600,within_recorded_span_not_independently_verified
scheduling_class_0,409,2620800,3600,within_recorded_span_not_independently_verified
scheduling_class_0,605,2624400,3600,within_recorded_span_not_independently_verified
scheduling_class_0,641,2628000,3600,within_recorded_span_not_independently_verified
scheduling_class_0,411,2631600,3600,within_recorded_span_not_independently_verified
scheduling_class_0,486,2635200,3600,within_recorded_span_not_independently_verified
scheduling_class_0,445,2638800,3600,within_recorded_span_not_independently_verified
scheduling_class_0,369,2642400,3600,within_recorded_span_not_independently_verified
scheduling_class_0,611,2646000,3600,within_recorded_span_not_independently_verified
scheduling_class_0,492,2649600,3600,within_recorded_span_not_independently_verified
scheduling_class_0,386,2653200,3600,within_recorded_span_not_independently_verified
scheduling_class_0,421,2656800,3600,within_recorded_span_not_independently_verified
scheduling_class_0,416,2660400,3600,within_recorded_span_not_independently_verified
scheduling_class_0,352,2664000,3600,within_recorded_span_not_independently_verified
scheduling_class_0,638,2667600,3600,within_recorded_span_not_independently_verified
scheduling_class_0,666,2671200,3600,within_recorded_span_not_independently_verified
scheduling_class_0,515,2674800,3600,within_recorded_span_not_independently_verified
scheduling_class_0,95,2678400,3600,partial_boundary
scheduling_class_1,208,0,3600,partial_boundary
scheduling_class_1,209,3600,3600,within_recorded_span_not_independently_verified
scheduling_class_1,212,7200,3600,within_recorded_span_not_independently_verified
scheduling_class_1,224,10800,3600,within_recorded_span_not_independently_verified
scheduling_class_1,209,14400,3600,within_recorded_span_not_independently_verified
scheduling_class_1,202,18000,3600,within_recorded_span_not_independently_verified
scheduling_class_1,225,21600,3600,within_recorded_span_not_independently_verified
scheduling_class_1,230,25200,3600,within_recorded_span_not_independently_verified
scheduling_class_1,242,28800,3600,within_recorded_span_not_independently_verified
scheduling_class_1,206,32400,3600,within_recorded_span_not_independently_verified
scheduling_class_1,277,36000,3600,within_recorded_span_not_independently_verified
scheduling_class_1,187,39600,3600,within_recorded_span_not_independently_verified
scheduling_class_1,207,43200,3600,within_recorded_span_not_independently_verified
scheduling_class_1,201,46800,3600,within_recorded_span_not_independently_verified
scheduling_class_1,178,50400,3600,within_recorded_span_not_independently_verified
scheduling_class_1,187,54000,3600,within_recorded_span_not_independently_verified
scheduling_class_1,231,57600,3600,within_recorded_span_not_independently_verified
scheduling_class_1,224,61200,3600,within_recorded_span_not_independently_verified
scheduling_class_1,190,64800,3600,within_recorded_span_not_independently_verified
scheduling_class_1,207,68400,3600,within_recorded_span_not_independently_verified
scheduling_class_1,212,72000,3600,within_recorded_span_not_independently_verified
scheduling_class_1,464,75600,3600,within_recorded_span_not_independently_verified
scheduling_class_1,399,79200,3600,within_recorded_span_not_independently_verified
scheduling_class_1,514,82800,3600,within_recorded_span_not_independently_verified
scheduling_class_1,312,86400,3600,within_recorded_span_not_independently_verified
scheduling_class_1,216,90000,3600,within_recorded_span_not_independently_verified
scheduling_class_1,220,93600,3600,within_recorded_span_not_independently_verified
scheduling_class_1,251,97200,3600,within_recorded_span_not_independently_verified
scheduling_class_1,324,100800,3600,within_recorded_span_not_independently_verified
scheduling_class_1,219,104400,3600,within_recorded_span_not_independently_verified
scheduling_class_1,248,108000,3600,within_recorded_span_not_independently_verified
scheduling_class_1,286,111600,3600,within_recorded_span_not_independently_verified
scheduling_class_1,225,115200,3600,within_recorded_span_not_independently_verified
scheduling_class_1,207,118800,3600,within_recorded_span_not_independently_verified
scheduling_class_1,259,122400,3600,within_recorded_span_not_independently_verified
scheduling_class_1,197,126000,3600,within_recorded_span_not_independently_verified
scheduling_class_1,223,129600,3600,within_recorded_span_not_independently_verified
scheduling_class_1,187,133200,3600,within_recorded_span_not_independently_verified
scheduling_class_1,212,136800,3600,within_recorded_span_not_independently_verified
scheduling_class_1,213,140400,3600,within_recorded_span_not_independently_verified
scheduling_class_1,220,144000,3600,within_recorded_span_not_independently_verified
scheduling_class_1,237,147600,3600,within_recorded_span_not_independently_verified
scheduling_class_1,193,151200,3600,within_recorded_span_not_independently_verified
scheduling_class_1,211,154800,3600,within_recorded_span_not_independently_verified
scheduling_class_1,277,158400,3600,within_recorded_span_not_independently_verified
scheduling_class_1,248,162000,3600,within_recorded_span_not_independently_verified
scheduling_class_1,242,165600,3600,within_recorded_span_not_independently_verified
scheduling_class_1,353,169200,3600,within_recorded_span_not_independently_verified
scheduling_class_1,284,172800,3600,within_recorded_span_not_independently_verified
scheduling_class_1,248,176400,3600,within_recorded_span_not_independently_verified
scheduling_class_1,260,180000,3600,within_recorded_span_not_independently_verified
scheduling_class_1,235,183600,3600,within_recorded_span_not_independently_verified
scheduling_class_1,266,187200,3600,within_recorded_span_not_independently_verified
scheduling_class_1,238,190800,3600,within_recorded_span_not_independently_verified
scheduling_class_1,282,194400,3600,within_recorded_span_not_independently_verified
scheduling_class_1,323,198000,3600,within_recorded_span_not_independently_verified
scheduling_class_1,275,201600,3600,within_recorded_span_not_independently_verified
scheduling_class_1,219,205200,3600,within_recorded_span_not_independently_verified
scheduling_class_1,276,208800,3600,within_recorded_span_not_independently_verified
scheduling_class_1,212,212400,3600,within_recorded_span_not_independently_verified
scheduling_class_1,234,216000,3600,within_recorded_span_not_independently_verified
scheduling_class_1,249,219600,3600,within_recorded_span_not_independently_verified
scheduling_class_1,221,223200,3600,within_recorded_span_not_independently_verified
scheduling_class_1,233,226800,3600,within_recorded_span_not_independently_verified
scheduling_class_1,245,230400,3600,within_recorded_span_not_independently_verified
scheduling_class_1,228,234000,3600,within_recorded_span_not_independently_verified
scheduling_class_1,233,237600,3600,within_recorded_span_not_independently_verified
scheduling_class_1,243,241200,3600,within_recorded_span_not_independently_verified
scheduling_class_1,247,244800,3600,within_recorded_span_not_independently_verified
scheduling_class_1,260,248400,3600,within_recorded_span_not_independently_verified
scheduling_class_1,323,252000,3600,within_recorded_span_not_independently_verified
scheduling_class_1,327,255600,3600,within_recorded_span_not_independently_verified
scheduling_class_1,307,259200,3600,within_recorded_span_not_independently_verified
scheduling_class_1,266,262800,3600,within_recorded_span_not_independently_verified
scheduling_class_1,220,266400,3600,within_recorded_span_not_independently_verified
scheduling_class_1,280,270000,3600,within_recorded_span_not_independently_verified
scheduling_class_1,255,273600,3600,within_recorded_span_not_independently_verified
scheduling_class_1,228,277200,3600,within_recorded_span_not_independently_verified
scheduling_class_1,288,280800,3600,within_recorded_span_not_independently_verified
scheduling_class_1,269,284400,3600,within_recorded_span_not_independently_verified
scheduling_class_1,290,288000,3600,within_recorded_span_not_independently_verified
scheduling_class_1,241,291600,3600,within_recorded_span_not_independently_verified
scheduling_class_1,264,295200,3600,within_recorded_span_not_independently_verified
scheduling_class_1,228,298800,3600,within_recorded_span_not_independently_verified
scheduling_class_1,264,302400,3600,within_recorded_span_not_independently_verified
scheduling_class_1,216,306000,3600,within_recorded_span_not_independently_verified
scheduling_class_1,213,309600,3600,within_recorded_span_not_independently_verified
scheduling_class_1,247,313200,3600,within_recorded_span_not_independently_verified
scheduling_class_1,271,316800,3600,within_recorded_span_not_independently_verified
scheduling_class_1,253,320400,3600,within_recorded_span_not_independently_verified
scheduling_class_1,229,324000,3600,within_recorded_span_not_independently_verified
scheduling_class_1,250,327600,3600,within_recorded_span_not_independently_verified
scheduling_class_1,266,331200,3600,within_recorded_span_not_independently_verified
scheduling_class_1,237,334800,3600,within_recorded_span_not_independently_verified
scheduling_class_1,198,338400,3600,within_recorded_span_not_independently_verified
scheduling_class_1,306,342000,3600,within_recorded_span_not_independently_verified
scheduling_class_1,298,345600,3600,within_recorded_span_not_independently_verified
scheduling_class_1,271,349200,3600,within_recorded_span_not_independently_verified
scheduling_class_1,248,352800,3600,within_recorded_span_not_independently_verified
scheduling_class_1,295,356400,3600,within_recorded_span_not_independently_verified
scheduling_class_1,257,360000,3600,within_recorded_span_not_independently_verified
scheduling_class_1,258,363600,3600,within_recorded_span_not_independently_verified
scheduling_class_1,278,367200,3600,within_recorded_span_not_independently_verified
scheduling_class_1,271,370800,3600,within_recorded_span_not_independently_verified
scheduling_class_1,261,374400,3600,within_recorded_span_not_independently_verified
scheduling_class_1,234,378000,3600,within_recorded_span_not_independently_verified
scheduling_class_1,267,381600,3600,within_recorded_span_not_independently_verified
scheduling_class_1,233,385200,3600,within_recorded_span_not_independently_verified
scheduling_class_1,241,388800,3600,within_recorded_span_not_independently_verified
scheduling_class_1,249,392400,3600,within_recorded_span_not_independently_verified
scheduling_class_1,250,396000,3600,within_recorded_span_not_independently_verified
scheduling_class_1,243,399600,3600,within_recorded_span_not_independently_verified
scheduling_class_1,277,403200,3600,within_recorded_span_not_independently_verified
scheduling_class_1,240,406800,3600,within_recorded_span_not_independently_verified
scheduling_class_1,238,410400,3600,within_recorded_span_not_independently_verified
scheduling_class_1,249,414000,3600,within_recorded_span_not_independently_verified
scheduling_class_1,265,417600,3600,within_recorded_span_not_independently_verified
scheduling_class_1,262,421200,3600,within_recorded_span_not_independently_verified
scheduling_class_1,240,424800,3600,within_recorded_span_not_independently_verified
scheduling_class_1,318,428400,3600,within_recorded_span_not_independently_verified
scheduling_class_1,338,432000,3600,within_recorded_span_not_independently_verified
scheduling_class_1,257,435600,3600,within_recorded_span_not_independently_verified
scheduling_class_1,257,439200,3600,within_recorded_span_not_independently_verified
scheduling_class_1,283,442800,3600,within_recorded_span_not_independently_verified
scheduling_class_1,295,446400,3600,within_recorded_span_not_independently_verified
scheduling_class_1,258,450000,3600,within_recorded_span_not_independently_verified
scheduling_class_1,266,453600,3600,within_recorded_span_not_independently_verified
scheduling_class_1,315,457200,3600,within_recorded_span_not_independently_verified
scheduling_class_1,258,460800,3600,within_recorded_span_not_independently_verified
scheduling_class_1,230,464400,3600,within_recorded_span_not_independently_verified
scheduling_class_1,274,468000,3600,within_recorded_span_not_independently_verified
scheduling_class_1,258,471600,3600,within_recorded_span_not_independently_verified
scheduling_class_1,245,475200,3600,within_recorded_span_not_independently_verified
scheduling_class_1,235,478800,3600,within_recorded_span_not_independently_verified
scheduling_class_1,217,482400,3600,within_recorded_span_not_independently_verified
scheduling_class_1,215,486000,3600,within_recorded_span_not_independently_verified
scheduling_class_1,246,489600,3600,within_recorded_span_not_independently_verified
scheduling_class_1,211,493200,3600,within_recorded_span_not_independently_verified
scheduling_class_1,219,496800,3600,within_recorded_span_not_independently_verified
scheduling_class_1,292,500400,3600,within_recorded_span_not_independently_verified
scheduling_class_1,319,504000,3600,within_recorded_span_not_independently_verified
scheduling_class_1,251,507600,3600,within_recorded_span_not_independently_verified
scheduling_class_1,254,511200,3600,within_recorded_span_not_independently_verified
scheduling_class_1,406,514800,3600,within_recorded_span_not_independently_verified
scheduling_class_1,341,518400,3600,within_recorded_span_not_independently_verified
scheduling_class_1,252,522000,3600,within_recorded_span_not_independently_verified
scheduling_class_1,228,525600,3600,within_recorded_span_not_independently_verified
scheduling_class_1,252,529200,3600,within_recorded_span_not_independently_verified
scheduling_class_1,260,532800,3600,within_recorded_span_not_independently_verified
scheduling_class_1,235,536400,3600,within_recorded_span_not_independently_verified
scheduling_class_1,251,540000,3600,within_recorded_span_not_independently_verified
scheduling_class_1,268,543600,3600,within_recorded_span_not_independently_verified
scheduling_class_1,272,547200,3600,within_recorded_span_not_independently_verified
scheduling_class_1,239,550800,3600,within_recorded_span_not_independently_verified
scheduling_class_1,294,554400,3600,within_recorded_span_not_independently_verified
scheduling_class_1,233,558000,3600,within_recorded_span_not_independently_verified
scheduling_class_1,240,561600,3600,within_recorded_span_not_independently_verified
scheduling_class_1,218,565200,3600,within_recorded_span_not_independently_verified
scheduling_class_1,215,568800,3600,within_recorded_span_not_independently_verified
scheduling_class_1,274,572400,3600,within_recorded_span_not_independently_verified
scheduling_class_1,267,576000,3600,within_recorded_span_not_independently_verified
scheduling_class_1,229,579600,3600,within_recorded_span_not_independently_verified
scheduling_class_1,207,583200,3600,within_recorded_span_not_independently_verified
scheduling_class_1,199,586800,3600,within_recorded_span_not_independently_verified
scheduling_class_1,260,590400,3600,within_recorded_span_not_independently_verified
scheduling_class_1,236,594000,3600,within_recorded_span_not_independently_verified
scheduling_class_1,300,597600,3600,within_recorded_span_not_independently_verified
scheduling_class_1,298,601200,3600,within_recorded_span_not_independently_verified
scheduling_class_1,294,604800,3600,within_recorded_span_not_independently_verified
scheduling_class_1,231,608400,3600,within_recorded_span_not_independently_verified
scheduling_class_1,237,612000,3600,within_recorded_span_not_independently_verified
scheduling_class_1,248,615600,3600,within_recorded_span_not_independently_verified
scheduling_class_1,228,619200,3600,within_recorded_span_not_independently_verified
scheduling_class_1,239,622800,3600,within_recorded_span_not_independently_verified
scheduling_class_1,244,626400,3600,within_recorded_span_not_independently_verified
scheduling_class_1,243,630000,3600,within_recorded_span_not_independently_verified
scheduling_class_1,253,633600,3600,within_recorded_span_not_independently_verified
scheduling_class_1,254,637200,3600,within_recorded_span_not_independently_verified
scheduling_class_1,344,640800,3600,within_recorded_span_not_independently_verified
scheduling_class_1,259,644400,3600,within_recorded_span_not_independently_verified
scheduling_class_1,253,648000,3600,within_recorded_span_not_independently_verified
scheduling_class_1,211,651600,3600,within_recorded_span_not_independently_verified
scheduling_class_1,206,655200,3600,within_recorded_span_not_independently_verified
scheduling_class_1,212,658800,3600,within_recorded_span_not_independently_verified
scheduling_class_1,243,662400,3600,within_recorded_span_not_independently_verified
scheduling_class_1,260,666000,3600,within_recorded_span_not_independently_verified
scheduling_class_1,248,669600,3600,within_recorded_span_not_independently_verified
scheduling_class_1,241,673200,3600,within_recorded_span_not_independently_verified
scheduling_class_1,227,676800,3600,within_recorded_span_not_independently_verified
scheduling_class_1,254,680400,3600,within_recorded_span_not_independently_verified
scheduling_class_1,267,684000,3600,within_recorded_span_not_independently_verified
scheduling_class_1,381,687600,3600,within_recorded_span_not_independently_verified
scheduling_class_1,337,691200,3600,within_recorded_span_not_independently_verified
scheduling_class_1,261,694800,3600,within_recorded_span_not_independently_verified
scheduling_class_1,275,698400,3600,within_recorded_span_not_independently_verified
scheduling_class_1,323,702000,3600,within_recorded_span_not_independently_verified
scheduling_class_1,309,705600,3600,within_recorded_span_not_independently_verified
scheduling_class_1,293,709200,3600,within_recorded_span_not_independently_verified
scheduling_class_1,312,712800,3600,within_recorded_span_not_independently_verified
scheduling_class_1,307,716400,3600,within_recorded_span_not_independently_verified
scheduling_class_1,307,720000,3600,within_recorded_span_not_independently_verified
scheduling_class_1,244,723600,3600,within_recorded_span_not_independently_verified
scheduling_class_1,337,727200,3600,within_recorded_span_not_independently_verified
scheduling_class_1,272,730800,3600,within_recorded_span_not_independently_verified
scheduling_class_1,289,734400,3600,within_recorded_span_not_independently_verified
scheduling_class_1,251,738000,3600,within_recorded_span_not_independently_verified
scheduling_class_1,279,741600,3600,within_recorded_span_not_independently_verified
scheduling_class_1,267,745200,3600,within_recorded_span_not_independently_verified
scheduling_class_1,300,748800,3600,within_recorded_span_not_independently_verified
scheduling_class_1,236,752400,3600,within_recorded_span_not_independently_verified
scheduling_class_1,249,756000,3600,within_recorded_span_not_independently_verified
scheduling_class_1,230,759600,3600,within_recorded_span_not_independently_verified
scheduling_class_1,280,763200,3600,within_recorded_span_not_independently_verified
scheduling_class_1,288,766800,3600,within_recorded_span_not_independently_verified
scheduling_class_1,448,770400,3600,within_recorded_span_not_independently_verified
scheduling_class_1,294,774000,3600,within_recorded_span_not_independently_verified
scheduling_class_1,306,777600,3600,within_recorded_span_not_independently_verified
scheduling_class_1,274,781200,3600,within_recorded_span_not_independently_verified
scheduling_class_1,310,784800,3600,within_recorded_span_not_independently_verified
scheduling_class_1,295,788400,3600,within_recorded_span_not_independently_verified
scheduling_class_1,317,792000,3600,within_recorded_span_not_independently_verified
scheduling_class_1,299,795600,3600,within_recorded_span_not_independently_verified
scheduling_class_1,305,799200,3600,within_recorded_span_not_independently_verified
scheduling_class_1,281,802800,3600,within_recorded_span_not_independently_verified
scheduling_class_1,281,806400,3600,within_recorded_span_not_independently_verified
scheduling_class_1,233,810000,3600,within_recorded_span_not_independently_verified
scheduling_class_1,293,813600,3600,within_recorded_span_not_independently_verified
scheduling_class_1,281,817200,3600,within_recorded_span_not_independently_verified
scheduling_class_1,293,820800,3600,within_recorded_span_not_independently_verified
scheduling_class_1,299,824400,3600,within_recorded_span_not_independently_verified
scheduling_class_1,244,828000,3600,within_recorded_span_not_independently_verified
scheduling_class_1,261,831600,3600,within_recorded_span_not_independently_verified
scheduling_class_1,304,835200,3600,within_recorded_span_not_independently_verified
scheduling_class_1,246,838800,3600,within_recorded_span_not_independently_verified
scheduling_class_1,245,842400,3600,within_recorded_span_not_independently_verified
scheduling_class_1,248,846000,3600,within_recorded_span_not_independently_verified
scheduling_class_1,259,849600,3600,within_recorded_span_not_independently_verified
scheduling_class_1,253,853200,3600,within_recorded_span_not_independently_verified
scheduling_class_1,300,856800,3600,within_recorded_span_not_independently_verified
scheduling_class_1,310,860400,3600,within_recorded_span_not_independently_verified
scheduling_class_1,319,864000,3600,within_recorded_span_not_independently_verified
scheduling_class_1,264,867600,3600,within_recorded_span_not_independently_verified
scheduling_class_1,267,871200,3600,within_recorded_span_not_independently_verified
scheduling_class_1,277,874800,3600,within_recorded_span_not_independently_verified
scheduling_class_1,295,878400,3600,within_recorded_span_not_independently_verified
scheduling_class_1,268,882000,3600,within_recorded_span_not_independently_verified
scheduling_class_1,270,885600,3600,within_recorded_span_not_independently_verified
scheduling_class_1,293,889200,3600,within_recorded_span_not_independently_verified
scheduling_class_1,257,892800,3600,within_recorded_span_not_independently_verified
scheduling_class_1,230,896400,3600,within_recorded_span_not_independently_verified
scheduling_class_1,260,900000,3600,within_recorded_span_not_independently_verified
scheduling_class_1,229,903600,3600,within_recorded_span_not_independently_verified
scheduling_class_1,257,907200,3600,within_recorded_span_not_independently_verified
scheduling_class_1,247,910800,3600,within_recorded_span_not_independently_verified
scheduling_class_1,236,914400,3600,within_recorded_span_not_independently_verified
scheduling_class_1,271,918000,3600,within_recorded_span_not_independently_verified
scheduling_class_1,284,921600,3600,within_recorded_span_not_independently_verified
scheduling_class_1,303,925200,3600,within_recorded_span_not_independently_verified
scheduling_class_1,232,928800,3600,within_recorded_span_not_independently_verified
scheduling_class_1,242,932400,3600,within_recorded_span_not_independently_verified
scheduling_class_1,291,936000,3600,within_recorded_span_not_independently_verified
scheduling_class_1,274,939600,3600,within_recorded_span_not_independently_verified
scheduling_class_1,330,943200,3600,within_recorded_span_not_independently_verified
scheduling_class_1,338,946800,3600,within_recorded_span_not_independently_verified
scheduling_class_1,327,950400,3600,within_recorded_span_not_independently_verified
scheduling_class_1,303,954000,3600,within_recorded_span_not_independently_verified
scheduling_class_1,256,957600,3600,within_recorded_span_not_independently_verified
scheduling_class_1,320,961200,3600,within_recorded_span_not_independently_verified
scheduling_class_1,344,964800,3600,within_recorded_span_not_independently_verified
scheduling_class_1,286,968400,3600,within_recorded_span_not_independently_verified
scheduling_class_1,311,972000,3600,within_recorded_span_not_independently_verified
scheduling_class_1,292,975600,3600,within_recorded_span_not_independently_verified
scheduling_class_1,268,979200,3600,within_recorded_span_not_independently_verified
scheduling_class_1,258,982800,3600,within_recorded_span_not_independently_verified
scheduling_class_1,286,986400,3600,within_recorded_span_not_independently_verified
scheduling_class_1,246,990000,3600,within_recorded_span_not_independently_verified
scheduling_class_1,270,993600,3600,within_recorded_span_not_independently_verified
scheduling_class_1,250,997200,3600,within_recorded_span_not_independently_verified
scheduling_class_1,213,1000800,3600,within_recorded_span_not_independently_verified
scheduling_class_1,269,1004400,3600,within_recorded_span_not_independently_verified
scheduling_class_1,262,1008000,3600,within_recorded_span_not_independently_verified
scheduling_class_1,251,1011600,3600,within_recorded_span_not_independently_verified
scheduling_class_1,211,1015200,3600,within_recorded_span_not_independently_verified
scheduling_class_1,239,1018800,3600,within_recorded_span_not_independently_verified
scheduling_class_1,250,1022400,3600,within_recorded_span_not_independently_verified
scheduling_class_1,221,1026000,3600,within_recorded_span_not_independently_verified
scheduling_class_1,287,1029600,3600,within_recorded_span_not_independently_verified
scheduling_class_1,298,1033200,3600,within_recorded_span_not_independently_verified
scheduling_class_1,284,1036800,3600,within_recorded_span_not_independently_verified
scheduling_class_1,257,1040400,3600,within_recorded_span_not_independently_verified
scheduling_class_1,265,1044000,3600,within_recorded_span_not_independently_verified
scheduling_class_1,266,1047600,3600,within_recorded_span_not_independently_verified
scheduling_class_1,271,1051200,3600,within_recorded_span_not_independently_verified
scheduling_class_1,246,1054800,3600,within_recorded_span_not_independently_verified
scheduling_class_1,275,1058400,3600,within_recorded_span_not_independently_verified
scheduling_class_1,291,1062000,3600,within_recorded_span_not_independently_verified
scheduling_class_1,322,1065600,3600,within_recorded_span_not_independently_verified
scheduling_class_1,277,1069200,3600,within_recorded_span_not_independently_verified
scheduling_class_1,281,1072800,3600,within_recorded_span_not_independently_verified
scheduling_class_1,238,1076400,3600,within_recorded_span_not_independently_verified
scheduling_class_1,297,1080000,3600,within_recorded_span_not_independently_verified
scheduling_class_1,282,1083600,3600,within_recorded_span_not_independently_verified
scheduling_class_1,305,1087200,3600,within_recorded_span_not_independently_verified
scheduling_class_1,250,1090800,3600,within_recorded_span_not_independently_verified
scheduling_class_1,283,1094400,3600,within_recorded_span_not_independently_verified
scheduling_class_1,251,1098000,3600,within_recorded_span_not_independently_verified
scheduling_class_1,241,1101600,3600,within_recorded_span_not_independently_verified
scheduling_class_1,250,1105200,3600,within_recorded_span_not_independently_verified
scheduling_class_1,264,1108800,3600,within_recorded_span_not_independently_verified
scheduling_class_1,285,1112400,3600,within_recorded_span_not_independently_verified
scheduling_class_1,345,1116000,3600,within_recorded_span_not_independently_verified
scheduling_class_1,529,1119600,3600,within_recorded_span_not_independently_verified
scheduling_class_1,332,1123200,3600,within_recorded_span_not_independently_verified
scheduling_class_1,272,1126800,3600,within_recorded_span_not_independently_verified
scheduling_class_1,296,1130400,3600,within_recorded_span_not_independently_verified
scheduling_class_1,290,1134000,3600,within_recorded_span_not_independently_verified
scheduling_class_1,332,1137600,3600,within_recorded_span_not_independently_verified
scheduling_class_1,288,1141200,3600,within_recorded_span_not_independently_verified
scheduling_class_1,273,1144800,3600,within_recorded_span_not_independently_verified
scheduling_class_1,286,1148400,3600,within_recorded_span_not_independently_verified
scheduling_class_1,314,1152000,3600,within_recorded_span_not_independently_verified
scheduling_class_1,264,1155600,3600,within_recorded_span_not_independently_verified
scheduling_class_1,386,1159200,3600,within_recorded_span_not_independently_verified
scheduling_class_1,297,1162800,3600,within_recorded_span_not_independently_verified
scheduling_class_1,322,1166400,3600,within_recorded_span_not_independently_verified
scheduling_class_1,257,1170000,3600,within_recorded_span_not_independently_verified
scheduling_class_1,247,1173600,3600,within_recorded_span_not_independently_verified
scheduling_class_1,256,1177200,3600,within_recorded_span_not_independently_verified
scheduling_class_1,242,1180800,3600,within_recorded_span_not_independently_verified
scheduling_class_1,265,1184400,3600,within_recorded_span_not_independently_verified
scheduling_class_1,237,1188000,3600,within_recorded_span_not_independently_verified
scheduling_class_1,222,1191600,3600,within_recorded_span_not_independently_verified
scheduling_class_1,277,1195200,3600,within_recorded_span_not_independently_verified
scheduling_class_1,250,1198800,3600,within_recorded_span_not_independently_verified
scheduling_class_1,313,1202400,3600,within_recorded_span_not_independently_verified
scheduling_class_1,291,1206000,3600,within_recorded_span_not_independently_verified
scheduling_class_1,309,1209600,3600,within_recorded_span_not_independently_verified
scheduling_class_1,267,1213200,3600,within_recorded_span_not_independently_verified
scheduling_class_1,280,1216800,3600,within_recorded_span_not_independently_verified
scheduling_class_1,326,1220400,3600,within_recorded_span_not_independently_verified
scheduling_class_1,297,1224000,3600,within_recorded_span_not_independently_verified
scheduling_class_1,277,1227600,3600,within_recorded_span_not_independently_verified
scheduling_class_1,310,1231200,3600,within_recorded_span_not_independently_verified
scheduling_class_1,277,1234800,3600,within_recorded_span_not_independently_verified
scheduling_class_1,278,1238400,3600,within_recorded_span_not_independently_verified
scheduling_class_1,274,1242000,3600,within_recorded_span_not_independently_verified
scheduling_class_1,354,1245600,3600,within_recorded_span_not_independently_verified
scheduling_class_1,291,1249200,3600,within_recorded_span_not_independently_verified
scheduling_class_1,260,1252800,3600,within_recorded_span_not_independently_verified
scheduling_class_1,240,1256400,3600,within_recorded_span_not_independently_verified
scheduling_class_1,216,1260000,3600,within_recorded_span_not_independently_verified
scheduling_class_1,256,1263600,3600,within_recorded_span_not_independently_verified
scheduling_class_1,383,1267200,3600,within_recorded_span_not_independently_verified
scheduling_class_1,239,1270800,3600,within_recorded_span_not_independently_verified
scheduling_class_1,205,1274400,3600,within_recorded_span_not_independently_verified
scheduling_class_1,231,1278000,3600,within_recorded_span_not_independently_verified
scheduling_class_1,243,1281600,3600,within_recorded_span_not_independently_verified
scheduling_class_1,256,1285200,3600,within_recorded_span_not_independently_verified
scheduling_class_1,252,1288800,3600,within_recorded_span_not_independently_verified
scheduling_class_1,389,1292400,3600,within_recorded_span_not_independently_verified
scheduling_class_1,303,1296000,3600,within_recorded_span_not_independently_verified
scheduling_class_1,238,1299600,3600,within_recorded_span_not_independently_verified
scheduling_class_1,258,1303200,3600,within_recorded_span_not_independently_verified
scheduling_class_1,281,1306800,3600,within_recorded_span_not_independently_verified
scheduling_class_1,293,1310400,3600,within_recorded_span_not_independently_verified
scheduling_class_1,273,1314000,3600,within_recorded_span_not_independently_verified
scheduling_class_1,256,1317600,3600,within_recorded_span_not_independently_verified
scheduling_class_1,303,1321200,3600,within_recorded_span_not_independently_verified
scheduling_class_1,290,1324800,3600,within_recorded_span_not_independently_verified
scheduling_class_1,318,1328400,3600,within_recorded_span_not_independently_verified
scheduling_class_1,264,1332000,3600,within_recorded_span_not_independently_verified
scheduling_class_1,238,1335600,3600,within_recorded_span_not_independently_verified
scheduling_class_1,243,1339200,3600,within_recorded_span_not_independently_verified
scheduling_class_1,246,1342800,3600,within_recorded_span_not_independently_verified
scheduling_class_1,227,1346400,3600,within_recorded_span_not_independently_verified
scheduling_class_1,220,1350000,3600,within_recorded_span_not_independently_verified
scheduling_class_1,253,1353600,3600,within_recorded_span_not_independently_verified
scheduling_class_1,240,1357200,3600,within_recorded_span_not_independently_verified
scheduling_class_1,246,1360800,3600,within_recorded_span_not_independently_verified
scheduling_class_1,226,1364400,3600,within_recorded_span_not_independently_verified
scheduling_class_1,251,1368000,3600,within_recorded_span_not_independently_verified
scheduling_class_1,251,1371600,3600,within_recorded_span_not_independently_verified
scheduling_class_1,297,1375200,3600,within_recorded_span_not_independently_verified
scheduling_class_1,326,1378800,3600,within_recorded_span_not_independently_verified
scheduling_class_1,366,1382400,3600,within_recorded_span_not_independently_verified
scheduling_class_1,269,1386000,3600,within_recorded_span_not_independently_verified
scheduling_class_1,253,1389600,3600,within_recorded_span_not_independently_verified
scheduling_class_1,289,1393200,3600,within_recorded_span_not_independently_verified
scheduling_class_1,312,1396800,3600,within_recorded_span_not_independently_verified
scheduling_class_1,319,1400400,3600,within_recorded_span_not_independently_verified
scheduling_class_1,249,1404000,3600,within_recorded_span_not_independently_verified
scheduling_class_1,279,1407600,3600,within_recorded_span_not_independently_verified
scheduling_class_1,294,1411200,3600,within_recorded_span_not_independently_verified
scheduling_class_1,247,1414800,3600,within_recorded_span_not_independently_verified
scheduling_class_1,282,1418400,3600,within_recorded_span_not_independently_verified
scheduling_class_1,207,1422000,3600,within_recorded_span_not_independently_verified
scheduling_class_1,252,1425600,3600,within_recorded_span_not_independently_verified
scheduling_class_1,491,1429200,3600,within_recorded_span_not_independently_verified
scheduling_class_1,222,1432800,3600,within_recorded_span_not_independently_verified
scheduling_class_1,209,1436400,3600,within_recorded_span_not_independently_verified
scheduling_class_1,319,1440000,3600,within_recorded_span_not_independently_verified
scheduling_class_1,242,1443600,3600,within_recorded_span_not_independently_verified
scheduling_class_1,228,1447200,3600,within_recorded_span_not_independently_verified
scheduling_class_1,337,1450800,3600,within_recorded_span_not_independently_verified
scheduling_class_1,307,1454400,3600,within_recorded_span_not_independently_verified
scheduling_class_1,241,1458000,3600,within_recorded_span_not_independently_verified
scheduling_class_1,259,1461600,3600,within_recorded_span_not_independently_verified
scheduling_class_1,312,1465200,3600,within_recorded_span_not_independently_verified
scheduling_class_1,386,1468800,3600,within_recorded_span_not_independently_verified
scheduling_class_1,253,1472400,3600,within_recorded_span_not_independently_verified
scheduling_class_1,265,1476000,3600,within_recorded_span_not_independently_verified
scheduling_class_1,283,1479600,3600,within_recorded_span_not_independently_verified
scheduling_class_1,270,1483200,3600,within_recorded_span_not_independently_verified
scheduling_class_1,285,1486800,3600,within_recorded_span_not_independently_verified
scheduling_class_1,259,1490400,3600,within_recorded_span_not_independently_verified
scheduling_class_1,264,1494000,3600,within_recorded_span_not_independently_verified
scheduling_class_1,285,1497600,3600,within_recorded_span_not_independently_verified
scheduling_class_1,241,1501200,3600,within_recorded_span_not_independently_verified
scheduling_class_1,278,1504800,3600,within_recorded_span_not_independently_verified
scheduling_class_1,231,1508400,3600,within_recorded_span_not_independently_verified
scheduling_class_1,287,1512000,3600,within_recorded_span_not_independently_verified
scheduling_class_1,245,1515600,3600,within_recorded_span_not_independently_verified
scheduling_class_1,237,1519200,3600,within_recorded_span_not_independently_verified
scheduling_class_1,261,1522800,3600,within_recorded_span_not_independently_verified
scheduling_class_1,266,1526400,3600,within_recorded_span_not_independently_verified
scheduling_class_1,253,1530000,3600,within_recorded_span_not_independently_verified
scheduling_class_1,225,1533600,3600,within_recorded_span_not_independently_verified
scheduling_class_1,237,1537200,3600,within_recorded_span_not_independently_verified
scheduling_class_1,267,1540800,3600,within_recorded_span_not_independently_verified
scheduling_class_1,249,1544400,3600,within_recorded_span_not_independently_verified
scheduling_class_1,327,1548000,3600,within_recorded_span_not_independently_verified
scheduling_class_1,309,1551600,3600,within_recorded_span_not_independently_verified
scheduling_class_1,303,1555200,3600,within_recorded_span_not_independently_verified
scheduling_class_1,234,1558800,3600,within_recorded_span_not_independently_verified
scheduling_class_1,283,1562400,3600,within_recorded_span_not_independently_verified
scheduling_class_1,297,1566000,3600,within_recorded_span_not_independently_verified
scheduling_class_1,313,1569600,3600,within_recorded_span_not_independently_verified
scheduling_class_1,267,1573200,3600,within_recorded_span_not_independently_verified
scheduling_class_1,283,1576800,3600,within_recorded_span_not_independently_verified
scheduling_class_1,265,1580400,3600,within_recorded_span_not_independently_verified
scheduling_class_1,293,1584000,3600,within_recorded_span_not_independently_verified
scheduling_class_1,238,1587600,3600,within_recorded_span_not_independently_verified
scheduling_class_1,277,1591200,3600,within_recorded_span_not_independently_verified
scheduling_class_1,248,1594800,3600,within_recorded_span_not_independently_verified
scheduling_class_1,269,1598400,3600,within_recorded_span_not_independently_verified
scheduling_class_1,189,1602000,3600,within_recorded_span_not_independently_verified
scheduling_class_1,264,1605600,3600,within_recorded_span_not_independently_verified
scheduling_class_1,228,1609200,3600,within_recorded_span_not_independently_verified
scheduling_class_1,304,1612800,3600,within_recorded_span_not_independently_verified
scheduling_class_1,254,1616400,3600,within_recorded_span_not_independently_verified
scheduling_class_1,259,1620000,3600,within_recorded_span_not_independently_verified
scheduling_class_1,240,1623600,3600,within_recorded_span_not_independently_verified
scheduling_class_1,291,1627200,3600,within_recorded_span_not_independently_verified
scheduling_class_1,267,1630800,3600,within_recorded_span_not_independently_verified
scheduling_class_1,339,1634400,3600,within_recorded_span_not_independently_verified
scheduling_class_1,348,1638000,3600,within_recorded_span_not_independently_verified
scheduling_class_1,334,1641600,3600,within_recorded_span_not_independently_verified
scheduling_class_1,231,1645200,3600,within_recorded_span_not_independently_verified
scheduling_class_1,271,1648800,3600,within_recorded_span_not_independently_verified
scheduling_class_1,300,1652400,3600,within_recorded_span_not_independently_verified
scheduling_class_1,330,1656000,3600,within_recorded_span_not_independently_verified
scheduling_class_1,271,1659600,3600,within_recorded_span_not_independently_verified
scheduling_class_1,284,1663200,3600,within_recorded_span_not_independently_verified
scheduling_class_1,277,1666800,3600,within_recorded_span_not_independently_verified
scheduling_class_1,278,1670400,3600,within_recorded_span_not_independently_verified
scheduling_class_1,223,1674000,3600,within_recorded_span_not_independently_verified
scheduling_class_1,242,1677600,3600,within_recorded_span_not_independently_verified
scheduling_class_1,232,1681200,3600,within_recorded_span_not_independently_verified
scheduling_class_1,238,1684800,3600,within_recorded_span_not_independently_verified
scheduling_class_1,236,1688400,3600,within_recorded_span_not_independently_verified
scheduling_class_1,242,1692000,3600,within_recorded_span_not_independently_verified
scheduling_class_1,215,1695600,3600,within_recorded_span_not_independently_verified
scheduling_class_1,256,1699200,3600,within_recorded_span_not_independently_verified
scheduling_class_1,327,1702800,3600,within_recorded_span_not_independently_verified
scheduling_class_1,204,1706400,3600,within_recorded_span_not_independently_verified
scheduling_class_1,228,1710000,3600,within_recorded_span_not_independently_verified
scheduling_class_1,308,1713600,3600,within_recorded_span_not_independently_verified
scheduling_class_1,263,1717200,3600,within_recorded_span_not_independently_verified
scheduling_class_1,304,1720800,3600,within_recorded_span_not_independently_verified
scheduling_class_1,290,1724400,3600,within_recorded_span_not_independently_verified
scheduling_class_1,321,1728000,3600,within_recorded_span_not_independently_verified
scheduling_class_1,255,1731600,3600,within_recorded_span_not_independently_verified
scheduling_class_1,261,1735200,3600,within_recorded_span_not_independently_verified
scheduling_class_1,303,1738800,3600,within_recorded_span_not_independently_verified
scheduling_class_1,298,1742400,3600,within_recorded_span_not_independently_verified
scheduling_class_1,289,1746000,3600,within_recorded_span_not_independently_verified
scheduling_class_1,294,1749600,3600,within_recorded_span_not_independently_verified
scheduling_class_1,310,1753200,3600,within_recorded_span_not_independently_verified
scheduling_class_1,306,1756800,3600,within_recorded_span_not_independently_verified
scheduling_class_1,218,1760400,3600,within_recorded_span_not_independently_verified
scheduling_class_1,256,1764000,3600,within_recorded_span_not_independently_verified
scheduling_class_1,261,1767600,3600,within_recorded_span_not_independently_verified
scheduling_class_1,240,1771200,3600,within_recorded_span_not_independently_verified
scheduling_class_1,199,1774800,3600,within_recorded_span_not_independently_verified
scheduling_class_1,246,1778400,3600,within_recorded_span_not_independently_verified
scheduling_class_1,219,1782000,3600,within_recorded_span_not_independently_verified
scheduling_class_1,249,1785600,3600,within_recorded_span_not_independently_verified
scheduling_class_1,195,1789200,3600,within_recorded_span_not_independently_verified
scheduling_class_1,235,1792800,3600,within_recorded_span_not_independently_verified
scheduling_class_1,277,1796400,3600,within_recorded_span_not_independently_verified
scheduling_class_1,223,1800000,3600,within_recorded_span_not_independently_verified
scheduling_class_1,210,1803600,3600,within_recorded_span_not_independently_verified
scheduling_class_1,272,1807200,3600,within_recorded_span_not_independently_verified
scheduling_class_1,246,1810800,3600,within_recorded_span_not_independently_verified
scheduling_class_1,313,1814400,3600,within_recorded_span_not_independently_verified
scheduling_class_1,209,1818000,3600,within_recorded_span_not_independently_verified
scheduling_class_1,232,1821600,3600,within_recorded_span_not_independently_verified
scheduling_class_1,208,1825200,3600,within_recorded_span_not_independently_verified
scheduling_class_1,250,1828800,3600,within_recorded_span_not_independently_verified
scheduling_class_1,233,1832400,3600,within_recorded_span_not_independently_verified
scheduling_class_1,241,1836000,3600,within_recorded_span_not_independently_verified
scheduling_class_1,235,1839600,3600,within_recorded_span_not_independently_verified
scheduling_class_1,252,1843200,3600,within_recorded_span_not_independently_verified
scheduling_class_1,224,1846800,3600,within_recorded_span_not_independently_verified
scheduling_class_1,246,1850400,3600,within_recorded_span_not_independently_verified
scheduling_class_1,191,1854000,3600,within_recorded_span_not_independently_verified
scheduling_class_1,215,1857600,3600,within_recorded_span_not_independently_verified
scheduling_class_1,199,1861200,3600,within_recorded_span_not_independently_verified
scheduling_class_1,197,1864800,3600,within_recorded_span_not_independently_verified
scheduling_class_1,191,1868400,3600,within_recorded_span_not_independently_verified
scheduling_class_1,186,1872000,3600,within_recorded_span_not_independently_verified
scheduling_class_1,199,1875600,3600,within_recorded_span_not_independently_verified
scheduling_class_1,190,1879200,3600,within_recorded_span_not_independently_verified
scheduling_class_1,204,1882800,3600,within_recorded_span_not_independently_verified
scheduling_class_1,230,1886400,3600,within_recorded_span_not_independently_verified
scheduling_class_1,253,1890000,3600,within_recorded_span_not_independently_verified
scheduling_class_1,255,1893600,3600,within_recorded_span_not_independently_verified
scheduling_class_1,264,1897200,3600,within_recorded_span_not_independently_verified
scheduling_class_1,273,1900800,3600,within_recorded_span_not_independently_verified
scheduling_class_1,240,1904400,3600,within_recorded_span_not_independently_verified
scheduling_class_1,268,1908000,3600,within_recorded_span_not_independently_verified
scheduling_class_1,257,1911600,3600,within_recorded_span_not_independently_verified
scheduling_class_1,227,1915200,3600,within_recorded_span_not_independently_verified
scheduling_class_1,215,1918800,3600,within_recorded_span_not_independently_verified
scheduling_class_1,259,1922400,3600,within_recorded_span_not_independently_verified
scheduling_class_1,262,1926000,3600,within_recorded_span_not_independently_verified
scheduling_class_1,248,1929600,3600,within_recorded_span_not_independently_verified
scheduling_class_1,214,1933200,3600,within_recorded_span_not_independently_verified
scheduling_class_1,251,1936800,3600,within_recorded_span_not_independently_verified
scheduling_class_1,205,1940400,3600,within_recorded_span_not_independently_verified
scheduling_class_1,230,1944000,3600,within_recorded_span_not_independently_verified
scheduling_class_1,183,1947600,3600,within_recorded_span_not_independently_verified
scheduling_class_1,202,1951200,3600,within_recorded_span_not_independently_verified
scheduling_class_1,214,1954800,3600,within_recorded_span_not_independently_verified
scheduling_class_1,367,1958400,3600,within_recorded_span_not_independently_verified
scheduling_class_1,239,1962000,3600,within_recorded_span_not_independently_verified
scheduling_class_1,210,1965600,3600,within_recorded_span_not_independently_verified
scheduling_class_1,203,1969200,3600,within_recorded_span_not_independently_verified
scheduling_class_1,207,1972800,3600,within_recorded_span_not_independently_verified
scheduling_class_1,199,1976400,3600,within_recorded_span_not_independently_verified
scheduling_class_1,237,1980000,3600,within_recorded_span_not_independently_verified
scheduling_class_1,276,1983600,3600,within_recorded_span_not_independently_verified
scheduling_class_1,292,1987200,3600,within_recorded_span_not_independently_verified
scheduling_class_1,196,1990800,3600,within_recorded_span_not_independently_verified
scheduling_class_1,216,1994400,3600,within_recorded_span_not_independently_verified
scheduling_class_1,249,1998000,3600,within_recorded_span_not_independently_verified
scheduling_class_1,238,2001600,3600,within_recorded_span_not_independently_verified
scheduling_class_1,256,2005200,3600,within_recorded_span_not_independently_verified
scheduling_class_1,272,2008800,3600,within_recorded_span_not_independently_verified
scheduling_class_1,234,2012400,3600,within_recorded_span_not_independently_verified
scheduling_class_1,250,2016000,3600,within_recorded_span_not_independently_verified
scheduling_class_1,205,2019600,3600,within_recorded_span_not_independently_verified
scheduling_class_1,227,2023200,3600,within_recorded_span_not_independently_verified
scheduling_class_1,192,2026800,3600,within_recorded_span_not_independently_verified
scheduling_class_1,207,2030400,3600,within_recorded_span_not_independently_verified
scheduling_class_1,198,2034000,3600,within_recorded_span_not_independently_verified
scheduling_class_1,193,2037600,3600,within_recorded_span_not_independently_verified
scheduling_class_1,202,2041200,3600,within_recorded_span_not_independently_verified
scheduling_class_1,214,2044800,3600,within_recorded_span_not_independently_verified
scheduling_class_1,217,2048400,3600,within_recorded_span_not_independently_verified
scheduling_class_1,222,2052000,3600,within_recorded_span_not_independently_verified
scheduling_class_1,208,2055600,3600,within_recorded_span_not_independently_verified
scheduling_class_1,217,2059200,3600,within_recorded_span_not_independently_verified
scheduling_class_1,232,2062800,3600,within_recorded_span_not_independently_verified
scheduling_class_1,294,2066400,3600,within_recorded_span_not_independently_verified
scheduling_class_1,277,2070000,3600,within_recorded_span_not_independently_verified
scheduling_class_1,291,2073600,3600,within_recorded_span_not_independently_verified
scheduling_class_1,229,2077200,3600,within_recorded_span_not_independently_verified
scheduling_class_1,240,2080800,3600,within_recorded_span_not_independently_verified
scheduling_class_1,250,2084400,3600,within_recorded_span_not_independently_verified
scheduling_class_1,250,2088000,3600,within_recorded_span_not_independently_verified
scheduling_class_1,242,2091600,3600,within_recorded_span_not_independently_verified
scheduling_class_1,264,2095200,3600,within_recorded_span_not_independently_verified
scheduling_class_1,240,2098800,3600,within_recorded_span_not_independently_verified
scheduling_class_1,257,2102400,3600,within_recorded_span_not_independently_verified
scheduling_class_1,230,2106000,3600,within_recorded_span_not_independently_verified
scheduling_class_1,240,2109600,3600,within_recorded_span_not_independently_verified
scheduling_class_1,202,2113200,3600,within_recorded_span_not_independently_verified
scheduling_class_1,252,2116800,3600,within_recorded_span_not_independently_verified
scheduling_class_1,197,2120400,3600,within_recorded_span_not_independently_verified
scheduling_class_1,220,2124000,3600,within_recorded_span_not_independently_verified
scheduling_class_1,216,2127600,3600,within_recorded_span_not_independently_verified
scheduling_class_1,249,2131200,3600,within_recorded_span_not_independently_verified
scheduling_class_1,205,2134800,3600,within_recorded_span_not_independently_verified
scheduling_class_1,207,2138400,3600,within_recorded_span_not_independently_verified
scheduling_class_1,211,2142000,3600,within_recorded_span_not_independently_verified
scheduling_class_1,233,2145600,3600,within_recorded_span_not_independently_verified
scheduling_class_1,238,2149200,3600,within_recorded_span_not_independently_verified
scheduling_class_1,272,2152800,3600,within_recorded_span_not_independently_verified
scheduling_class_1,274,2156400,3600,within_recorded_span_not_independently_verified
scheduling_class_1,264,2160000,3600,within_recorded_span_not_independently_verified
scheduling_class_1,231,2163600,3600,within_recorded_span_not_independently_verified
scheduling_class_1,226,2167200,3600,within_recorded_span_not_independently_verified
scheduling_class_1,250,2170800,3600,within_recorded_span_not_independently_verified
scheduling_class_1,280,2174400,3600,within_recorded_span_not_independently_verified
scheduling_class_1,234,2178000,3600,within_recorded_span_not_independently_verified
scheduling_class_1,249,2181600,3600,within_recorded_span_not_independently_verified
scheduling_class_1,220,2185200,3600,within_recorded_span_not_independently_verified
scheduling_class_1,269,2188800,3600,within_recorded_span_not_independently_verified
scheduling_class_1,200,2192400,3600,within_recorded_span_not_independently_verified
scheduling_class_1,233,2196000,3600,within_recorded_span_not_independently_verified
scheduling_class_1,203,2199600,3600,within_recorded_span_not_independently_verified
scheduling_class_1,212,2203200,3600,within_recorded_span_not_independently_verified
scheduling_class_1,206,2206800,3600,within_recorded_span_not_independently_verified
scheduling_class_1,207,2210400,3600,within_recorded_span_not_independently_verified
scheduling_class_1,221,2214000,3600,within_recorded_span_not_independently_verified
scheduling_class_1,261,2217600,3600,within_recorded_span_not_independently_verified
scheduling_class_1,202,2221200,3600,within_recorded_span_not_independently_verified
scheduling_class_1,216,2224800,3600,within_recorded_span_not_independently_verified
scheduling_class_1,227,2228400,3600,within_recorded_span_not_independently_verified
scheduling_class_1,215,2232000,3600,within_recorded_span_not_independently_verified
scheduling_class_1,233,2235600,3600,within_recorded_span_not_independently_verified
scheduling_class_1,276,2239200,3600,within_recorded_span_not_independently_verified
scheduling_class_1,279,2242800,3600,within_recorded_span_not_independently_verified
scheduling_class_1,281,2246400,3600,within_recorded_span_not_independently_verified
scheduling_class_1,230,2250000,3600,within_recorded_span_not_independently_verified
scheduling_class_1,243,2253600,3600,within_recorded_span_not_independently_verified
scheduling_class_1,250,2257200,3600,within_recorded_span_not_independently_verified
scheduling_class_1,248,2260800,3600,within_recorded_span_not_independently_verified
scheduling_class_1,250,2264400,3600,within_recorded_span_not_independently_verified
scheduling_class_1,217,2268000,3600,within_recorded_span_not_independently_verified
scheduling_class_1,263,2271600,3600,within_recorded_span_not_independently_verified
scheduling_class_1,281,2275200,3600,within_recorded_span_not_independently_verified
scheduling_class_1,219,2278800,3600,within_recorded_span_not_independently_verified
scheduling_class_1,278,2282400,3600,within_recorded_span_not_independently_verified
scheduling_class_1,181,2286000,3600,within_recorded_span_not_independently_verified
scheduling_class_1,231,2289600,3600,within_recorded_span_not_independently_verified
scheduling_class_1,221,2293200,3600,within_recorded_span_not_independently_verified
scheduling_class_1,207,2296800,3600,within_recorded_span_not_independently_verified
scheduling_class_1,223,2300400,3600,within_recorded_span_not_independently_verified
scheduling_class_1,256,2304000,3600,within_recorded_span_not_independently_verified
scheduling_class_1,247,2307600,3600,within_recorded_span_not_independently_verified
scheduling_class_1,237,2311200,3600,within_recorded_span_not_independently_verified
scheduling_class_1,191,2314800,3600,within_recorded_span_not_independently_verified
scheduling_class_1,251,2318400,3600,within_recorded_span_not_independently_verified
scheduling_class_1,227,2322000,3600,within_recorded_span_not_independently_verified
scheduling_class_1,286,2325600,3600,within_recorded_span_not_independently_verified
scheduling_class_1,276,2329200,3600,within_recorded_span_not_independently_verified
scheduling_class_1,304,2332800,3600,within_recorded_span_not_independently_verified
scheduling_class_1,235,2336400,3600,within_recorded_span_not_independently_verified
scheduling_class_1,239,2340000,3600,within_recorded_span_not_independently_verified
scheduling_class_1,255,2343600,3600,within_recorded_span_not_independently_verified
scheduling_class_1,223,2347200,3600,within_recorded_span_not_independently_verified
scheduling_class_1,238,2350800,3600,within_recorded_span_not_independently_verified
scheduling_class_1,248,2354400,3600,within_recorded_span_not_independently_verified
scheduling_class_1,245,2358000,3600,within_recorded_span_not_independently_verified
scheduling_class_1,303,2361600,3600,within_recorded_span_not_independently_verified
scheduling_class_1,216,2365200,3600,within_recorded_span_not_independently_verified
scheduling_class_1,237,2368800,3600,within_recorded_span_not_independently_verified
scheduling_class_1,250,2372400,3600,within_recorded_span_not_independently_verified
scheduling_class_1,279,2376000,3600,within_recorded_span_not_independently_verified
scheduling_class_1,243,2379600,3600,within_recorded_span_not_independently_verified
scheduling_class_1,210,2383200,3600,within_recorded_span_not_independently_verified
scheduling_class_1,176,2386800,3600,within_recorded_span_not_independently_verified
scheduling_class_1,218,2390400,3600,within_recorded_span_not_independently_verified
scheduling_class_1,224,2394000,3600,within_recorded_span_not_independently_verified
scheduling_class_1,185,2397600,3600,within_recorded_span_not_independently_verified
scheduling_class_1,190,2401200,3600,within_recorded_span_not_independently_verified
scheduling_class_1,209,2404800,3600,within_recorded_span_not_independently_verified
scheduling_class_1,205,2408400,3600,within_recorded_span_not_independently_verified
scheduling_class_1,328,2412000,3600,within_recorded_span_not_independently_verified
scheduling_class_1,276,2415600,3600,within_recorded_span_not_independently_verified
scheduling_class_1,254,2419200,3600,within_recorded_span_not_independently_verified
scheduling_class_1,209,2422800,3600,within_recorded_span_not_independently_verified
scheduling_class_1,236,2426400,3600,within_recorded_span_not_independently_verified
scheduling_class_1,225,2430000,3600,within_recorded_span_not_independently_verified
scheduling_class_1,230,2433600,3600,within_recorded_span_not_independently_verified
scheduling_class_1,233,2437200,3600,within_recorded_span_not_independently_verified
scheduling_class_1,235,2440800,3600,within_recorded_span_not_independently_verified
scheduling_class_1,228,2444400,3600,within_recorded_span_not_independently_verified
scheduling_class_1,285,2448000,3600,within_recorded_span_not_independently_verified
scheduling_class_1,206,2451600,3600,within_recorded_span_not_independently_verified
scheduling_class_1,255,2455200,3600,within_recorded_span_not_independently_verified
scheduling_class_1,228,2458800,3600,within_recorded_span_not_independently_verified
scheduling_class_1,254,2462400,3600,within_recorded_span_not_independently_verified
scheduling_class_1,208,2466000,3600,within_recorded_span_not_independently_verified
scheduling_class_1,233,2469600,3600,within_recorded_span_not_independently_verified
scheduling_class_1,229,2473200,3600,within_recorded_span_not_independently_verified
scheduling_class_1,222,2476800,3600,within_recorded_span_not_independently_verified
scheduling_class_1,225,2480400,3600,within_recorded_span_not_independently_verified
scheduling_class_1,197,2484000,3600,within_recorded_span_not_independently_verified
scheduling_class_1,204,2487600,3600,within_recorded_span_not_independently_verified
scheduling_class_1,242,2491200,3600,within_recorded_span_not_independently_verified
scheduling_class_1,218,2494800,3600,within_recorded_span_not_independently_verified
scheduling_class_1,222,2498400,3600,within_recorded_span_not_independently_verified
scheduling_class_1,356,2502000,3600,within_recorded_span_not_independently_verified
scheduling_class_1,282,2505600,3600,within_recorded_span_not_independently_verified
scheduling_class_1,214,2509200,3600,within_recorded_span_not_independently_verified
scheduling_class_1,326,2512800,3600,within_recorded_span_not_independently_verified
scheduling_class_1,259,2516400,3600,within_recorded_span_not_independently_verified
scheduling_class_1,284,2520000,3600,within_recorded_span_not_independently_verified
scheduling_class_1,262,2523600,3600,within_recorded_span_not_independently_verified
scheduling_class_1,277,2527200,3600,within_recorded_span_not_independently_verified
scheduling_class_1,276,2530800,3600,within_recorded_span_not_independently_verified
scheduling_class_1,260,2534400,3600,within_recorded_span_not_independently_verified
scheduling_class_1,262,2538000,3600,within_recorded_span_not_independently_verified
scheduling_class_1,259,2541600,3600,within_recorded_span_not_independently_verified
scheduling_class_1,210,2545200,3600,within_recorded_span_not_independently_verified
scheduling_class_1,228,2548800,3600,within_recorded_span_not_independently_verified
scheduling_class_1,199,2552400,3600,within_recorded_span_not_independently_verified
scheduling_class_1,183,2556000,3600,within_recorded_span_not_independently_verified
scheduling_class_1,193,2559600,3600,within_recorded_span_not_independently_verified
scheduling_class_1,247,2563200,3600,within_recorded_span_not_independently_verified
scheduling_class_1,210,2566800,3600,within_recorded_span_not_independently_verified
scheduling_class_1,192,2570400,3600,within_recorded_span_not_independently_verified
scheduling_class_1,197,2574000,3600,within_recorded_span_not_independently_verified
scheduling_class_1,256,2577600,3600,within_recorded_span_not_independently_verified
scheduling_class_1,252,2581200,3600,within_recorded_span_not_independently_verified
scheduling_class_1,250,2584800,3600,within_recorded_span_not_independently_verified
scheduling_class_1,296,2588400,3600,within_recorded_span_not_independently_verified
scheduling_class_1,324,2592000,3600,within_recorded_span_not_independently_verified
scheduling_class_1,249,2595600,3600,within_recorded_span_not_independently_verified
scheduling_class_1,270,2599200,3600,within_recorded_span_not_independently_verified
scheduling_class_1,247,2602800,3600,within_recorded_span_not_independently_verified
scheduling_class_1,283,2606400,3600,within_recorded_span_not_independently_verified
scheduling_class_1,244,2610000,3600,within_recorded_span_not_independently_verified
scheduling_class_1,291,2613600,3600,within_recorded_span_not_independently_verified
scheduling_class_1,258,2617200,3600,within_recorded_span_not_independently_verified
scheduling_class_1,337,2620800,3600,within_recorded_span_not_independently_verified
scheduling_class_1,250,2624400,3600,within_recorded_span_not_independently_verified
scheduling_class_1,278,2628000,3600,within_recorded_span_not_independently_verified
scheduling_class_1,220,2631600,3600,within_recorded_span_not_independently_verified
scheduling_class_1,263,2635200,3600,within_recorded_span_not_independently_verified
scheduling_class_1,302,2638800,3600,within_recorded_span_not_independently_verified
scheduling_class_1,225,2642400,3600,within_recorded_span_not_independently_verified
scheduling_class_1,234,2646000,3600,within_recorded_span_not_independently_verified
scheduling_class_1,259,2649600,3600,within_recorded_span_not_independently_verified
scheduling_class_1,235,2653200,3600,within_recorded_span_not_independently_verified
scheduling_class_1,225,2656800,3600,within_recorded_span_not_independently_verified
scheduling_class_1,216,2660400,3600,within_recorded_span_not_independently_verified
scheduling_class_1,255,2664000,3600,within_recorded_span_not_independently_verified
scheduling_class_1,207,2667600,3600,within_recorded_span_not_independently_verified
scheduling_class_1,307,2671200,3600,within_recorded_span_not_independently_verified
scheduling_class_1,347,2674800,3600,within_recorded_span_not_independently_verified
scheduling_class_1,38,2678400,3600,partial_boundary
scheduling_class_2,206,0,3600,partial_boundary
scheduling_class_2,207,3600,3600,within_recorded_span_not_independently_verified
scheduling_class_2,223,7200,3600,within_recorded_span_not_independently_verified
scheduling_class_2,305,10800,3600,within_recorded_span_not_independently_verified
scheduling_class_2,314,14400,3600,within_recorded_span_not_independently_verified
scheduling_class_2,172,18000,3600,within_recorded_span_not_independently_verified
scheduling_class_2,245,21600,3600,within_recorded_span_not_independently_verified
scheduling_class_2,210,25200,3600,within_recorded_span_not_independently_verified
scheduling_class_2,241,28800,3600,within_recorded_span_not_independently_verified
scheduling_class_2,333,32400,3600,within_recorded_span_not_independently_verified
scheduling_class_2,401,36000,3600,within_recorded_span_not_independently_verified
scheduling_class_2,281,39600,3600,within_recorded_span_not_independently_verified
scheduling_class_2,223,43200,3600,within_recorded_span_not_independently_verified
scheduling_class_2,190,46800,3600,within_recorded_span_not_independently_verified
scheduling_class_2,205,50400,3600,within_recorded_span_not_independently_verified
scheduling_class_2,295,54000,3600,within_recorded_span_not_independently_verified
scheduling_class_2,224,57600,3600,within_recorded_span_not_independently_verified
scheduling_class_2,340,61200,3600,within_recorded_span_not_independently_verified
scheduling_class_2,328,64800,3600,within_recorded_span_not_independently_verified
scheduling_class_2,144,68400,3600,within_recorded_span_not_independently_verified
scheduling_class_2,182,72000,3600,within_recorded_span_not_independently_verified
scheduling_class_2,326,75600,3600,within_recorded_span_not_independently_verified
scheduling_class_2,340,79200,3600,within_recorded_span_not_independently_verified
scheduling_class_2,182,82800,3600,within_recorded_span_not_independently_verified
scheduling_class_2,240,86400,3600,within_recorded_span_not_independently_verified
scheduling_class_2,157,90000,3600,within_recorded_span_not_independently_verified
scheduling_class_2,187,93600,3600,within_recorded_span_not_independently_verified
scheduling_class_2,335,97200,3600,within_recorded_span_not_independently_verified
scheduling_class_2,348,100800,3600,within_recorded_span_not_independently_verified
scheduling_class_2,187,104400,3600,within_recorded_span_not_independently_verified
scheduling_class_2,202,108000,3600,within_recorded_span_not_independently_verified
scheduling_class_2,251,111600,3600,within_recorded_span_not_independently_verified
scheduling_class_2,128,115200,3600,within_recorded_span_not_independently_verified
scheduling_class_2,259,118800,3600,within_recorded_span_not_independently_verified
scheduling_class_2,343,122400,3600,within_recorded_span_not_independently_verified
scheduling_class_2,161,126000,3600,within_recorded_span_not_independently_verified
scheduling_class_2,182,129600,3600,within_recorded_span_not_independently_verified
scheduling_class_2,217,133200,3600,within_recorded_span_not_independently_verified
scheduling_class_2,293,136800,3600,within_recorded_span_not_independently_verified
scheduling_class_2,273,140400,3600,within_recorded_span_not_independently_verified
scheduling_class_2,292,144000,3600,within_recorded_span_not_independently_verified
scheduling_class_2,212,147600,3600,within_recorded_span_not_independently_verified
scheduling_class_2,192,151200,3600,within_recorded_span_not_independently_verified
scheduling_class_2,186,154800,3600,within_recorded_span_not_independently_verified
scheduling_class_2,237,158400,3600,within_recorded_span_not_independently_verified
scheduling_class_2,374,162000,3600,within_recorded_span_not_independently_verified
scheduling_class_2,276,165600,3600,within_recorded_span_not_independently_verified
scheduling_class_2,172,169200,3600,within_recorded_span_not_independently_verified
scheduling_class_2,176,172800,3600,within_recorded_span_not_independently_verified
scheduling_class_2,173,176400,3600,within_recorded_span_not_independently_verified
scheduling_class_2,226,180000,3600,within_recorded_span_not_independently_verified
scheduling_class_2,413,183600,3600,within_recorded_span_not_independently_verified
scheduling_class_2,340,187200,3600,within_recorded_span_not_independently_verified
scheduling_class_2,182,190800,3600,within_recorded_span_not_independently_verified
scheduling_class_2,213,194400,3600,within_recorded_span_not_independently_verified
scheduling_class_2,199,198000,3600,within_recorded_span_not_independently_verified
scheduling_class_2,237,201600,3600,within_recorded_span_not_independently_verified
scheduling_class_2,281,205200,3600,within_recorded_span_not_independently_verified
scheduling_class_2,264,208800,3600,within_recorded_span_not_independently_verified
scheduling_class_2,183,212400,3600,within_recorded_span_not_independently_verified
scheduling_class_2,197,216000,3600,within_recorded_span_not_independently_verified
scheduling_class_2,183,219600,3600,within_recorded_span_not_independently_verified
scheduling_class_2,174,223200,3600,within_recorded_span_not_independently_verified
scheduling_class_2,262,226800,3600,within_recorded_span_not_independently_verified
scheduling_class_2,259,230400,3600,within_recorded_span_not_independently_verified
scheduling_class_2,172,234000,3600,within_recorded_span_not_independently_verified
scheduling_class_2,207,237600,3600,within_recorded_span_not_independently_verified
scheduling_class_2,163,241200,3600,within_recorded_span_not_independently_verified
scheduling_class_2,186,244800,3600,within_recorded_span_not_independently_verified
scheduling_class_2,349,248400,3600,within_recorded_span_not_independently_verified
scheduling_class_2,305,252000,3600,within_recorded_span_not_independently_verified
scheduling_class_2,202,255600,3600,within_recorded_span_not_independently_verified
scheduling_class_2,179,259200,3600,within_recorded_span_not_independently_verified
scheduling_class_2,198,262800,3600,within_recorded_span_not_independently_verified
scheduling_class_2,151,266400,3600,within_recorded_span_not_independently_verified
scheduling_class_2,296,270000,3600,within_recorded_span_not_independently_verified
scheduling_class_2,256,273600,3600,within_recorded_span_not_independently_verified
scheduling_class_2,147,277200,3600,within_recorded_span_not_independently_verified
scheduling_class_2,223,280800,3600,within_recorded_span_not_independently_verified
scheduling_class_2,184,284400,3600,within_recorded_span_not_independently_verified
scheduling_class_2,232,288000,3600,within_recorded_span_not_independently_verified
scheduling_class_2,279,291600,3600,within_recorded_span_not_independently_verified
scheduling_class_2,274,295200,3600,within_recorded_span_not_independently_verified
scheduling_class_2,163,298800,3600,within_recorded_span_not_independently_verified
scheduling_class_2,178,302400,3600,within_recorded_span_not_independently_verified
scheduling_class_2,137,306000,3600,within_recorded_span_not_independently_verified
scheduling_class_2,147,309600,3600,within_recorded_span_not_independently_verified
scheduling_class_2,289,313200,3600,within_recorded_span_not_independently_verified
scheduling_class_2,295,316800,3600,within_recorded_span_not_independently_verified
scheduling_class_2,202,320400,3600,within_recorded_span_not_independently_verified
scheduling_class_2,198,324000,3600,within_recorded_span_not_independently_verified
scheduling_class_2,202,327600,3600,within_recorded_span_not_independently_verified
scheduling_class_2,188,331200,3600,within_recorded_span_not_independently_verified
scheduling_class_2,277,334800,3600,within_recorded_span_not_independently_verified
scheduling_class_2,218,338400,3600,within_recorded_span_not_independently_verified
scheduling_class_2,167,342000,3600,within_recorded_span_not_independently_verified
scheduling_class_2,172,345600,3600,within_recorded_span_not_independently_verified
scheduling_class_2,194,349200,3600,within_recorded_span_not_independently_verified
scheduling_class_2,172,352800,3600,within_recorded_span_not_independently_verified
scheduling_class_2,327,356400,3600,within_recorded_span_not_independently_verified
scheduling_class_2,243,360000,3600,within_recorded_span_not_independently_verified
scheduling_class_2,190,363600,3600,within_recorded_span_not_independently_verified
scheduling_class_2,249,367200,3600,within_recorded_span_not_independently_verified
scheduling_class_2,195,370800,3600,within_recorded_span_not_independently_verified
scheduling_class_2,181,374400,3600,within_recorded_span_not_independently_verified
scheduling_class_2,351,378000,3600,within_recorded_span_not_independently_verified
scheduling_class_2,306,381600,3600,within_recorded_span_not_independently_verified
scheduling_class_2,161,385200,3600,within_recorded_span_not_independently_verified
scheduling_class_2,171,388800,3600,within_recorded_span_not_independently_verified
scheduling_class_2,184,392400,3600,within_recorded_span_not_independently_verified
scheduling_class_2,190,396000,3600,within_recorded_span_not_independently_verified
scheduling_class_2,289,399600,3600,within_recorded_span_not_independently_verified
scheduling_class_2,310,403200,3600,within_recorded_span_not_independently_verified
scheduling_class_2,165,406800,3600,within_recorded_span_not_independently_verified
scheduling_class_2,197,410400,3600,within_recorded_span_not_independently_verified
scheduling_class_2,193,414000,3600,within_recorded_span_not_independently_verified
scheduling_class_2,187,417600,3600,within_recorded_span_not_independently_verified
scheduling_class_2,289,421200,3600,within_recorded_span_not_independently_verified
scheduling_class_2,262,424800,3600,within_recorded_span_not_independently_verified
scheduling_class_2,267,428400,3600,within_recorded_span_not_independently_verified
scheduling_class_2,379,432000,3600,within_recorded_span_not_independently_verified
scheduling_class_2,420,435600,3600,within_recorded_span_not_independently_verified
scheduling_class_2,193,439200,3600,within_recorded_span_not_independently_verified
scheduling_class_2,290,442800,3600,within_recorded_span_not_independently_verified
scheduling_class_2,349,446400,3600,within_recorded_span_not_independently_verified
scheduling_class_2,275,450000,3600,within_recorded_span_not_independently_verified
scheduling_class_2,187,453600,3600,within_recorded_span_not_independently_verified
scheduling_class_2,260,457200,3600,within_recorded_span_not_independently_verified
scheduling_class_2,175,460800,3600,within_recorded_span_not_independently_verified
scheduling_class_2,320,464400,3600,within_recorded_span_not_independently_verified
scheduling_class_2,298,468000,3600,within_recorded_span_not_independently_verified
scheduling_class_2,273,471600,3600,within_recorded_span_not_independently_verified
scheduling_class_2,230,475200,3600,within_recorded_span_not_independently_verified
scheduling_class_2,197,478800,3600,within_recorded_span_not_independently_verified
scheduling_class_2,251,482400,3600,within_recorded_span_not_independently_verified
scheduling_class_2,256,486000,3600,within_recorded_span_not_independently_verified
scheduling_class_2,257,489600,3600,within_recorded_span_not_independently_verified
scheduling_class_2,172,493200,3600,within_recorded_span_not_independently_verified
scheduling_class_2,253,496800,3600,within_recorded_span_not_independently_verified
scheduling_class_2,174,500400,3600,within_recorded_span_not_independently_verified
scheduling_class_2,185,504000,3600,within_recorded_span_not_independently_verified
scheduling_class_2,360,507600,3600,within_recorded_span_not_independently_verified
scheduling_class_2,287,511200,3600,within_recorded_span_not_independently_verified
scheduling_class_2,264,514800,3600,within_recorded_span_not_independently_verified
scheduling_class_2,233,518400,3600,within_recorded_span_not_independently_verified
scheduling_class_2,195,522000,3600,within_recorded_span_not_independently_verified
scheduling_class_2,186,525600,3600,within_recorded_span_not_independently_verified
scheduling_class_2,318,529200,3600,within_recorded_span_not_independently_verified
scheduling_class_2,318,532800,3600,within_recorded_span_not_independently_verified
scheduling_class_2,216,536400,3600,within_recorded_span_not_independently_verified
scheduling_class_2,201,540000,3600,within_recorded_span_not_independently_verified
scheduling_class_2,186,543600,3600,within_recorded_span_not_independently_verified
scheduling_class_2,242,547200,3600,within_recorded_span_not_independently_verified
scheduling_class_2,339,550800,3600,within_recorded_span_not_independently_verified
scheduling_class_2,333,554400,3600,within_recorded_span_not_independently_verified
scheduling_class_2,247,558000,3600,within_recorded_span_not_independently_verified
scheduling_class_2,217,561600,3600,within_recorded_span_not_independently_verified
scheduling_class_2,218,565200,3600,within_recorded_span_not_independently_verified
scheduling_class_2,199,568800,3600,within_recorded_span_not_independently_verified
scheduling_class_2,219,572400,3600,within_recorded_span_not_independently_verified
scheduling_class_2,475,576000,3600,within_recorded_span_not_independently_verified
scheduling_class_2,239,579600,3600,within_recorded_span_not_independently_verified
scheduling_class_2,207,583200,3600,within_recorded_span_not_independently_verified
scheduling_class_2,176,586800,3600,within_recorded_span_not_independently_verified
scheduling_class_2,188,590400,3600,within_recorded_span_not_independently_verified
scheduling_class_2,304,594000,3600,within_recorded_span_not_independently_verified
scheduling_class_2,305,597600,3600,within_recorded_span_not_independently_verified
scheduling_class_2,188,601200,3600,within_recorded_span_not_independently_verified
scheduling_class_2,211,604800,3600,within_recorded_span_not_independently_verified
scheduling_class_2,154,608400,3600,within_recorded_span_not_independently_verified
scheduling_class_2,179,612000,3600,within_recorded_span_not_independently_verified
scheduling_class_2,310,615600,3600,within_recorded_span_not_independently_verified
scheduling_class_2,269,619200,3600,within_recorded_span_not_independently_verified
scheduling_class_2,199,622800,3600,within_recorded_span_not_independently_verified
scheduling_class_2,225,626400,3600,within_recorded_span_not_independently_verified
scheduling_class_2,153,630000,3600,within_recorded_span_not_independently_verified
scheduling_class_2,226,633600,3600,within_recorded_span_not_independently_verified
scheduling_class_2,394,637200,3600,within_recorded_span_not_independently_verified
scheduling_class_2,305,640800,3600,within_recorded_span_not_independently_verified
scheduling_class_2,227,644400,3600,within_recorded_span_not_independently_verified
scheduling_class_2,209,648000,3600,within_recorded_span_not_independently_verified
scheduling_class_2,152,651600,3600,within_recorded_span_not_independently_verified
scheduling_class_2,154,655200,3600,within_recorded_span_not_independently_verified
scheduling_class_2,294,658800,3600,within_recorded_span_not_independently_verified
scheduling_class_2,270,662400,3600,within_recorded_span_not_independently_verified
scheduling_class_2,257,666000,3600,within_recorded_span_not_independently_verified
scheduling_class_2,209,669600,3600,within_recorded_span_not_independently_verified
scheduling_class_2,224,673200,3600,within_recorded_span_not_independently_verified
scheduling_class_2,300,676800,3600,within_recorded_span_not_independently_verified
scheduling_class_2,296,680400,3600,within_recorded_span_not_independently_verified
scheduling_class_2,304,684000,3600,within_recorded_span_not_independently_verified
scheduling_class_2,253,687600,3600,within_recorded_span_not_independently_verified
scheduling_class_2,226,691200,3600,within_recorded_span_not_independently_verified
scheduling_class_2,177,694800,3600,within_recorded_span_not_independently_verified
scheduling_class_2,146,698400,3600,within_recorded_span_not_independently_verified
scheduling_class_2,323,702000,3600,within_recorded_span_not_independently_verified
scheduling_class_2,365,705600,3600,within_recorded_span_not_independently_verified
scheduling_class_2,269,709200,3600,within_recorded_span_not_independently_verified
scheduling_class_2,249,712800,3600,within_recorded_span_not_independently_verified
scheduling_class_2,245,716400,3600,within_recorded_span_not_independently_verified
scheduling_class_2,241,720000,3600,within_recorded_span_not_independently_verified
scheduling_class_2,363,723600,3600,within_recorded_span_not_independently_verified
scheduling_class_2,287,727200,3600,within_recorded_span_not_independently_verified
scheduling_class_2,230,730800,3600,within_recorded_span_not_independently_verified
scheduling_class_2,194,734400,3600,within_recorded_span_not_independently_verified
scheduling_class_2,273,738000,3600,within_recorded_span_not_independently_verified
scheduling_class_2,217,741600,3600,within_recorded_span_not_independently_verified
scheduling_class_2,338,745200,3600,within_recorded_span_not_independently_verified
scheduling_class_2,376,748800,3600,within_recorded_span_not_independently_verified
scheduling_class_2,206,752400,3600,within_recorded_span_not_independently_verified
scheduling_class_2,235,756000,3600,within_recorded_span_not_independently_verified
scheduling_class_2,168,759600,3600,within_recorded_span_not_independently_verified
scheduling_class_2,188,763200,3600,within_recorded_span_not_independently_verified
scheduling_class_2,396,766800,3600,within_recorded_span_not_independently_verified
scheduling_class_2,316,770400,3600,within_recorded_span_not_independently_verified
scheduling_class_2,181,774000,3600,within_recorded_span_not_independently_verified
scheduling_class_2,160,777600,3600,within_recorded_span_not_independently_verified
scheduling_class_2,185,781200,3600,within_recorded_span_not_independently_verified
scheduling_class_2,259,784800,3600,within_recorded_span_not_independently_verified
scheduling_class_2,456,788400,3600,within_recorded_span_not_independently_verified
scheduling_class_2,362,792000,3600,within_recorded_span_not_independently_verified
scheduling_class_2,237,795600,3600,within_recorded_span_not_independently_verified
scheduling_class_2,250,799200,3600,within_recorded_span_not_independently_verified
scheduling_class_2,194,802800,3600,within_recorded_span_not_independently_verified
scheduling_class_2,196,806400,3600,within_recorded_span_not_independently_verified
scheduling_class_2,289,810000,3600,within_recorded_span_not_independently_verified
scheduling_class_2,326,813600,3600,within_recorded_span_not_independently_verified
scheduling_class_2,276,817200,3600,within_recorded_span_not_independently_verified
scheduling_class_2,248,820800,3600,within_recorded_span_not_independently_verified
scheduling_class_2,178,824400,3600,within_recorded_span_not_independently_verified
scheduling_class_2,231,828000,3600,within_recorded_span_not_independently_verified
scheduling_class_2,339,831600,3600,within_recorded_span_not_independently_verified
scheduling_class_2,354,835200,3600,within_recorded_span_not_independently_verified
scheduling_class_2,197,838800,3600,within_recorded_span_not_independently_verified
scheduling_class_2,240,842400,3600,within_recorded_span_not_independently_verified
scheduling_class_2,208,846000,3600,within_recorded_span_not_independently_verified
scheduling_class_2,160,849600,3600,within_recorded_span_not_independently_verified
scheduling_class_2,310,853200,3600,within_recorded_span_not_independently_verified
scheduling_class_2,264,856800,3600,within_recorded_span_not_independently_verified
scheduling_class_2,170,860400,3600,within_recorded_span_not_independently_verified
scheduling_class_2,218,864000,3600,within_recorded_span_not_independently_verified
scheduling_class_2,160,867600,3600,within_recorded_span_not_independently_verified
scheduling_class_2,185,871200,3600,within_recorded_span_not_independently_verified
scheduling_class_2,336,874800,3600,within_recorded_span_not_independently_verified
scheduling_class_2,271,878400,3600,within_recorded_span_not_independently_verified
scheduling_class_2,199,882000,3600,within_recorded_span_not_independently_verified
scheduling_class_2,171,885600,3600,within_recorded_span_not_independently_verified
scheduling_class_2,197,889200,3600,within_recorded_span_not_independently_verified
scheduling_class_2,142,892800,3600,within_recorded_span_not_independently_verified
scheduling_class_2,296,896400,3600,within_recorded_span_not_independently_verified
scheduling_class_2,232,900000,3600,within_recorded_span_not_independently_verified
scheduling_class_2,154,903600,3600,within_recorded_span_not_independently_verified
scheduling_class_2,194,907200,3600,within_recorded_span_not_independently_verified
scheduling_class_2,170,910800,3600,within_recorded_span_not_independently_verified
scheduling_class_2,195,914400,3600,within_recorded_span_not_independently_verified
scheduling_class_2,332,918000,3600,within_recorded_span_not_independently_verified
scheduling_class_2,291,921600,3600,within_recorded_span_not_independently_verified
scheduling_class_2,233,925200,3600,within_recorded_span_not_independently_verified
scheduling_class_2,213,928800,3600,within_recorded_span_not_independently_verified
scheduling_class_2,230,932400,3600,within_recorded_span_not_independently_verified
scheduling_class_2,273,936000,3600,within_recorded_span_not_independently_verified
scheduling_class_2,387,939600,3600,within_recorded_span_not_independently_verified
scheduling_class_2,298,943200,3600,within_recorded_span_not_independently_verified
scheduling_class_2,204,946800,3600,within_recorded_span_not_independently_verified
scheduling_class_2,212,950400,3600,within_recorded_span_not_independently_verified
scheduling_class_2,219,954000,3600,within_recorded_span_not_independently_verified
scheduling_class_2,185,957600,3600,within_recorded_span_not_independently_verified
scheduling_class_2,334,961200,3600,within_recorded_span_not_independently_verified
scheduling_class_2,320,964800,3600,within_recorded_span_not_independently_verified
scheduling_class_2,227,968400,3600,within_recorded_span_not_independently_verified
scheduling_class_2,265,972000,3600,within_recorded_span_not_independently_verified
scheduling_class_2,249,975600,3600,within_recorded_span_not_independently_verified
scheduling_class_2,194,979200,3600,within_recorded_span_not_independently_verified
scheduling_class_2,332,982800,3600,within_recorded_span_not_independently_verified
scheduling_class_2,313,986400,3600,within_recorded_span_not_independently_verified
scheduling_class_2,177,990000,3600,within_recorded_span_not_independently_verified
scheduling_class_2,215,993600,3600,within_recorded_span_not_independently_verified
scheduling_class_2,177,997200,3600,within_recorded_span_not_independently_verified
scheduling_class_2,164,1000800,3600,within_recorded_span_not_independently_verified
scheduling_class_2,336,1004400,3600,within_recorded_span_not_independently_verified
scheduling_class_2,257,1008000,3600,within_recorded_span_not_independently_verified
scheduling_class_2,178,1011600,3600,within_recorded_span_not_independently_verified
scheduling_class_2,182,1015200,3600,within_recorded_span_not_independently_verified
scheduling_class_2,139,1018800,3600,within_recorded_span_not_independently_verified
scheduling_class_2,158,1022400,3600,within_recorded_span_not_independently_verified
scheduling_class_2,248,1026000,3600,within_recorded_span_not_independently_verified
scheduling_class_2,265,1029600,3600,within_recorded_span_not_independently_verified
scheduling_class_2,148,1033200,3600,within_recorded_span_not_independently_verified
scheduling_class_2,148,1036800,3600,within_recorded_span_not_independently_verified
scheduling_class_2,135,1040400,3600,within_recorded_span_not_independently_verified
scheduling_class_2,141,1044000,3600,within_recorded_span_not_independently_verified
scheduling_class_2,293,1047600,3600,within_recorded_span_not_independently_verified
scheduling_class_2,229,1051200,3600,within_recorded_span_not_independently_verified
scheduling_class_2,161,1054800,3600,within_recorded_span_not_independently_verified
scheduling_class_2,195,1058400,3600,within_recorded_span_not_independently_verified
scheduling_class_2,176,1062000,3600,within_recorded_span_not_independently_verified
scheduling_class_2,258,1065600,3600,within_recorded_span_not_independently_verified
scheduling_class_2,362,1069200,3600,within_recorded_span_not_independently_verified
scheduling_class_2,308,1072800,3600,within_recorded_span_not_independently_verified
scheduling_class_2,213,1076400,3600,within_recorded_span_not_independently_verified
scheduling_class_2,229,1080000,3600,within_recorded_span_not_independently_verified
scheduling_class_2,171,1083600,3600,within_recorded_span_not_independently_verified
scheduling_class_2,265,1087200,3600,within_recorded_span_not_independently_verified
scheduling_class_2,523,1090800,3600,within_recorded_span_not_independently_verified
scheduling_class_2,450,1094400,3600,within_recorded_span_not_independently_verified
scheduling_class_2,171,1098000,3600,within_recorded_span_not_independently_verified
scheduling_class_2,193,1101600,3600,within_recorded_span_not_independently_verified
scheduling_class_2,186,1105200,3600,within_recorded_span_not_independently_verified
scheduling_class_2,169,1108800,3600,within_recorded_span_not_independently_verified
scheduling_class_2,320,1112400,3600,within_recorded_span_not_independently_verified
scheduling_class_2,389,1116000,3600,within_recorded_span_not_independently_verified
scheduling_class_2,218,1119600,3600,within_recorded_span_not_independently_verified
scheduling_class_2,220,1123200,3600,within_recorded_span_not_independently_verified
scheduling_class_2,202,1126800,3600,within_recorded_span_not_independently_verified
scheduling_class_2,175,1130400,3600,within_recorded_span_not_independently_verified
scheduling_class_2,261,1134000,3600,within_recorded_span_not_independently_verified
scheduling_class_2,339,1137600,3600,within_recorded_span_not_independently_verified
scheduling_class_2,220,1141200,3600,within_recorded_span_not_independently_verified
scheduling_class_2,167,1144800,3600,within_recorded_span_not_independently_verified
scheduling_class_2,179,1148400,3600,within_recorded_span_not_independently_verified
scheduling_class_2,256,1152000,3600,within_recorded_span_not_independently_verified
scheduling_class_2,387,1155600,3600,within_recorded_span_not_independently_verified
scheduling_class_2,370,1159200,3600,within_recorded_span_not_independently_verified
scheduling_class_2,187,1162800,3600,within_recorded_span_not_independently_verified
scheduling_class_2,233,1166400,3600,within_recorded_span_not_independently_verified
scheduling_class_2,160,1170000,3600,within_recorded_span_not_independently_verified
scheduling_class_2,223,1173600,3600,within_recorded_span_not_independently_verified
scheduling_class_2,301,1177200,3600,within_recorded_span_not_independently_verified
scheduling_class_2,236,1180800,3600,within_recorded_span_not_independently_verified
scheduling_class_2,179,1184400,3600,within_recorded_span_not_independently_verified
scheduling_class_2,192,1188000,3600,within_recorded_span_not_independently_verified
scheduling_class_2,116,1191600,3600,within_recorded_span_not_independently_verified
scheduling_class_2,232,1195200,3600,within_recorded_span_not_independently_verified
scheduling_class_2,272,1198800,3600,within_recorded_span_not_independently_verified
scheduling_class_2,253,1202400,3600,within_recorded_span_not_independently_verified
scheduling_class_2,164,1206000,3600,within_recorded_span_not_independently_verified
scheduling_class_2,344,1209600,3600,within_recorded_span_not_independently_verified
scheduling_class_2,220,1213200,3600,within_recorded_span_not_independently_verified
scheduling_class_2,216,1216800,3600,within_recorded_span_not_independently_verified
scheduling_class_2,317,1220400,3600,within_recorded_span_not_independently_verified
scheduling_class_2,312,1224000,3600,within_recorded_span_not_independently_verified
scheduling_class_2,199,1227600,3600,within_recorded_span_not_independently_verified
scheduling_class_2,228,1231200,3600,within_recorded_span_not_independently_verified
scheduling_class_2,191,1234800,3600,within_recorded_span_not_independently_verified
scheduling_class_2,151,1238400,3600,within_recorded_span_not_independently_verified
scheduling_class_2,309,1242000,3600,within_recorded_span_not_independently_verified
scheduling_class_2,296,1245600,3600,within_recorded_span_not_independently_verified
scheduling_class_2,253,1249200,3600,within_recorded_span_not_independently_verified
scheduling_class_2,188,1252800,3600,within_recorded_span_not_independently_verified
scheduling_class_2,184,1256400,3600,within_recorded_span_not_independently_verified
scheduling_class_2,194,1260000,3600,within_recorded_span_not_independently_verified
scheduling_class_2,233,1263600,3600,within_recorded_span_not_independently_verified
scheduling_class_2,470,1267200,3600,within_recorded_span_not_independently_verified
scheduling_class_2,121,1270800,3600,within_recorded_span_not_independently_verified
scheduling_class_2,160,1274400,3600,within_recorded_span_not_independently_verified
scheduling_class_2,161,1278000,3600,within_recorded_span_not_independently_verified
scheduling_class_2,137,1281600,3600,within_recorded_span_not_independently_verified
scheduling_class_2,240,1285200,3600,within_recorded_span_not_independently_verified
scheduling_class_2,328,1288800,3600,within_recorded_span_not_independently_verified
scheduling_class_2,198,1292400,3600,within_recorded_span_not_independently_verified
scheduling_class_2,176,1296000,3600,within_recorded_span_not_independently_verified
scheduling_class_2,144,1299600,3600,within_recorded_span_not_independently_verified
scheduling_class_2,173,1303200,3600,within_recorded_span_not_independently_verified
scheduling_class_2,287,1306800,3600,within_recorded_span_not_independently_verified
scheduling_class_2,275,1310400,3600,within_recorded_span_not_independently_verified
scheduling_class_2,205,1314000,3600,within_recorded_span_not_independently_verified
scheduling_class_2,169,1317600,3600,within_recorded_span_not_independently_verified
scheduling_class_2,201,1321200,3600,within_recorded_span_not_independently_verified
scheduling_class_2,237,1324800,3600,within_recorded_span_not_independently_verified
scheduling_class_2,269,1328400,3600,within_recorded_span_not_independently_verified
scheduling_class_2,265,1332000,3600,within_recorded_span_not_independently_verified
scheduling_class_2,268,1335600,3600,within_recorded_span_not_independently_verified
scheduling_class_2,180,1339200,3600,within_recorded_span_not_independently_verified
scheduling_class_2,220,1342800,3600,within_recorded_span_not_independently_verified
scheduling_class_2,224,1346400,3600,within_recorded_span_not_independently_verified
scheduling_class_2,183,1350000,3600,within_recorded_span_not_independently_verified
scheduling_class_2,191,1353600,3600,within_recorded_span_not_independently_verified
scheduling_class_2,180,1357200,3600,within_recorded_span_not_independently_verified
scheduling_class_2,225,1360800,3600,within_recorded_span_not_independently_verified
scheduling_class_2,165,1364400,3600,within_recorded_span_not_independently_verified
scheduling_class_2,139,1368000,3600,within_recorded_span_not_independently_verified
scheduling_class_2,321,1371600,3600,within_recorded_span_not_independently_verified
scheduling_class_2,283,1375200,3600,within_recorded_span_not_independently_verified
scheduling_class_2,200,1378800,3600,within_recorded_span_not_independently_verified
scheduling_class_2,294,1382400,3600,within_recorded_span_not_independently_verified
scheduling_class_2,219,1386000,3600,within_recorded_span_not_independently_verified
scheduling_class_2,149,1389600,3600,within_recorded_span_not_independently_verified
scheduling_class_2,512,1393200,3600,within_recorded_span_not_independently_verified
scheduling_class_2,310,1396800,3600,within_recorded_span_not_independently_verified
scheduling_class_2,178,1400400,3600,within_recorded_span_not_independently_verified
scheduling_class_2,193,1404000,3600,within_recorded_span_not_independently_verified
scheduling_class_2,239,1407600,3600,within_recorded_span_not_independently_verified
scheduling_class_2,209,1411200,3600,within_recorded_span_not_independently_verified
scheduling_class_2,300,1414800,3600,within_recorded_span_not_independently_verified
scheduling_class_2,296,1418400,3600,within_recorded_span_not_independently_verified
scheduling_class_2,133,1422000,3600,within_recorded_span_not_independently_verified
scheduling_class_2,173,1425600,3600,within_recorded_span_not_independently_verified
scheduling_class_2,158,1429200,3600,within_recorded_span_not_independently_verified
scheduling_class_2,161,1432800,3600,within_recorded_span_not_independently_verified
scheduling_class_2,280,1436400,3600,within_recorded_span_not_independently_verified
scheduling_class_2,269,1440000,3600,within_recorded_span_not_independently_verified
scheduling_class_2,165,1443600,3600,within_recorded_span_not_independently_verified
scheduling_class_2,197,1447200,3600,within_recorded_span_not_independently_verified
scheduling_class_2,162,1450800,3600,within_recorded_span_not_independently_verified
scheduling_class_2,175,1454400,3600,within_recorded_span_not_independently_verified
scheduling_class_2,328,1458000,3600,within_recorded_span_not_independently_verified
scheduling_class_2,256,1461600,3600,within_recorded_span_not_independently_verified
scheduling_class_2,183,1465200,3600,within_recorded_span_not_independently_verified
scheduling_class_2,220,1468800,3600,within_recorded_span_not_independently_verified
scheduling_class_2,164,1472400,3600,within_recorded_span_not_independently_verified
scheduling_class_2,191,1476000,3600,within_recorded_span_not_independently_verified
scheduling_class_2,334,1479600,3600,within_recorded_span_not_independently_verified
scheduling_class_2,249,1483200,3600,within_recorded_span_not_independently_verified
scheduling_class_2,249,1486800,3600,within_recorded_span_not_independently_verified
scheduling_class_2,222,1490400,3600,within_recorded_span_not_independently_verified
scheduling_class_2,177,1494000,3600,within_recorded_span_not_independently_verified
scheduling_class_2,191,1497600,3600,within_recorded_span_not_independently_verified
scheduling_class_2,374,1501200,3600,within_recorded_span_not_independently_verified
scheduling_class_2,262,1504800,3600,within_recorded_span_not_independently_verified
scheduling_class_2,194,1508400,3600,within_recorded_span_not_independently_verified
scheduling_class_2,208,1512000,3600,within_recorded_span_not_independently_verified
scheduling_class_2,186,1515600,3600,within_recorded_span_not_independently_verified
scheduling_class_2,215,1519200,3600,within_recorded_span_not_independently_verified
scheduling_class_2,271,1522800,3600,within_recorded_span_not_independently_verified
scheduling_class_2,244,1526400,3600,within_recorded_span_not_independently_verified
scheduling_class_2,158,1530000,3600,within_recorded_span_not_independently_verified
scheduling_class_2,187,1533600,3600,within_recorded_span_not_independently_verified
scheduling_class_2,194,1537200,3600,within_recorded_span_not_independently_verified
scheduling_class_2,154,1540800,3600,within_recorded_span_not_independently_verified
scheduling_class_2,318,1544400,3600,within_recorded_span_not_independently_verified
scheduling_class_2,267,1548000,3600,within_recorded_span_not_independently_verified
scheduling_class_2,171,1551600,3600,within_recorded_span_not_independently_verified
scheduling_class_2,195,1555200,3600,within_recorded_span_not_independently_verified
scheduling_class_2,144,1558800,3600,within_recorded_span_not_independently_verified
scheduling_class_2,177,1562400,3600,within_recorded_span_not_independently_verified
scheduling_class_2,287,1566000,3600,within_recorded_span_not_independently_verified
scheduling_class_2,296,1569600,3600,within_recorded_span_not_independently_verified
scheduling_class_2,221,1573200,3600,within_recorded_span_not_independently_verified
scheduling_class_2,192,1576800,3600,within_recorded_span_not_independently_verified
scheduling_class_2,192,1580400,3600,within_recorded_span_not_independently_verified
scheduling_class_2,211,1584000,3600,within_recorded_span_not_independently_verified
scheduling_class_2,280,1587600,3600,within_recorded_span_not_independently_verified
scheduling_class_2,252,1591200,3600,within_recorded_span_not_independently_verified
scheduling_class_2,209,1594800,3600,within_recorded_span_not_independently_verified
scheduling_class_2,150,1598400,3600,within_recorded_span_not_independently_verified
scheduling_class_2,91,1602000,3600,within_recorded_span_not_independently_verified
scheduling_class_2,186,1605600,3600,within_recorded_span_not_independently_verified
scheduling_class_2,305,1609200,3600,within_recorded_span_not_independently_verified
scheduling_class_2,306,1612800,3600,within_recorded_span_not_independently_verified
scheduling_class_2,201,1616400,3600,within_recorded_span_not_independently_verified
scheduling_class_2,231,1620000,3600,within_recorded_span_not_independently_verified
scheduling_class_2,210,1623600,3600,within_recorded_span_not_independently_verified
scheduling_class_2,205,1627200,3600,within_recorded_span_not_independently_verified
scheduling_class_2,341,1630800,3600,within_recorded_span_not_independently_verified
scheduling_class_2,258,1634400,3600,within_recorded_span_not_independently_verified
scheduling_class_2,228,1638000,3600,within_recorded_span_not_independently_verified
scheduling_class_2,217,1641600,3600,within_recorded_span_not_independently_verified
scheduling_class_2,144,1645200,3600,within_recorded_span_not_independently_verified
scheduling_class_2,185,1648800,3600,within_recorded_span_not_independently_verified
scheduling_class_2,352,1652400,3600,within_recorded_span_not_independently_verified
scheduling_class_2,291,1656000,3600,within_recorded_span_not_independently_verified
scheduling_class_2,211,1659600,3600,within_recorded_span_not_independently_verified
scheduling_class_2,176,1663200,3600,within_recorded_span_not_independently_verified
scheduling_class_2,177,1666800,3600,within_recorded_span_not_independently_verified
scheduling_class_2,178,1670400,3600,within_recorded_span_not_independently_verified
scheduling_class_2,358,1674000,3600,within_recorded_span_not_independently_verified
scheduling_class_2,278,1677600,3600,within_recorded_span_not_independently_verified
scheduling_class_2,250,1681200,3600,within_recorded_span_not_independently_verified
scheduling_class_2,174,1684800,3600,within_recorded_span_not_independently_verified
scheduling_class_2,247,1688400,3600,within_recorded_span_not_independently_verified
scheduling_class_2,206,1692000,3600,within_recorded_span_not_independently_verified
scheduling_class_2,150,1695600,3600,within_recorded_span_not_independently_verified
scheduling_class_2,335,1699200,3600,within_recorded_span_not_independently_verified
scheduling_class_2,155,1702800,3600,within_recorded_span_not_independently_verified
scheduling_class_2,165,1706400,3600,within_recorded_span_not_independently_verified
scheduling_class_2,144,1710000,3600,within_recorded_span_not_independently_verified
scheduling_class_2,234,1713600,3600,within_recorded_span_not_independently_verified
scheduling_class_2,329,1717200,3600,within_recorded_span_not_independently_verified
scheduling_class_2,316,1720800,3600,within_recorded_span_not_independently_verified
scheduling_class_2,162,1724400,3600,within_recorded_span_not_independently_verified
scheduling_class_2,193,1728000,3600,within_recorded_span_not_independently_verified
scheduling_class_2,203,1731600,3600,within_recorded_span_not_independently_verified
scheduling_class_2,149,1735200,3600,within_recorded_span_not_independently_verified
scheduling_class_2,374,1738800,3600,within_recorded_span_not_independently_verified
scheduling_class_2,249,1742400,3600,within_recorded_span_not_independently_verified
scheduling_class_2,232,1746000,3600,within_recorded_span_not_independently_verified
scheduling_class_2,238,1749600,3600,within_recorded_span_not_independently_verified
scheduling_class_2,238,1753200,3600,within_recorded_span_not_independently_verified
scheduling_class_2,246,1756800,3600,within_recorded_span_not_independently_verified
scheduling_class_2,339,1760400,3600,within_recorded_span_not_independently_verified
scheduling_class_2,353,1764000,3600,within_recorded_span_not_independently_verified
scheduling_class_2,209,1767600,3600,within_recorded_span_not_independently_verified
scheduling_class_2,147,1771200,3600,within_recorded_span_not_independently_verified
scheduling_class_2,152,1774800,3600,within_recorded_span_not_independently_verified
scheduling_class_2,241,1778400,3600,within_recorded_span_not_independently_verified
scheduling_class_2,134,1782000,3600,within_recorded_span_not_independently_verified
scheduling_class_2,350,1785600,3600,within_recorded_span_not_independently_verified
scheduling_class_2,188,1789200,3600,within_recorded_span_not_independently_verified
scheduling_class_2,202,1792800,3600,within_recorded_span_not_independently_verified
scheduling_class_2,232,1796400,3600,within_recorded_span_not_independently_verified
scheduling_class_2,204,1800000,3600,within_recorded_span_not_independently_verified
scheduling_class_2,327,1803600,3600,within_recorded_span_not_independently_verified
scheduling_class_2,366,1807200,3600,within_recorded_span_not_independently_verified
scheduling_class_2,189,1810800,3600,within_recorded_span_not_independently_verified
scheduling_class_2,257,1814400,3600,within_recorded_span_not_independently_verified
scheduling_class_2,183,1818000,3600,within_recorded_span_not_independently_verified
scheduling_class_2,213,1821600,3600,within_recorded_span_not_independently_verified
scheduling_class_2,276,1825200,3600,within_recorded_span_not_independently_verified
scheduling_class_2,291,1828800,3600,within_recorded_span_not_independently_verified
scheduling_class_2,255,1832400,3600,within_recorded_span_not_independently_verified
scheduling_class_2,208,1836000,3600,within_recorded_span_not_independently_verified
scheduling_class_2,198,1839600,3600,within_recorded_span_not_independently_verified
scheduling_class_2,199,1843200,3600,within_recorded_span_not_independently_verified
scheduling_class_2,339,1846800,3600,within_recorded_span_not_independently_verified
scheduling_class_2,273,1850400,3600,within_recorded_span_not_independently_verified
scheduling_class_2,197,1854000,3600,within_recorded_span_not_independently_verified
scheduling_class_2,158,1857600,3600,within_recorded_span_not_independently_verified
scheduling_class_2,196,1861200,3600,within_recorded_span_not_independently_verified
scheduling_class_2,159,1864800,3600,within_recorded_span_not_independently_verified
scheduling_class_2,242,1868400,3600,within_recorded_span_not_independently_verified
scheduling_class_2,236,1872000,3600,within_recorded_span_not_independently_verified
scheduling_class_2,173,1875600,3600,within_recorded_span_not_independently_verified
scheduling_class_2,186,1879200,3600,within_recorded_span_not_independently_verified
scheduling_class_2,195,1882800,3600,within_recorded_span_not_independently_verified
scheduling_class_2,177,1886400,3600,within_recorded_span_not_independently_verified
scheduling_class_2,297,1890000,3600,within_recorded_span_not_independently_verified
scheduling_class_2,275,1893600,3600,within_recorded_span_not_independently_verified
scheduling_class_2,159,1897200,3600,within_recorded_span_not_independently_verified
scheduling_class_2,187,1900800,3600,within_recorded_span_not_independently_verified
scheduling_class_2,227,1904400,3600,within_recorded_span_not_independently_verified
scheduling_class_2,263,1908000,3600,within_recorded_span_not_independently_verified
scheduling_class_2,311,1911600,3600,within_recorded_span_not_independently_verified
scheduling_class_2,296,1915200,3600,within_recorded_span_not_independently_verified
scheduling_class_2,176,1918800,3600,within_recorded_span_not_independently_verified
scheduling_class_2,202,1922400,3600,within_recorded_span_not_independently_verified
scheduling_class_2,192,1926000,3600,within_recorded_span_not_independently_verified
scheduling_class_2,214,1929600,3600,within_recorded_span_not_independently_verified
scheduling_class_2,306,1933200,3600,within_recorded_span_not_independently_verified
scheduling_class_2,363,1936800,3600,within_recorded_span_not_independently_verified
scheduling_class_2,177,1940400,3600,within_recorded_span_not_independently_verified
scheduling_class_2,193,1944000,3600,within_recorded_span_not_independently_verified
scheduling_class_2,164,1947600,3600,within_recorded_span_not_independently_verified
scheduling_class_2,167,1951200,3600,within_recorded_span_not_independently_verified
scheduling_class_2,283,1954800,3600,within_recorded_span_not_independently_verified
scheduling_class_2,336,1958400,3600,within_recorded_span_not_independently_verified
scheduling_class_2,181,1962000,3600,within_recorded_span_not_independently_verified
scheduling_class_2,243,1965600,3600,within_recorded_span_not_independently_verified
scheduling_class_2,206,1969200,3600,within_recorded_span_not_independently_verified
scheduling_class_2,201,1972800,3600,within_recorded_span_not_independently_verified
scheduling_class_2,336,1976400,3600,within_recorded_span_not_independently_verified
scheduling_class_2,262,1980000,3600,within_recorded_span_not_independently_verified
scheduling_class_2,215,1983600,3600,within_recorded_span_not_independently_verified
scheduling_class_2,190,1987200,3600,within_recorded_span_not_independently_verified
scheduling_class_2,161,1990800,3600,within_recorded_span_not_independently_verified
scheduling_class_2,161,1994400,3600,within_recorded_span_not_independently_verified
scheduling_class_2,490,1998000,3600,within_recorded_span_not_independently_verified
scheduling_class_2,324,2001600,3600,within_recorded_span_not_independently_verified
scheduling_class_2,185,2005200,3600,within_recorded_span_not_independently_verified
scheduling_class_2,219,2008800,3600,within_recorded_span_not_independently_verified
scheduling_class_2,184,2012400,3600,within_recorded_span_not_independently_verified
scheduling_class_2,206,2016000,3600,within_recorded_span_not_independently_verified
scheduling_class_2,325,2019600,3600,within_recorded_span_not_independently_verified
scheduling_class_2,263,2023200,3600,within_recorded_span_not_independently_verified
scheduling_class_2,181,2026800,3600,within_recorded_span_not_independently_verified
scheduling_class_2,190,2030400,3600,within_recorded_span_not_independently_verified
scheduling_class_2,135,2034000,3600,within_recorded_span_not_independently_verified
scheduling_class_2,159,2037600,3600,within_recorded_span_not_independently_verified
scheduling_class_2,288,2041200,3600,within_recorded_span_not_independently_verified
scheduling_class_2,297,2044800,3600,within_recorded_span_not_independently_verified
scheduling_class_2,221,2048400,3600,within_recorded_span_not_independently_verified
scheduling_class_2,193,2052000,3600,within_recorded_span_not_independently_verified
scheduling_class_2,176,2055600,3600,within_recorded_span_not_independently_verified
scheduling_class_2,211,2059200,3600,within_recorded_span_not_independently_verified
scheduling_class_2,345,2062800,3600,within_recorded_span_not_independently_verified
scheduling_class_2,264,2066400,3600,within_recorded_span_not_independently_verified
scheduling_class_2,182,2070000,3600,within_recorded_span_not_independently_verified
scheduling_class_2,241,2073600,3600,within_recorded_span_not_independently_verified
scheduling_class_2,178,2077200,3600,within_recorded_span_not_independently_verified
scheduling_class_2,216,2080800,3600,within_recorded_span_not_independently_verified
scheduling_class_2,317,2084400,3600,within_recorded_span_not_independently_verified
scheduling_class_2,275,2088000,3600,within_recorded_span_not_independently_verified
scheduling_class_2,187,2091600,3600,within_recorded_span_not_independently_verified
scheduling_class_2,189,2095200,3600,within_recorded_span_not_independently_verified
scheduling_class_2,206,2098800,3600,within_recorded_span_not_independently_verified
scheduling_class_2,220,2102400,3600,within_recorded_span_not_independently_verified
scheduling_class_2,321,2106000,3600,within_recorded_span_not_independently_verified
scheduling_class_2,292,2109600,3600,within_recorded_span_not_independently_verified
scheduling_class_2,180,2113200,3600,within_recorded_span_not_independently_verified
scheduling_class_2,209,2116800,3600,within_recorded_span_not_independently_verified
scheduling_class_2,163,2120400,3600,within_recorded_span_not_independently_verified
scheduling_class_2,188,2124000,3600,within_recorded_span_not_independently_verified
scheduling_class_2,307,2127600,3600,within_recorded_span_not_independently_verified
scheduling_class_2,414,2131200,3600,within_recorded_span_not_independently_verified
scheduling_class_2,242,2134800,3600,within_recorded_span_not_independently_verified
scheduling_class_2,255,2138400,3600,within_recorded_span_not_independently_verified
scheduling_class_2,169,2142000,3600,within_recorded_span_not_independently_verified
scheduling_class_2,181,2145600,3600,within_recorded_span_not_independently_verified
scheduling_class_2,354,2149200,3600,within_recorded_span_not_independently_verified
scheduling_class_2,269,2152800,3600,within_recorded_span_not_independently_verified
scheduling_class_2,175,2156400,3600,within_recorded_span_not_independently_verified
scheduling_class_2,163,2160000,3600,within_recorded_span_not_independently_verified
scheduling_class_2,177,2163600,3600,within_recorded_span_not_independently_verified
scheduling_class_2,175,2167200,3600,within_recorded_span_not_independently_verified
scheduling_class_2,327,2170800,3600,within_recorded_span_not_independently_verified
scheduling_class_2,272,2174400,3600,within_recorded_span_not_independently_verified
scheduling_class_2,213,2178000,3600,within_recorded_span_not_independently_verified
scheduling_class_2,222,2181600,3600,within_recorded_span_not_independently_verified
scheduling_class_2,182,2185200,3600,within_recorded_span_not_independently_verified
scheduling_class_2,241,2188800,3600,within_recorded_span_not_independently_verified
scheduling_class_2,334,2192400,3600,within_recorded_span_not_independently_verified
scheduling_class_2,242,2196000,3600,within_recorded_span_not_independently_verified
scheduling_class_2,194,2199600,3600,within_recorded_span_not_independently_verified
scheduling_class_2,182,2203200,3600,within_recorded_span_not_independently_verified
scheduling_class_2,171,2206800,3600,within_recorded_span_not_independently_verified
scheduling_class_2,194,2210400,3600,within_recorded_span_not_independently_verified
scheduling_class_2,316,2214000,3600,within_recorded_span_not_independently_verified
scheduling_class_2,309,2217600,3600,within_recorded_span_not_independently_verified
scheduling_class_2,171,2221200,3600,within_recorded_span_not_independently_verified
scheduling_class_2,200,2224800,3600,within_recorded_span_not_independently_verified
scheduling_class_2,210,2228400,3600,within_recorded_span_not_independently_verified
scheduling_class_2,155,2232000,3600,within_recorded_span_not_independently_verified
scheduling_class_2,338,2235600,3600,within_recorded_span_not_independently_verified
scheduling_class_2,266,2239200,3600,within_recorded_span_not_independently_verified
scheduling_class_2,186,2242800,3600,within_recorded_span_not_independently_verified
scheduling_class_2,175,2246400,3600,within_recorded_span_not_independently_verified
scheduling_class_2,200,2250000,3600,within_recorded_span_not_independently_verified
scheduling_class_2,201,2253600,3600,within_recorded_span_not_independently_verified
scheduling_class_2,313,2257200,3600,within_recorded_span_not_independently_verified
scheduling_class_2,299,2260800,3600,within_recorded_span_not_independently_verified
scheduling_class_2,207,2264400,3600,within_recorded_span_not_independently_verified
scheduling_class_2,212,2268000,3600,within_recorded_span_not_independently_verified
scheduling_class_2,208,2271600,3600,within_recorded_span_not_independently_verified
scheduling_class_2,226,2275200,3600,within_recorded_span_not_independently_verified
scheduling_class_2,347,2278800,3600,within_recorded_span_not_independently_verified
scheduling_class_2,302,2282400,3600,within_recorded_span_not_independently_verified
scheduling_class_2,168,2286000,3600,within_recorded_span_not_independently_verified
scheduling_class_2,182,2289600,3600,within_recorded_span_not_independently_verified
scheduling_class_2,186,2293200,3600,within_recorded_span_not_independently_verified
scheduling_class_2,177,2296800,3600,within_recorded_span_not_independently_verified
scheduling_class_2,333,2300400,3600,within_recorded_span_not_independently_verified
scheduling_class_2,247,2304000,3600,within_recorded_span_not_independently_verified
scheduling_class_2,243,2307600,3600,within_recorded_span_not_independently_verified
scheduling_class_2,298,2311200,3600,within_recorded_span_not_independently_verified
scheduling_class_2,165,2314800,3600,within_recorded_span_not_independently_verified
scheduling_class_2,201,2318400,3600,within_recorded_span_not_independently_verified
scheduling_class_2,328,2322000,3600,within_recorded_span_not_independently_verified
scheduling_class_2,296,2325600,3600,within_recorded_span_not_independently_verified
scheduling_class_2,231,2329200,3600,within_recorded_span_not_independently_verified
scheduling_class_2,247,2332800,3600,within_recorded_span_not_independently_verified
scheduling_class_2,227,2336400,3600,within_recorded_span_not_independently_verified
scheduling_class_2,191,2340000,3600,within_recorded_span_not_independently_verified
scheduling_class_2,354,2343600,3600,within_recorded_span_not_independently_verified
scheduling_class_2,291,2347200,3600,within_recorded_span_not_independently_verified
scheduling_class_2,184,2350800,3600,within_recorded_span_not_independently_verified
scheduling_class_2,260,2354400,3600,within_recorded_span_not_independently_verified
scheduling_class_2,185,2358000,3600,within_recorded_span_not_independently_verified
scheduling_class_2,264,2361600,3600,within_recorded_span_not_independently_verified
scheduling_class_2,345,2365200,3600,within_recorded_span_not_independently_verified
scheduling_class_2,228,2368800,3600,within_recorded_span_not_independently_verified
scheduling_class_2,187,2372400,3600,within_recorded_span_not_independently_verified
scheduling_class_2,218,2376000,3600,within_recorded_span_not_independently_verified
scheduling_class_2,189,2379600,3600,within_recorded_span_not_independently_verified
scheduling_class_2,185,2383200,3600,within_recorded_span_not_independently_verified
scheduling_class_2,294,2386800,3600,within_recorded_span_not_independently_verified
scheduling_class_2,234,2390400,3600,within_recorded_span_not_independently_verified
scheduling_class_2,133,2394000,3600,within_recorded_span_not_independently_verified
scheduling_class_2,144,2397600,3600,within_recorded_span_not_independently_verified
scheduling_class_2,163,2401200,3600,within_recorded_span_not_independently_verified
scheduling_class_2,166,2404800,3600,within_recorded_span_not_independently_verified
scheduling_class_2,298,2408400,3600,within_recorded_span_not_independently_verified
scheduling_class_2,328,2412000,3600,within_recorded_span_not_independently_verified
scheduling_class_2,185,2415600,3600,within_recorded_span_not_independently_verified
scheduling_class_2,160,2419200,3600,within_recorded_span_not_independently_verified
scheduling_class_2,134,2422800,3600,within_recorded_span_not_independently_verified
scheduling_class_2,199,2426400,3600,within_recorded_span_not_independently_verified
scheduling_class_2,268,2430000,3600,within_recorded_span_not_independently_verified
scheduling_class_2,243,2433600,3600,within_recorded_span_not_independently_verified
scheduling_class_2,227,2437200,3600,within_recorded_span_not_independently_verified
scheduling_class_2,186,2440800,3600,within_recorded_span_not_independently_verified
scheduling_class_2,183,2444400,3600,within_recorded_span_not_independently_verified
scheduling_class_2,301,2448000,3600,within_recorded_span_not_independently_verified
scheduling_class_2,324,2451600,3600,within_recorded_span_not_independently_verified
scheduling_class_2,352,2455200,3600,within_recorded_span_not_independently_verified
scheduling_class_2,306,2458800,3600,within_recorded_span_not_independently_verified
scheduling_class_2,226,2462400,3600,within_recorded_span_not_independently_verified
scheduling_class_2,149,2466000,3600,within_recorded_span_not_independently_verified
scheduling_class_2,264,2469600,3600,within_recorded_span_not_independently_verified
scheduling_class_2,210,2473200,3600,within_recorded_span_not_independently_verified
scheduling_class_2,147,2476800,3600,within_recorded_span_not_independently_verified
scheduling_class_2,175,2480400,3600,within_recorded_span_not_independently_verified
scheduling_class_2,143,2484000,3600,within_recorded_span_not_independently_verified
scheduling_class_2,302,2487600,3600,within_recorded_span_not_independently_verified
scheduling_class_2,147,2491200,3600,within_recorded_span_not_independently_verified
scheduling_class_2,151,2494800,3600,within_recorded_span_not_independently_verified
scheduling_class_2,189,2498400,3600,within_recorded_span_not_independently_verified
scheduling_class_2,176,2502000,3600,within_recorded_span_not_independently_verified
scheduling_class_2,139,2505600,3600,within_recorded_span_not_independently_verified
scheduling_class_2,133,2509200,3600,within_recorded_span_not_independently_verified
scheduling_class_2,209,2512800,3600,within_recorded_span_not_independently_verified
scheduling_class_2,282,2516400,3600,within_recorded_span_not_independently_verified
scheduling_class_2,288,2520000,3600,within_recorded_span_not_independently_verified
scheduling_class_2,216,2523600,3600,within_recorded_span_not_independently_verified
scheduling_class_2,195,2527200,3600,within_recorded_span_not_independently_verified
scheduling_class_2,200,2530800,3600,within_recorded_span_not_independently_verified
scheduling_class_2,285,2534400,3600,within_recorded_span_not_independently_verified
scheduling_class_2,369,2538000,3600,within_recorded_span_not_independently_verified
scheduling_class_2,342,2541600,3600,within_recorded_span_not_independently_verified
scheduling_class_2,290,2545200,3600,within_recorded_span_not_independently_verified
scheduling_class_2,204,2548800,3600,within_recorded_span_not_independently_verified
scheduling_class_2,199,2552400,3600,within_recorded_span_not_independently_verified
scheduling_class_2,171,2556000,3600,within_recorded_span_not_independently_verified
scheduling_class_2,308,2559600,3600,within_recorded_span_not_independently_verified
scheduling_class_2,289,2563200,3600,within_recorded_span_not_independently_verified
scheduling_class_2,193,2566800,3600,within_recorded_span_not_independently_verified
scheduling_class_2,220,2570400,3600,within_recorded_span_not_independently_verified
scheduling_class_2,195,2574000,3600,within_recorded_span_not_independently_verified
scheduling_class_2,222,2577600,3600,within_recorded_span_not_independently_verified
scheduling_class_2,312,2581200,3600,within_recorded_span_not_independently_verified
scheduling_class_2,313,2584800,3600,within_recorded_span_not_independently_verified
scheduling_class_2,198,2588400,3600,within_recorded_span_not_independently_verified
scheduling_class_2,210,2592000,3600,within_recorded_span_not_independently_verified
scheduling_class_2,184,2595600,3600,within_recorded_span_not_independently_verified
scheduling_class_2,200,2599200,3600,within_recorded_span_not_independently_verified
scheduling_class_2,472,2602800,3600,within_recorded_span_not_independently_verified
scheduling_class_2,289,2606400,3600,within_recorded_span_not_independently_verified
scheduling_class_2,244,2610000,3600,within_recorded_span_not_independently_verified
scheduling_class_2,230,2613600,3600,within_recorded_span_not_independently_verified
scheduling_class_2,261,2617200,3600,within_recorded_span_not_independently_verified
scheduling_class_2,363,2620800,3600,within_recorded_span_not_independently_verified
scheduling_class_2,417,2624400,3600,within_recorded_span_not_independently_verified
scheduling_class_2,366,2628000,3600,within_recorded_span_not_independently_verified
scheduling_class_2,159,2631600,3600,within_recorded_span_not_independently_verified
scheduling_class_2,317,2635200,3600,within_recorded_span_not_independently_verified
scheduling_class_2,182,2638800,3600,within_recorded_span_not_independently_verified
scheduling_class_2,210,2642400,3600,within_recorded_span_not_independently_verified
scheduling_class_2,380,2646000,3600,within_recorded_span_not_independently_verified
scheduling_class_2,259,2649600,3600,within_recorded_span_not_independently_verified
scheduling_class_2,155,2653200,3600,within_recorded_span_not_independently_verified
scheduling_class_2,218,2656800,3600,within_recorded_span_not_independently_verified
scheduling_class_2,140,2660400,3600,within_recorded_span_not_independently_verified
scheduling_class_2,200,2664000,3600,within_recorded_span_not_independently_verified
scheduling_class_2,259,2667600,3600,within_recorded_span_not_independently_verified
scheduling_class_2,336,2671200,3600,within_recorded_span_not_independently_verified
scheduling_class_2,220,2674800,3600,within_recorded_span_not_independently_verified
scheduling_class_2,17,2678400,3600,partial_boundary
scheduling_class_3,490,0,3600,partial_boundary
scheduling_class_3,449,3600,3600,within_recorded_span_not_independently_verified
scheduling_class_3,446,7200,3600,within_recorded_span_not_independently_verified
scheduling_class_3,813,10800,3600,within_recorded_span_not_independently_verified
scheduling_class_3,450,14400,3600,within_recorded_span_not_independently_verified
scheduling_class_3,351,18000,3600,within_recorded_span_not_independently_verified
scheduling_class_3,608,21600,3600,within_recorded_span_not_independently_verified
scheduling_class_3,531,25200,3600,within_recorded_span_not_independently_verified
scheduling_class_3,361,28800,3600,within_recorded_span_not_independently_verified
scheduling_class_3,672,32400,3600,within_recorded_span_not_independently_verified
scheduling_class_3,539,36000,3600,within_recorded_span_not_independently_verified
scheduling_class_3,387,39600,3600,within_recorded_span_not_independently_verified
scheduling_class_3,599,43200,3600,within_recorded_span_not_independently_verified
scheduling_class_3,452,46800,3600,within_recorded_span_not_independently_verified
scheduling_class_3,275,50400,3600,within_recorded_span_not_independently_verified
scheduling_class_3,638,54000,3600,within_recorded_span_not_independently_verified
scheduling_class_3,377,57600,3600,within_recorded_span_not_independently_verified
scheduling_class_3,471,61200,3600,within_recorded_span_not_independently_verified
scheduling_class_3,596,64800,3600,within_recorded_span_not_independently_verified
scheduling_class_3,418,68400,3600,within_recorded_span_not_independently_verified
scheduling_class_3,367,72000,3600,within_recorded_span_not_independently_verified
scheduling_class_3,718,75600,3600,within_recorded_span_not_independently_verified
scheduling_class_3,496,79200,3600,within_recorded_span_not_independently_verified
scheduling_class_3,462,82800,3600,within_recorded_span_not_independently_verified
scheduling_class_3,570,86400,3600,within_recorded_span_not_independently_verified
scheduling_class_3,394,90000,3600,within_recorded_span_not_independently_verified
scheduling_class_3,437,93600,3600,within_recorded_span_not_independently_verified
scheduling_class_3,725,97200,3600,within_recorded_span_not_independently_verified
scheduling_class_3,506,100800,3600,within_recorded_span_not_independently_verified
scheduling_class_3,458,104400,3600,within_recorded_span_not_independently_verified
scheduling_class_3,554,108000,3600,within_recorded_span_not_independently_verified
scheduling_class_3,426,111600,3600,within_recorded_span_not_independently_verified
scheduling_class_3,325,115200,3600,within_recorded_span_not_independently_verified
scheduling_class_3,652,118800,3600,within_recorded_span_not_independently_verified
scheduling_class_3,347,122400,3600,within_recorded_span_not_independently_verified
scheduling_class_3,357,126000,3600,within_recorded_span_not_independently_verified
scheduling_class_3,546,129600,3600,within_recorded_span_not_independently_verified
scheduling_class_3,374,133200,3600,within_recorded_span_not_independently_verified
scheduling_class_3,464,136800,3600,within_recorded_span_not_independently_verified
scheduling_class_3,614,140400,3600,within_recorded_span_not_independently_verified
scheduling_class_3,466,144000,3600,within_recorded_span_not_independently_verified
scheduling_class_3,374,147600,3600,within_recorded_span_not_independently_verified
scheduling_class_3,520,151200,3600,within_recorded_span_not_independently_verified
scheduling_class_3,421,154800,3600,within_recorded_span_not_independently_verified
scheduling_class_3,526,158400,3600,within_recorded_span_not_independently_verified
scheduling_class_3,607,162000,3600,within_recorded_span_not_independently_verified
scheduling_class_3,444,165600,3600,within_recorded_span_not_independently_verified
scheduling_class_3,447,169200,3600,within_recorded_span_not_independently_verified
scheduling_class_3,546,172800,3600,within_recorded_span_not_independently_verified
scheduling_class_3,404,176400,3600,within_recorded_span_not_independently_verified
scheduling_class_3,433,180000,3600,within_recorded_span_not_independently_verified
scheduling_class_3,762,183600,3600,within_recorded_span_not_independently_verified
scheduling_class_3,440,187200,3600,within_recorded_span_not_independently_verified
scheduling_class_3,372,190800,3600,within_recorded_span_not_independently_verified
scheduling_class_3,608,194400,3600,within_recorded_span_not_independently_verified
scheduling_class_3,514,198000,3600,within_recorded_span_not_independently_verified
scheduling_class_3,413,201600,3600,within_recorded_span_not_independently_verified
scheduling_class_3,660,205200,3600,within_recorded_span_not_independently_verified
scheduling_class_3,422,208800,3600,within_recorded_span_not_independently_verified
scheduling_class_3,334,212400,3600,within_recorded_span_not_independently_verified
scheduling_class_3,563,216000,3600,within_recorded_span_not_independently_verified
scheduling_class_3,427,219600,3600,within_recorded_span_not_independently_verified
scheduling_class_3,298,223200,3600,within_recorded_span_not_independently_verified
scheduling_class_3,584,226800,3600,within_recorded_span_not_independently_verified
scheduling_class_3,364,230400,3600,within_recorded_span_not_independently_verified
scheduling_class_3,411,234000,3600,within_recorded_span_not_independently_verified
scheduling_class_3,549,237600,3600,within_recorded_span_not_independently_verified
scheduling_class_3,386,241200,3600,within_recorded_span_not_independently_verified
scheduling_class_3,391,244800,3600,within_recorded_span_not_independently_verified
scheduling_class_3,755,248400,3600,within_recorded_span_not_independently_verified
scheduling_class_3,384,252000,3600,within_recorded_span_not_independently_verified
scheduling_class_3,405,255600,3600,within_recorded_span_not_independently_verified
scheduling_class_3,531,259200,3600,within_recorded_span_not_independently_verified
scheduling_class_3,414,262800,3600,within_recorded_span_not_independently_verified
scheduling_class_3,329,266400,3600,within_recorded_span_not_independently_verified
scheduling_class_3,748,270000,3600,within_recorded_span_not_independently_verified
scheduling_class_3,356,273600,3600,within_recorded_span_not_independently_verified
scheduling_class_3,431,277200,3600,within_recorded_span_not_independently_verified
scheduling_class_3,525,280800,3600,within_recorded_span_not_independently_verified
scheduling_class_3,408,284400,3600,within_recorded_span_not_independently_verified
scheduling_class_3,388,288000,3600,within_recorded_span_not_independently_verified
scheduling_class_3,659,291600,3600,within_recorded_span_not_independently_verified
scheduling_class_3,382,295200,3600,within_recorded_span_not_independently_verified
scheduling_class_3,394,298800,3600,within_recorded_span_not_independently_verified
scheduling_class_3,635,302400,3600,within_recorded_span_not_independently_verified
scheduling_class_3,414,306000,3600,within_recorded_span_not_independently_verified
scheduling_class_3,354,309600,3600,within_recorded_span_not_independently_verified
scheduling_class_3,668,313200,3600,within_recorded_span_not_independently_verified
scheduling_class_3,511,316800,3600,within_recorded_span_not_independently_verified
scheduling_class_3,425,320400,3600,within_recorded_span_not_independently_verified
scheduling_class_3,486,324000,3600,within_recorded_span_not_independently_verified
scheduling_class_3,464,327600,3600,within_recorded_span_not_independently_verified
scheduling_class_3,384,331200,3600,within_recorded_span_not_independently_verified
scheduling_class_3,625,334800,3600,within_recorded_span_not_independently_verified
scheduling_class_3,311,338400,3600,within_recorded_span_not_independently_verified
scheduling_class_3,525,342000,3600,within_recorded_span_not_independently_verified
scheduling_class_3,544,345600,3600,within_recorded_span_not_independently_verified
scheduling_class_3,456,349200,3600,within_recorded_span_not_independently_verified
scheduling_class_3,373,352800,3600,within_recorded_span_not_independently_verified
scheduling_class_3,691,356400,3600,within_recorded_span_not_independently_verified
scheduling_class_3,484,360000,3600,within_recorded_span_not_independently_verified
scheduling_class_3,375,363600,3600,within_recorded_span_not_independently_verified
scheduling_class_3,567,367200,3600,within_recorded_span_not_independently_verified
scheduling_class_3,410,370800,3600,within_recorded_span_not_independently_verified
scheduling_class_3,374,374400,3600,within_recorded_span_not_independently_verified
scheduling_class_3,636,378000,3600,within_recorded_span_not_independently_verified
scheduling_class_3,449,381600,3600,within_recorded_span_not_independently_verified
scheduling_class_3,466,385200,3600,within_recorded_span_not_independently_verified
scheduling_class_3,504,388800,3600,within_recorded_span_not_independently_verified
scheduling_class_3,429,392400,3600,within_recorded_span_not_independently_verified
scheduling_class_3,414,396000,3600,within_recorded_span_not_independently_verified
scheduling_class_3,618,399600,3600,within_recorded_span_not_independently_verified
scheduling_class_3,388,403200,3600,within_recorded_span_not_independently_verified
scheduling_class_3,352,406800,3600,within_recorded_span_not_independently_verified
scheduling_class_3,565,410400,3600,within_recorded_span_not_independently_verified
scheduling_class_3,511,414000,3600,within_recorded_span_not_independently_verified
scheduling_class_3,413,417600,3600,within_recorded_span_not_independently_verified
scheduling_class_3,619,421200,3600,within_recorded_span_not_independently_verified
scheduling_class_3,346,424800,3600,within_recorded_span_not_independently_verified
scheduling_class_3,634,428400,3600,within_recorded_span_not_independently_verified
scheduling_class_3,594,432000,3600,within_recorded_span_not_independently_verified
scheduling_class_3,384,435600,3600,within_recorded_span_not_independently_verified
scheduling_class_3,497,439200,3600,within_recorded_span_not_independently_verified
scheduling_class_3,713,442800,3600,within_recorded_span_not_independently_verified
scheduling_class_3,450,446400,3600,within_recorded_span_not_independently_verified
scheduling_class_3,426,450000,3600,within_recorded_span_not_independently_verified
scheduling_class_3,488,453600,3600,within_recorded_span_not_independently_verified
scheduling_class_3,443,457200,3600,within_recorded_span_not_independently_verified
scheduling_class_3,352,460800,3600,within_recorded_span_not_independently_verified
scheduling_class_3,689,464400,3600,within_recorded_span_not_independently_verified
scheduling_class_3,436,468000,3600,within_recorded_span_not_independently_verified
scheduling_class_3,569,471600,3600,within_recorded_span_not_independently_verified
scheduling_class_3,589,475200,3600,within_recorded_span_not_independently_verified
scheduling_class_3,456,478800,3600,within_recorded_span_not_independently_verified
scheduling_class_3,441,482400,3600,within_recorded_span_not_independently_verified
scheduling_class_3,590,486000,3600,within_recorded_span_not_independently_verified
scheduling_class_3,391,489600,3600,within_recorded_span_not_independently_verified
scheduling_class_3,329,493200,3600,within_recorded_span_not_independently_verified
scheduling_class_3,617,496800,3600,within_recorded_span_not_independently_verified
scheduling_class_3,409,500400,3600,within_recorded_span_not_independently_verified
scheduling_class_3,363,504000,3600,within_recorded_span_not_independently_verified
scheduling_class_3,678,507600,3600,within_recorded_span_not_independently_verified
scheduling_class_3,423,511200,3600,within_recorded_span_not_independently_verified
scheduling_class_3,474,514800,3600,within_recorded_span_not_independently_verified
scheduling_class_3,639,518400,3600,within_recorded_span_not_independently_verified
scheduling_class_3,426,522000,3600,within_recorded_span_not_independently_verified
scheduling_class_3,425,525600,3600,within_recorded_span_not_independently_verified
scheduling_class_3,653,529200,3600,within_recorded_span_not_independently_verified
scheduling_class_3,428,532800,3600,within_recorded_span_not_independently_verified
scheduling_class_3,463,536400,3600,within_recorded_span_not_independently_verified
scheduling_class_3,539,540000,3600,within_recorded_span_not_independently_verified
scheduling_class_3,490,543600,3600,within_recorded_span_not_independently_verified
scheduling_class_3,479,547200,3600,within_recorded_span_not_independently_verified
scheduling_class_3,697,550800,3600,within_recorded_span_not_independently_verified
scheduling_class_3,587,554400,3600,within_recorded_span_not_independently_verified
scheduling_class_3,467,558000,3600,within_recorded_span_not_independently_verified
scheduling_class_3,522,561600,3600,within_recorded_span_not_independently_verified
scheduling_class_3,349,565200,3600,within_recorded_span_not_independently_verified
scheduling_class_3,324,568800,3600,within_recorded_span_not_independently_verified
scheduling_class_3,641,572400,3600,within_recorded_span_not_independently_verified
scheduling_class_3,435,576000,3600,within_recorded_span_not_independently_verified
scheduling_class_3,478,579600,3600,within_recorded_span_not_independently_verified
scheduling_class_3,466,583200,3600,within_recorded_span_not_independently_verified
scheduling_class_3,502,586800,3600,within_recorded_span_not_independently_verified
scheduling_class_3,341,590400,3600,within_recorded_span_not_independently_verified
scheduling_class_3,675,594000,3600,within_recorded_span_not_independently_verified
scheduling_class_3,345,597600,3600,within_recorded_span_not_independently_verified
scheduling_class_3,431,601200,3600,within_recorded_span_not_independently_verified
scheduling_class_3,502,604800,3600,within_recorded_span_not_independently_verified
scheduling_class_3,343,608400,3600,within_recorded_span_not_independently_verified
scheduling_class_3,377,612000,3600,within_recorded_span_not_independently_verified
scheduling_class_3,623,615600,3600,within_recorded_span_not_independently_verified
scheduling_class_3,375,619200,3600,within_recorded_span_not_independently_verified
scheduling_class_3,468,622800,3600,within_recorded_span_not_independently_verified
scheduling_class_3,464,626400,3600,within_recorded_span_not_independently_verified
scheduling_class_3,418,630000,3600,within_recorded_span_not_independently_verified
scheduling_class_3,445,633600,3600,within_recorded_span_not_independently_verified
scheduling_class_3,702,637200,3600,within_recorded_span_not_independently_verified
scheduling_class_3,556,640800,3600,within_recorded_span_not_independently_verified
scheduling_class_3,395,644400,3600,within_recorded_span_not_independently_verified
scheduling_class_3,615,648000,3600,within_recorded_span_not_independently_verified
scheduling_class_3,523,651600,3600,within_recorded_span_not_independently_verified
scheduling_class_3,380,655200,3600,within_recorded_span_not_independently_verified
scheduling_class_3,629,658800,3600,within_recorded_span_not_independently_verified
scheduling_class_3,398,662400,3600,within_recorded_span_not_independently_verified
scheduling_class_3,430,666000,3600,within_recorded_span_not_independently_verified
scheduling_class_3,485,669600,3600,within_recorded_span_not_independently_verified
scheduling_class_3,471,673200,3600,within_recorded_span_not_independently_verified
scheduling_class_3,341,676800,3600,within_recorded_span_not_independently_verified
scheduling_class_3,627,680400,3600,within_recorded_span_not_independently_verified
scheduling_class_3,421,684000,3600,within_recorded_span_not_independently_verified
scheduling_class_3,467,687600,3600,within_recorded_span_not_independently_verified
scheduling_class_3,586,691200,3600,within_recorded_span_not_independently_verified
scheduling_class_3,339,694800,3600,within_recorded_span_not_independently_verified
scheduling_class_3,272,698400,3600,within_recorded_span_not_independently_verified
scheduling_class_3,665,702000,3600,within_recorded_span_not_independently_verified
scheduling_class_3,521,705600,3600,within_recorded_span_not_independently_verified
scheduling_class_3,407,709200,3600,within_recorded_span_not_independently_verified
scheduling_class_3,531,712800,3600,within_recorded_span_not_independently_verified
scheduling_class_3,377,716400,3600,within_recorded_span_not_independently_verified
scheduling_class_3,547,720000,3600,within_recorded_span_not_independently_verified
scheduling_class_3,699,723600,3600,within_recorded_span_not_independently_verified
scheduling_class_3,409,727200,3600,within_recorded_span_not_independently_verified
scheduling_class_3,451,730800,3600,within_recorded_span_not_independently_verified
scheduling_class_3,590,734400,3600,within_recorded_span_not_independently_verified
scheduling_class_3,465,738000,3600,within_recorded_span_not_independently_verified
scheduling_class_3,376,741600,3600,within_recorded_span_not_independently_verified
scheduling_class_3,660,745200,3600,within_recorded_span_not_independently_verified
scheduling_class_3,367,748800,3600,within_recorded_span_not_independently_verified
scheduling_class_3,335,752400,3600,within_recorded_span_not_independently_verified
scheduling_class_3,577,756000,3600,within_recorded_span_not_independently_verified
scheduling_class_3,356,759600,3600,within_recorded_span_not_independently_verified
scheduling_class_3,301,763200,3600,within_recorded_span_not_independently_verified
scheduling_class_3,784,766800,3600,within_recorded_span_not_independently_verified
scheduling_class_3,376,770400,3600,within_recorded_span_not_independently_verified
scheduling_class_3,440,774000,3600,within_recorded_span_not_independently_verified
scheduling_class_3,500,777600,3600,within_recorded_span_not_independently_verified
scheduling_class_3,411,781200,3600,within_recorded_span_not_independently_verified
scheduling_class_3,344,784800,3600,within_recorded_span_not_independently_verified
scheduling_class_3,765,788400,3600,within_recorded_span_not_independently_verified
scheduling_class_3,453,792000,3600,within_recorded_span_not_independently_verified
scheduling_class_3,469,795600,3600,within_recorded_span_not_independently_verified
scheduling_class_3,619,799200,3600,within_recorded_span_not_independently_verified
scheduling_class_3,367,802800,3600,within_recorded_span_not_independently_verified
scheduling_class_3,349,806400,3600,within_recorded_span_not_independently_verified
scheduling_class_3,730,810000,3600,within_recorded_span_not_independently_verified
scheduling_class_3,430,813600,3600,within_recorded_span_not_independently_verified
scheduling_class_3,549,817200,3600,within_recorded_span_not_independently_verified
scheduling_class_3,541,820800,3600,within_recorded_span_not_independently_verified
scheduling_class_3,491,824400,3600,within_recorded_span_not_independently_verified
scheduling_class_3,383,828000,3600,within_recorded_span_not_independently_verified
scheduling_class_3,773,831600,3600,within_recorded_span_not_independently_verified
scheduling_class_3,425,835200,3600,within_recorded_span_not_independently_verified
scheduling_class_3,344,838800,3600,within_recorded_span_not_independently_verified
scheduling_class_3,453,842400,3600,within_recorded_span_not_independently_verified
scheduling_class_3,422,846000,3600,within_recorded_span_not_independently_verified
scheduling_class_3,378,849600,3600,within_recorded_span_not_independently_verified
scheduling_class_3,655,853200,3600,within_recorded_span_not_independently_verified
scheduling_class_3,297,856800,3600,within_recorded_span_not_independently_verified
scheduling_class_3,454,860400,3600,within_recorded_span_not_independently_verified
scheduling_class_3,447,864000,3600,within_recorded_span_not_independently_verified
scheduling_class_3,386,867600,3600,within_recorded_span_not_independently_verified
scheduling_class_3,336,871200,3600,within_recorded_span_not_independently_verified
scheduling_class_3,685,874800,3600,within_recorded_span_not_independently_verified
scheduling_class_3,335,878400,3600,within_recorded_span_not_independently_verified
scheduling_class_3,406,882000,3600,within_recorded_span_not_independently_verified
scheduling_class_3,494,885600,3600,within_recorded_span_not_independently_verified
scheduling_class_3,380,889200,3600,within_recorded_span_not_independently_verified
scheduling_class_3,278,892800,3600,within_recorded_span_not_independently_verified
scheduling_class_3,623,896400,3600,within_recorded_span_not_independently_verified
scheduling_class_3,317,900000,3600,within_recorded_span_not_independently_verified
scheduling_class_3,435,903600,3600,within_recorded_span_not_independently_verified
scheduling_class_3,466,907200,3600,within_recorded_span_not_independently_verified
scheduling_class_3,420,910800,3600,within_recorded_span_not_independently_verified
scheduling_class_3,416,914400,3600,within_recorded_span_not_independently_verified
scheduling_class_3,696,918000,3600,within_recorded_span_not_independently_verified
scheduling_class_3,405,921600,3600,within_recorded_span_not_independently_verified
scheduling_class_3,500,925200,3600,within_recorded_span_not_independently_verified
scheduling_class_3,501,928800,3600,within_recorded_span_not_independently_verified
scheduling_class_3,478,932400,3600,within_recorded_span_not_independently_verified
scheduling_class_3,370,936000,3600,within_recorded_span_not_independently_verified
scheduling_class_3,709,939600,3600,within_recorded_span_not_independently_verified
scheduling_class_3,423,943200,3600,within_recorded_span_not_independently_verified
scheduling_class_3,356,946800,3600,within_recorded_span_not_independently_verified
scheduling_class_3,568,950400,3600,within_recorded_span_not_independently_verified
scheduling_class_3,484,954000,3600,within_recorded_span_not_independently_verified
scheduling_class_3,331,957600,3600,within_recorded_span_not_independently_verified
scheduling_class_3,739,961200,3600,within_recorded_span_not_independently_verified
scheduling_class_3,397,964800,3600,within_recorded_span_not_independently_verified
scheduling_class_3,415,968400,3600,within_recorded_span_not_independently_verified
scheduling_class_3,557,972000,3600,within_recorded_span_not_independently_verified
scheduling_class_3,446,975600,3600,within_recorded_span_not_independently_verified
scheduling_class_3,325,979200,3600,within_recorded_span_not_independently_verified
scheduling_class_3,646,982800,3600,within_recorded_span_not_independently_verified
scheduling_class_3,391,986400,3600,within_recorded_span_not_independently_verified
scheduling_class_3,409,990000,3600,within_recorded_span_not_independently_verified
scheduling_class_3,519,993600,3600,within_recorded_span_not_independently_verified
scheduling_class_3,395,997200,3600,within_recorded_span_not_independently_verified
scheduling_class_3,360,1000800,3600,within_recorded_span_not_independently_verified
scheduling_class_3,679,1004400,3600,within_recorded_span_not_independently_verified
scheduling_class_3,347,1008000,3600,within_recorded_span_not_independently_verified
scheduling_class_3,459,1011600,3600,within_recorded_span_not_independently_verified
scheduling_class_3,471,1015200,3600,within_recorded_span_not_independently_verified
scheduling_class_3,449,1018800,3600,within_recorded_span_not_independently_verified
scheduling_class_3,274,1022400,3600,within_recorded_span_not_independently_verified
scheduling_class_3,628,1026000,3600,within_recorded_span_not_independently_verified
scheduling_class_3,404,1029600,3600,within_recorded_span_not_independently_verified
scheduling_class_3,395,1033200,3600,within_recorded_span_not_independently_verified
scheduling_class_3,422,1036800,3600,within_recorded_span_not_independently_verified
scheduling_class_3,386,1040400,3600,within_recorded_span_not_independently_verified
scheduling_class_3,281,1044000,3600,within_recorded_span_not_independently_verified
scheduling_class_3,567,1047600,3600,within_recorded_span_not_independently_verified
scheduling_class_3,305,1051200,3600,within_recorded_span_not_independently_verified
scheduling_class_3,415,1054800,3600,within_recorded_span_not_independently_verified
scheduling_class_3,502,1058400,3600,within_recorded_span_not_independently_verified
scheduling_class_3,384,1062000,3600,within_recorded_span_not_independently_verified
scheduling_class_3,437,1065600,3600,within_recorded_span_not_independently_verified
scheduling_class_3,832,1069200,3600,within_recorded_span_not_independently_verified
scheduling_class_3,377,1072800,3600,within_recorded_span_not_independently_verified
scheduling_class_3,477,1076400,3600,within_recorded_span_not_independently_verified
scheduling_class_3,479,1080000,3600,within_recorded_span_not_independently_verified
scheduling_class_3,462,1083600,3600,within_recorded_span_not_independently_verified
scheduling_class_3,509,1087200,3600,within_recorded_span_not_independently_verified
scheduling_class_3,661,1090800,3600,within_recorded_span_not_independently_verified
scheduling_class_3,372,1094400,3600,within_recorded_span_not_independently_verified
scheduling_class_3,468,1098000,3600,within_recorded_span_not_independently_verified
scheduling_class_3,473,1101600,3600,within_recorded_span_not_independently_verified
scheduling_class_3,500,1105200,3600,within_recorded_span_not_independently_verified
scheduling_class_3,440,1108800,3600,within_recorded_span_not_independently_verified
scheduling_class_3,668,1112400,3600,within_recorded_span_not_independently_verified
scheduling_class_3,541,1116000,3600,within_recorded_span_not_independently_verified
scheduling_class_3,375,1119600,3600,within_recorded_span_not_independently_verified
scheduling_class_3,508,1123200,3600,within_recorded_span_not_independently_verified
scheduling_class_3,545,1126800,3600,within_recorded_span_not_independently_verified
scheduling_class_3,283,1130400,3600,within_recorded_span_not_independently_verified
scheduling_class_3,620,1134000,3600,within_recorded_span_not_independently_verified
scheduling_class_3,390,1137600,3600,within_recorded_span_not_independently_verified
scheduling_class_3,444,1141200,3600,within_recorded_span_not_independently_verified
scheduling_class_3,498,1144800,3600,within_recorded_span_not_independently_verified
scheduling_class_3,451,1148400,3600,within_recorded_span_not_independently_verified
scheduling_class_3,435,1152000,3600,within_recorded_span_not_independently_verified
scheduling_class_3,709,1155600,3600,within_recorded_span_not_independently_verified
scheduling_class_3,487,1159200,3600,within_recorded_span_not_independently_verified
scheduling_class_3,413,1162800,3600,within_recorded_span_not_independently_verified
scheduling_class_3,669,1166400,3600,within_recorded_span_not_independently_verified
scheduling_class_3,477,1170000,3600,within_recorded_span_not_independently_verified
scheduling_class_3,454,1173600,3600,within_recorded_span_not_independently_verified
scheduling_class_3,688,1177200,3600,within_recorded_span_not_independently_verified
scheduling_class_3,416,1180800,3600,within_recorded_span_not_independently_verified
scheduling_class_3,444,1184400,3600,within_recorded_span_not_independently_verified
scheduling_class_3,487,1188000,3600,within_recorded_span_not_independently_verified
scheduling_class_3,483,1191600,3600,within_recorded_span_not_independently_verified
scheduling_class_3,375,1195200,3600,within_recorded_span_not_independently_verified
scheduling_class_3,672,1198800,3600,within_recorded_span_not_independently_verified
scheduling_class_3,390,1202400,3600,within_recorded_span_not_independently_verified
scheduling_class_3,481,1206000,3600,within_recorded_span_not_independently_verified
scheduling_class_3,514,1209600,3600,within_recorded_span_not_independently_verified
scheduling_class_3,469,1213200,3600,within_recorded_span_not_independently_verified
scheduling_class_3,319,1216800,3600,within_recorded_span_not_independently_verified
scheduling_class_3,754,1220400,3600,within_recorded_span_not_independently_verified
scheduling_class_3,422,1224000,3600,within_recorded_span_not_independently_verified
scheduling_class_3,454,1227600,3600,within_recorded_span_not_independently_verified
scheduling_class_3,558,1231200,3600,within_recorded_span_not_independently_verified
scheduling_class_3,434,1234800,3600,within_recorded_span_not_independently_verified
scheduling_class_3,359,1238400,3600,within_recorded_span_not_independently_verified
scheduling_class_3,818,1242000,3600,within_recorded_span_not_independently_verified
scheduling_class_3,427,1245600,3600,within_recorded_span_not_independently_verified
scheduling_class_3,432,1249200,3600,within_recorded_span_not_independently_verified
scheduling_class_3,579,1252800,3600,within_recorded_span_not_independently_verified
scheduling_class_3,369,1256400,3600,within_recorded_span_not_independently_verified
scheduling_class_3,362,1260000,3600,within_recorded_span_not_independently_verified
scheduling_class_3,647,1263600,3600,within_recorded_span_not_independently_verified
scheduling_class_3,460,1267200,3600,within_recorded_span_not_independently_verified
scheduling_class_3,327,1270800,3600,within_recorded_span_not_independently_verified
scheduling_class_3,473,1274400,3600,within_recorded_span_not_independently_verified
scheduling_class_3,436,1278000,3600,within_recorded_span_not_independently_verified
scheduling_class_3,282,1281600,3600,within_recorded_span_not_independently_verified
scheduling_class_3,648,1285200,3600,within_recorded_span_not_independently_verified
scheduling_class_3,348,1288800,3600,within_recorded_span_not_independently_verified
scheduling_class_3,467,1292400,3600,within_recorded_span_not_independently_verified
scheduling_class_3,518,1296000,3600,within_recorded_span_not_independently_verified
scheduling_class_3,430,1299600,3600,within_recorded_span_not_independently_verified
scheduling_class_3,299,1303200,3600,within_recorded_span_not_independently_verified
scheduling_class_3,594,1306800,3600,within_recorded_span_not_independently_verified
scheduling_class_3,366,1310400,3600,within_recorded_span_not_independently_verified
scheduling_class_3,375,1314000,3600,within_recorded_span_not_independently_verified
scheduling_class_3,469,1317600,3600,within_recorded_span_not_independently_verified
scheduling_class_3,428,1321200,3600,within_recorded_span_not_independently_verified
scheduling_class_3,405,1324800,3600,within_recorded_span_not_independently_verified
scheduling_class_3,630,1328400,3600,within_recorded_span_not_independently_verified
scheduling_class_3,400,1332000,3600,within_recorded_span_not_independently_verified
scheduling_class_3,399,1335600,3600,within_recorded_span_not_independently_verified
scheduling_class_3,463,1339200,3600,within_recorded_span_not_independently_verified
scheduling_class_3,540,1342800,3600,within_recorded_span_not_independently_verified
scheduling_class_3,398,1346400,3600,within_recorded_span_not_independently_verified
scheduling_class_3,510,1350000,3600,within_recorded_span_not_independently_verified
scheduling_class_3,343,1353600,3600,within_recorded_span_not_independently_verified
scheduling_class_3,496,1357200,3600,within_recorded_span_not_independently_verified
scheduling_class_3,579,1360800,3600,within_recorded_span_not_independently_verified
scheduling_class_3,376,1364400,3600,within_recorded_span_not_independently_verified
scheduling_class_3,330,1368000,3600,within_recorded_span_not_independently_verified
scheduling_class_3,635,1371600,3600,within_recorded_span_not_independently_verified
scheduling_class_3,430,1375200,3600,within_recorded_span_not_independently_verified
scheduling_class_3,485,1378800,3600,within_recorded_span_not_independently_verified
scheduling_class_3,658,1382400,3600,within_recorded_span_not_independently_verified
scheduling_class_3,464,1386000,3600,within_recorded_span_not_independently_verified
scheduling_class_3,399,1389600,3600,within_recorded_span_not_independently_verified
scheduling_class_3,788,1393200,3600,within_recorded_span_not_independently_verified
scheduling_class_3,409,1396800,3600,within_recorded_span_not_independently_verified
scheduling_class_3,432,1400400,3600,within_recorded_span_not_independently_verified
scheduling_class_3,458,1404000,3600,within_recorded_span_not_independently_verified
scheduling_class_3,437,1407600,3600,within_recorded_span_not_independently_verified
scheduling_class_3,451,1411200,3600,within_recorded_span_not_independently_verified
scheduling_class_3,725,1414800,3600,within_recorded_span_not_independently_verified
scheduling_class_3,386,1418400,3600,within_recorded_span_not_independently_verified
scheduling_class_3,348,1422000,3600,within_recorded_span_not_independently_verified
scheduling_class_3,520,1425600,3600,within_recorded_span_not_independently_verified
scheduling_class_3,435,1429200,3600,within_recorded_span_not_independently_verified
scheduling_class_3,404,1432800,3600,within_recorded_span_not_independently_verified
scheduling_class_3,566,1436400,3600,within_recorded_span_not_independently_verified
scheduling_class_3,417,1440000,3600,within_recorded_span_not_independently_verified
scheduling_class_3,429,1443600,3600,within_recorded_span_not_independently_verified
scheduling_class_3,551,1447200,3600,within_recorded_span_not_independently_verified
scheduling_class_3,418,1450800,3600,within_recorded_span_not_independently_verified
scheduling_class_3,414,1454400,3600,within_recorded_span_not_independently_verified
scheduling_class_3,683,1458000,3600,within_recorded_span_not_independently_verified
scheduling_class_3,358,1461600,3600,within_recorded_span_not_independently_verified
scheduling_class_3,477,1465200,3600,within_recorded_span_not_independently_verified
scheduling_class_3,583,1468800,3600,within_recorded_span_not_independently_verified
scheduling_class_3,387,1472400,3600,within_recorded_span_not_independently_verified
scheduling_class_3,413,1476000,3600,within_recorded_span_not_independently_verified
scheduling_class_3,755,1479600,3600,within_recorded_span_not_independently_verified
scheduling_class_3,364,1483200,3600,within_recorded_span_not_independently_verified
scheduling_class_3,499,1486800,3600,within_recorded_span_not_independently_verified
scheduling_class_3,517,1490400,3600,within_recorded_span_not_independently_verified
scheduling_class_3,406,1494000,3600,within_recorded_span_not_independently_verified
scheduling_class_3,373,1497600,3600,within_recorded_span_not_independently_verified
scheduling_class_3,703,1501200,3600,within_recorded_span_not_independently_verified
scheduling_class_3,470,1504800,3600,within_recorded_span_not_independently_verified
scheduling_class_3,438,1508400,3600,within_recorded_span_not_independently_verified
scheduling_class_3,481,1512000,3600,within_recorded_span_not_independently_verified
scheduling_class_3,438,1515600,3600,within_recorded_span_not_independently_verified
scheduling_class_3,435,1519200,3600,within_recorded_span_not_independently_verified
scheduling_class_3,683,1522800,3600,within_recorded_span_not_independently_verified
scheduling_class_3,461,1526400,3600,within_recorded_span_not_independently_verified
scheduling_class_3,425,1530000,3600,within_recorded_span_not_independently_verified
scheduling_class_3,577,1533600,3600,within_recorded_span_not_independently_verified
scheduling_class_3,408,1537200,3600,within_recorded_span_not_independently_verified
scheduling_class_3,407,1540800,3600,within_recorded_span_not_independently_verified
scheduling_class_3,663,1544400,3600,within_recorded_span_not_independently_verified
scheduling_class_3,424,1548000,3600,within_recorded_span_not_independently_verified
scheduling_class_3,405,1551600,3600,within_recorded_span_not_independently_verified
scheduling_class_3,522,1555200,3600,within_recorded_span_not_independently_verified
scheduling_class_3,348,1558800,3600,within_recorded_span_not_independently_verified
scheduling_class_3,363,1562400,3600,within_recorded_span_not_independently_verified
scheduling_class_3,727,1566000,3600,within_recorded_span_not_independently_verified
scheduling_class_3,447,1569600,3600,within_recorded_span_not_independently_verified
scheduling_class_3,499,1573200,3600,within_recorded_span_not_independently_verified
scheduling_class_3,483,1576800,3600,within_recorded_span_not_independently_verified
scheduling_class_3,482,1580400,3600,within_recorded_span_not_independently_verified
scheduling_class_3,327,1584000,3600,within_recorded_span_not_independently_verified
scheduling_class_3,660,1587600,3600,within_recorded_span_not_independently_verified
scheduling_class_3,324,1591200,3600,within_recorded_span_not_independently_verified
scheduling_class_3,457,1594800,3600,within_recorded_span_not_independently_verified
scheduling_class_3,508,1598400,3600,within_recorded_span_not_independently_verified
scheduling_class_3,371,1602000,3600,within_recorded_span_not_independently_verified
scheduling_class_3,349,1605600,3600,within_recorded_span_not_independently_verified
scheduling_class_3,662,1609200,3600,within_recorded_span_not_independently_verified
scheduling_class_3,489,1612800,3600,within_recorded_span_not_independently_verified
scheduling_class_3,547,1616400,3600,within_recorded_span_not_independently_verified
scheduling_class_3,561,1620000,3600,within_recorded_span_not_independently_verified
scheduling_class_3,442,1623600,3600,within_recorded_span_not_independently_verified
scheduling_class_3,421,1627200,3600,within_recorded_span_not_independently_verified
scheduling_class_3,697,1630800,3600,within_recorded_span_not_independently_verified
scheduling_class_3,351,1634400,3600,within_recorded_span_not_independently_verified
scheduling_class_3,593,1638000,3600,within_recorded_span_not_independently_verified
scheduling_class_3,524,1641600,3600,within_recorded_span_not_independently_verified
scheduling_class_3,422,1645200,3600,within_recorded_span_not_independently_verified
scheduling_class_3,357,1648800,3600,within_recorded_span_not_independently_verified
scheduling_class_3,672,1652400,3600,within_recorded_span_not_independently_verified
scheduling_class_3,457,1656000,3600,within_recorded_span_not_independently_verified
scheduling_class_3,460,1659600,3600,within_recorded_span_not_independently_verified
scheduling_class_3,538,1663200,3600,within_recorded_span_not_independently_verified
scheduling_class_3,414,1666800,3600,within_recorded_span_not_independently_verified
scheduling_class_3,483,1670400,3600,within_recorded_span_not_independently_verified
scheduling_class_3,716,1674000,3600,within_recorded_span_not_independently_verified
scheduling_class_3,362,1677600,3600,within_recorded_span_not_independently_verified
scheduling_class_3,370,1681200,3600,within_recorded_span_not_independently_verified
scheduling_class_3,433,1684800,3600,within_recorded_span_not_independently_verified
scheduling_class_3,476,1688400,3600,within_recorded_span_not_independently_verified
scheduling_class_3,452,1692000,3600,within_recorded_span_not_independently_verified
scheduling_class_3,511,1695600,3600,within_recorded_span_not_independently_verified
scheduling_class_3,553,1699200,3600,within_recorded_span_not_independently_verified
scheduling_class_3,349,1702800,3600,within_recorded_span_not_independently_verified
scheduling_class_3,485,1706400,3600,within_recorded_span_not_independently_verified
scheduling_class_3,373,1710000,3600,within_recorded_span_not_independently_verified
scheduling_class_3,430,1713600,3600,within_recorded_span_not_independently_verified
scheduling_class_3,699,1717200,3600,within_recorded_span_not_independently_verified
scheduling_class_3,386,1720800,3600,within_recorded_span_not_independently_verified
scheduling_class_3,344,1724400,3600,within_recorded_span_not_independently_verified
scheduling_class_3,581,1728000,3600,within_recorded_span_not_independently_verified
scheduling_class_3,445,1731600,3600,within_recorded_span_not_independently_verified
scheduling_class_3,277,1735200,3600,within_recorded_span_not_independently_verified
scheduling_class_3,800,1738800,3600,within_recorded_span_not_independently_verified
scheduling_class_3,343,1742400,3600,within_recorded_span_not_independently_verified
scheduling_class_3,436,1746000,3600,within_recorded_span_not_independently_verified
scheduling_class_3,524,1749600,3600,within_recorded_span_not_independently_verified
scheduling_class_3,497,1753200,3600,within_recorded_span_not_independently_verified
scheduling_class_3,498,1756800,3600,within_recorded_span_not_independently_verified
scheduling_class_3,597,1760400,3600,within_recorded_span_not_independently_verified
scheduling_class_3,456,1764000,3600,within_recorded_span_not_independently_verified
scheduling_class_3,557,1767600,3600,within_recorded_span_not_independently_verified
scheduling_class_3,497,1771200,3600,within_recorded_span_not_independently_verified
scheduling_class_3,387,1774800,3600,within_recorded_span_not_independently_verified
scheduling_class_3,473,1778400,3600,within_recorded_span_not_independently_verified
scheduling_class_3,569,1782000,3600,within_recorded_span_not_independently_verified
scheduling_class_3,539,1785600,3600,within_recorded_span_not_independently_verified
scheduling_class_3,442,1789200,3600,within_recorded_span_not_independently_verified
scheduling_class_3,538,1792800,3600,within_recorded_span_not_independently_verified
scheduling_class_3,477,1796400,3600,within_recorded_span_not_independently_verified
scheduling_class_3,434,1800000,3600,within_recorded_span_not_independently_verified
scheduling_class_3,703,1803600,3600,within_recorded_span_not_independently_verified
scheduling_class_3,429,1807200,3600,within_recorded_span_not_independently_verified
scheduling_class_3,409,1810800,3600,within_recorded_span_not_independently_verified
scheduling_class_3,692,1814400,3600,within_recorded_span_not_independently_verified
scheduling_class_3,401,1818000,3600,within_recorded_span_not_independently_verified
scheduling_class_3,380,1821600,3600,within_recorded_span_not_independently_verified
scheduling_class_3,590,1825200,3600,within_recorded_span_not_independently_verified
scheduling_class_3,401,1828800,3600,within_recorded_span_not_independently_verified
scheduling_class_3,479,1832400,3600,within_recorded_span_not_independently_verified
scheduling_class_3,600,1836000,3600,within_recorded_span_not_independently_verified
scheduling_class_3,461,1839600,3600,within_recorded_span_not_independently_verified
scheduling_class_3,332,1843200,3600,within_recorded_span_not_independently_verified
scheduling_class_3,881,1846800,3600,within_recorded_span_not_independently_verified
scheduling_class_3,407,1850400,3600,within_recorded_span_not_independently_verified
scheduling_class_3,470,1854000,3600,within_recorded_span_not_independently_verified
scheduling_class_3,527,1857600,3600,within_recorded_span_not_independently_verified
scheduling_class_3,413,1861200,3600,within_recorded_span_not_independently_verified
scheduling_class_3,274,1864800,3600,within_recorded_span_not_independently_verified
scheduling_class_3,582,1868400,3600,within_recorded_span_not_independently_verified
scheduling_class_3,424,1872000,3600,within_recorded_span_not_independently_verified
scheduling_class_3,412,1875600,3600,within_recorded_span_not_independently_verified
scheduling_class_3,540,1879200,3600,within_recorded_span_not_independently_verified
scheduling_class_3,389,1882800,3600,within_recorded_span_not_independently_verified
scheduling_class_3,383,1886400,3600,within_recorded_span_not_independently_verified
scheduling_class_3,730,1890000,3600,within_recorded_span_not_independently_verified
scheduling_class_3,422,1893600,3600,within_recorded_span_not_independently_verified
scheduling_class_3,391,1897200,3600,within_recorded_span_not_independently_verified
scheduling_class_3,505,1900800,3600,within_recorded_span_not_independently_verified
scheduling_class_3,592,1904400,3600,within_recorded_span_not_independently_verified
scheduling_class_3,489,1908000,3600,within_recorded_span_not_independently_verified
scheduling_class_3,735,1911600,3600,within_recorded_span_not_independently_verified
scheduling_class_3,380,1915200,3600,within_recorded_span_not_independently_verified
scheduling_class_3,388,1918800,3600,within_recorded_span_not_independently_verified
scheduling_class_3,551,1922400,3600,within_recorded_span_not_independently_verified
scheduling_class_3,465,1926000,3600,within_recorded_span_not_independently_verified
scheduling_class_3,394,1929600,3600,within_recorded_span_not_independently_verified
scheduling_class_3,630,1933200,3600,within_recorded_span_not_independently_verified
scheduling_class_3,428,1936800,3600,within_recorded_span_not_independently_verified
scheduling_class_3,476,1940400,3600,within_recorded_span_not_independently_verified
scheduling_class_3,426,1944000,3600,within_recorded_span_not_independently_verified
scheduling_class_3,374,1947600,3600,within_recorded_span_not_independently_verified
scheduling_class_3,439,1951200,3600,within_recorded_span_not_independently_verified
scheduling_class_3,787,1954800,3600,within_recorded_span_not_independently_verified
scheduling_class_3,444,1958400,3600,within_recorded_span_not_independently_verified
scheduling_class_3,361,1962000,3600,within_recorded_span_not_independently_verified
scheduling_class_3,558,1965600,3600,within_recorded_span_not_independently_verified
scheduling_class_3,421,1969200,3600,within_recorded_span_not_independently_verified
scheduling_class_3,356,1972800,3600,within_recorded_span_not_independently_verified
scheduling_class_3,624,1976400,3600,within_recorded_span_not_independently_verified
scheduling_class_3,422,1980000,3600,within_recorded_span_not_independently_verified
scheduling_class_3,463,1983600,3600,within_recorded_span_not_independently_verified
scheduling_class_3,517,1987200,3600,within_recorded_span_not_independently_verified
scheduling_class_3,325,1990800,3600,within_recorded_span_not_independently_verified
scheduling_class_3,421,1994400,3600,within_recorded_span_not_independently_verified
scheduling_class_3,758,1998000,3600,within_recorded_span_not_independently_verified
scheduling_class_3,390,2001600,3600,within_recorded_span_not_independently_verified
scheduling_class_3,378,2005200,3600,within_recorded_span_not_independently_verified
scheduling_class_3,599,2008800,3600,within_recorded_span_not_independently_verified
scheduling_class_3,391,2012400,3600,within_recorded_span_not_independently_verified
scheduling_class_3,432,2016000,3600,within_recorded_span_not_independently_verified
scheduling_class_3,653,2019600,3600,within_recorded_span_not_independently_verified
scheduling_class_3,550,2023200,3600,within_recorded_span_not_independently_verified
scheduling_class_3,471,2026800,3600,within_recorded_span_not_independently_verified
scheduling_class_3,562,2030400,3600,within_recorded_span_not_independently_verified
scheduling_class_3,437,2034000,3600,within_recorded_span_not_independently_verified
scheduling_class_3,339,2037600,3600,within_recorded_span_not_independently_verified
scheduling_class_3,614,2041200,3600,within_recorded_span_not_independently_verified
scheduling_class_3,448,2044800,3600,within_recorded_span_not_independently_verified
scheduling_class_3,496,2048400,3600,within_recorded_span_not_independently_verified
scheduling_class_3,529,2052000,3600,within_recorded_span_not_independently_verified
scheduling_class_3,399,2055600,3600,within_recorded_span_not_independently_verified
scheduling_class_3,348,2059200,3600,within_recorded_span_not_independently_verified
scheduling_class_3,703,2062800,3600,within_recorded_span_not_independently_verified
scheduling_class_3,365,2066400,3600,within_recorded_span_not_independently_verified
scheduling_class_3,439,2070000,3600,within_recorded_span_not_independently_verified
scheduling_class_3,656,2073600,3600,within_recorded_span_not_independently_verified
scheduling_class_3,397,2077200,3600,within_recorded_span_not_independently_verified
scheduling_class_3,416,2080800,3600,within_recorded_span_not_independently_verified
scheduling_class_3,674,2084400,3600,within_recorded_span_not_independently_verified
scheduling_class_3,343,2088000,3600,within_recorded_span_not_independently_verified
scheduling_class_3,472,2091600,3600,within_recorded_span_not_independently_verified
scheduling_class_3,641,2095200,3600,within_recorded_span_not_independently_verified
scheduling_class_3,378,2098800,3600,within_recorded_span_not_independently_verified
scheduling_class_3,420,2102400,3600,within_recorded_span_not_independently_verified
scheduling_class_3,707,2106000,3600,within_recorded_span_not_independently_verified
scheduling_class_3,449,2109600,3600,within_recorded_span_not_independently_verified
scheduling_class_3,422,2113200,3600,within_recorded_span_not_independently_verified
scheduling_class_3,617,2116800,3600,within_recorded_span_not_independently_verified
scheduling_class_3,337,2120400,3600,within_recorded_span_not_independently_verified
scheduling_class_3,399,2124000,3600,within_recorded_span_not_independently_verified
scheduling_class_3,674,2127600,3600,within_recorded_span_not_independently_verified
scheduling_class_3,575,2131200,3600,within_recorded_span_not_independently_verified
scheduling_class_3,463,2134800,3600,within_recorded_span_not_independently_verified
scheduling_class_3,552,2138400,3600,within_recorded_span_not_independently_verified
scheduling_class_3,386,2142000,3600,within_recorded_span_not_independently_verified
scheduling_class_3,395,2145600,3600,within_recorded_span_not_independently_verified
scheduling_class_3,678,2149200,3600,within_recorded_span_not_independently_verified
scheduling_class_3,497,2152800,3600,within_recorded_span_not_independently_verified
scheduling_class_3,386,2156400,3600,within_recorded_span_not_independently_verified
scheduling_class_3,570,2160000,3600,within_recorded_span_not_independently_verified
scheduling_class_3,373,2163600,3600,within_recorded_span_not_independently_verified
scheduling_class_3,404,2167200,3600,within_recorded_span_not_independently_verified
scheduling_class_3,716,2170800,3600,within_recorded_span_not_independently_verified
scheduling_class_3,451,2174400,3600,within_recorded_span_not_independently_verified
scheduling_class_3,380,2178000,3600,within_recorded_span_not_independently_verified
scheduling_class_3,569,2181600,3600,within_recorded_span_not_independently_verified
scheduling_class_3,382,2185200,3600,within_recorded_span_not_independently_verified
scheduling_class_3,420,2188800,3600,within_recorded_span_not_independently_verified
scheduling_class_3,635,2192400,3600,within_recorded_span_not_independently_verified
scheduling_class_3,436,2196000,3600,within_recorded_span_not_independently_verified
scheduling_class_3,386,2199600,3600,within_recorded_span_not_independently_verified
scheduling_class_3,517,2203200,3600,within_recorded_span_not_independently_verified
scheduling_class_3,410,2206800,3600,within_recorded_span_not_independently_verified
scheduling_class_3,416,2210400,3600,within_recorded_span_not_independently_verified
scheduling_class_3,659,2214000,3600,within_recorded_span_not_independently_verified
scheduling_class_3,515,2217600,3600,within_recorded_span_not_independently_verified
scheduling_class_3,397,2221200,3600,within_recorded_span_not_independently_verified
scheduling_class_3,601,2224800,3600,within_recorded_span_not_independently_verified
scheduling_class_3,418,2228400,3600,within_recorded_span_not_independently_verified
scheduling_class_3,357,2232000,3600,within_recorded_span_not_independently_verified
scheduling_class_3,684,2235600,3600,within_recorded_span_not_independently_verified
scheduling_class_3,356,2239200,3600,within_recorded_span_not_independently_verified
scheduling_class_3,473,2242800,3600,within_recorded_span_not_independently_verified
scheduling_class_3,574,2246400,3600,within_recorded_span_not_independently_verified
scheduling_class_3,370,2250000,3600,within_recorded_span_not_independently_verified
scheduling_class_3,417,2253600,3600,within_recorded_span_not_independently_verified
scheduling_class_3,642,2257200,3600,within_recorded_span_not_independently_verified
scheduling_class_3,430,2260800,3600,within_recorded_span_not_independently_verified
scheduling_class_3,446,2264400,3600,within_recorded_span_not_independently_verified
scheduling_class_3,617,2268000,3600,within_recorded_span_not_independently_verified
scheduling_class_3,376,2271600,3600,within_recorded_span_not_independently_verified
scheduling_class_3,370,2275200,3600,within_recorded_span_not_independently_verified
scheduling_class_3,726,2278800,3600,within_recorded_span_not_independently_verified
scheduling_class_3,495,2282400,3600,within_recorded_span_not_independently_verified
scheduling_class_3,385,2286000,3600,within_recorded_span_not_independently_verified
scheduling_class_3,577,2289600,3600,within_recorded_span_not_independently_verified
scheduling_class_3,349,2293200,3600,within_recorded_span_not_independently_verified
scheduling_class_3,425,2296800,3600,within_recorded_span_not_independently_verified
scheduling_class_3,664,2300400,3600,within_recorded_span_not_independently_verified
scheduling_class_3,417,2304000,3600,within_recorded_span_not_independently_verified
scheduling_class_3,460,2307600,3600,within_recorded_span_not_independently_verified
scheduling_class_3,759,2311200,3600,within_recorded_span_not_independently_verified
scheduling_class_3,410,2314800,3600,within_recorded_span_not_independently_verified
scheduling_class_3,402,2318400,3600,within_recorded_span_not_independently_verified
scheduling_class_3,630,2322000,3600,within_recorded_span_not_independently_verified
scheduling_class_3,532,2325600,3600,within_recorded_span_not_independently_verified
scheduling_class_3,370,2329200,3600,within_recorded_span_not_independently_verified
scheduling_class_3,665,2332800,3600,within_recorded_span_not_independently_verified
scheduling_class_3,370,2336400,3600,within_recorded_span_not_independently_verified
scheduling_class_3,444,2340000,3600,within_recorded_span_not_independently_verified
scheduling_class_3,674,2343600,3600,within_recorded_span_not_independently_verified
scheduling_class_3,420,2347200,3600,within_recorded_span_not_independently_verified
scheduling_class_3,381,2350800,3600,within_recorded_span_not_independently_verified
scheduling_class_3,606,2354400,3600,within_recorded_span_not_independently_verified
scheduling_class_3,414,2358000,3600,within_recorded_span_not_independently_verified
scheduling_class_3,396,2361600,3600,within_recorded_span_not_independently_verified
scheduling_class_3,715,2365200,3600,within_recorded_span_not_independently_verified
scheduling_class_3,367,2368800,3600,within_recorded_span_not_independently_verified
scheduling_class_3,456,2372400,3600,within_recorded_span_not_independently_verified
scheduling_class_3,493,2376000,3600,within_recorded_span_not_independently_verified
scheduling_class_3,445,2379600,3600,within_recorded_span_not_independently_verified
scheduling_class_3,387,2383200,3600,within_recorded_span_not_independently_verified
scheduling_class_3,622,2386800,3600,within_recorded_span_not_independently_verified
scheduling_class_3,355,2390400,3600,within_recorded_span_not_independently_verified
scheduling_class_3,446,2394000,3600,within_recorded_span_not_independently_verified
scheduling_class_3,540,2397600,3600,within_recorded_span_not_independently_verified
scheduling_class_3,452,2401200,3600,within_recorded_span_not_independently_verified
scheduling_class_3,491,2404800,3600,within_recorded_span_not_independently_verified
scheduling_class_3,614,2408400,3600,within_recorded_span_not_independently_verified
scheduling_class_3,434,2412000,3600,within_recorded_span_not_independently_verified
scheduling_class_3,379,2415600,3600,within_recorded_span_not_independently_verified
scheduling_class_3,432,2419200,3600,within_recorded_span_not_independently_verified
scheduling_class_3,407,2422800,3600,within_recorded_span_not_independently_verified
scheduling_class_3,381,2426400,3600,within_recorded_span_not_independently_verified
scheduling_class_3,649,2430000,3600,within_recorded_span_not_independently_verified
scheduling_class_3,375,2433600,3600,within_recorded_span_not_independently_verified
scheduling_class_3,549,2437200,3600,within_recorded_span_not_independently_verified
scheduling_class_3,516,2440800,3600,within_recorded_span_not_independently_verified
scheduling_class_3,433,2444400,3600,within_recorded_span_not_independently_verified
scheduling_class_3,495,2448000,3600,within_recorded_span_not_independently_verified
scheduling_class_3,677,2451600,3600,within_recorded_span_not_independently_verified
scheduling_class_3,426,2455200,3600,within_recorded_span_not_independently_verified
scheduling_class_3,495,2458800,3600,within_recorded_span_not_independently_verified
scheduling_class_3,596,2462400,3600,within_recorded_span_not_independently_verified
scheduling_class_3,360,2466000,3600,within_recorded_span_not_independently_verified
scheduling_class_3,377,2469600,3600,within_recorded_span_not_independently_verified
scheduling_class_3,602,2473200,3600,within_recorded_span_not_independently_verified
scheduling_class_3,431,2476800,3600,within_recorded_span_not_independently_verified
scheduling_class_3,369,2480400,3600,within_recorded_span_not_independently_verified
scheduling_class_3,433,2484000,3600,within_recorded_span_not_independently_verified
scheduling_class_3,469,2487600,3600,within_recorded_span_not_independently_verified
scheduling_class_3,355,2491200,3600,within_recorded_span_not_independently_verified
scheduling_class_3,571,2494800,3600,within_recorded_span_not_independently_verified
scheduling_class_3,343,2498400,3600,within_recorded_span_not_independently_verified
scheduling_class_3,498,2502000,3600,within_recorded_span_not_independently_verified
scheduling_class_3,455,2505600,3600,within_recorded_span_not_independently_verified
scheduling_class_3,405,2509200,3600,within_recorded_span_not_independently_verified
scheduling_class_3,381,2512800,3600,within_recorded_span_not_independently_verified
scheduling_class_3,755,2516400,3600,within_recorded_span_not_independently_verified
scheduling_class_3,471,2520000,3600,within_recorded_span_not_independently_verified
scheduling_class_3,428,2523600,3600,within_recorded_span_not_independently_verified
scheduling_class_3,634,2527200,3600,within_recorded_span_not_independently_verified
scheduling_class_3,494,2530800,3600,within_recorded_span_not_independently_verified
scheduling_class_3,375,2534400,3600,within_recorded_span_not_independently_verified
scheduling_class_3,952,2538000,3600,within_recorded_span_not_independently_verified
scheduling_class_3,437,2541600,3600,within_recorded_span_not_independently_verified
scheduling_class_3,468,2545200,3600,within_recorded_span_not_independently_verified
scheduling_class_3,576,2548800,3600,within_recorded_span_not_independently_verified
scheduling_class_3,370,2552400,3600,within_recorded_span_not_independently_verified
scheduling_class_3,365,2556000,3600,within_recorded_span_not_independently_verified
scheduling_class_3,613,2559600,3600,within_recorded_span_not_independently_verified
scheduling_class_3,425,2563200,3600,within_recorded_span_not_independently_verified
scheduling_class_3,435,2566800,3600,within_recorded_span_not_independently_verified
scheduling_class_3,549,2570400,3600,within_recorded_span_not_independently_verified
scheduling_class_3,429,2574000,3600,within_recorded_span_not_independently_verified
scheduling_class_3,449,2577600,3600,within_recorded_span_not_independently_verified
scheduling_class_3,665,2581200,3600,within_recorded_span_not_independently_verified
scheduling_class_3,438,2584800,3600,within_recorded_span_not_independently_verified
scheduling_class_3,416,2588400,3600,within_recorded_span_not_independently_verified
scheduling_class_3,468,2592000,3600,within_recorded_span_not_independently_verified
scheduling_class_3,429,2595600,3600,within_recorded_span_not_independently_verified
scheduling_class_3,402,2599200,3600,within_recorded_span_not_independently_verified
scheduling_class_3,703,2602800,3600,within_recorded_span_not_independently_verified
scheduling_class_3,418,2606400,3600,within_recorded_span_not_independently_verified
scheduling_class_3,427,2610000,3600,within_recorded_span_not_independently_verified
scheduling_class_3,785,2613600,3600,within_recorded_span_not_independently_verified
scheduling_class_3,445,2617200,3600,within_recorded_span_not_independently_verified
scheduling_class_3,454,2620800,3600,within_recorded_span_not_independently_verified
scheduling_class_3,860,2624400,3600,within_recorded_span_not_independently_verified
scheduling_class_3,498,2628000,3600,within_recorded_span_not_independently_verified
scheduling_class_3,401,2631600,3600,within_recorded_span_not_independently_verified
scheduling_class_3,682,2635200,3600,within_recorded_span_not_independently_verified
scheduling_class_3,484,2638800,3600,within_recorded_span_not_independently_verified
scheduling_class_3,520,2642400,3600,within_recorded_span_not_independently_verified
scheduling_class_3,629,2646000,3600,within_recorded_span_not_independently_verified
scheduling_class_3,447,2649600,3600,within_recorded_span_not_independently_verified
scheduling_class_3,420,2653200,3600,within_recorded_span_not_independently_verified
scheduling_class_3,531,2656800,3600,within_recorded_span_not_independently_verified
scheduling_class_3,380,2660400,3600,within_recorded_span_not_independently_verified
scheduling_class_3,418,2664000,3600,within_recorded_span_not_independently_verified
scheduling_class_3,589,2667600,3600,within_recorded_span_not_independently_verified
scheduling_class_3,490,2671200,3600,within_recorded_span_not_independently_verified
scheduling_class_3,485,2674800,3600,within_recorded_span_not_independently_verified
scheduling_class_3,27,2678400,3600,partial_boundary
