task_type,arrival_count,window_start_s,window_seconds,coverage
scheduling_class_0,731,0,3600,partial_boundary
scheduling_class_0,1291,3600,3600,within_recorded_span_not_independently_verified
scheduling_class_0,1258,7200,3600,within_recorded_span_not_independently_verified
scheduling_class_0,1159,10800,3600,within_recorded_span_not_independently_verified
scheduling_class_0,1395,14400,3600,within_recorded_span_not_independently_verified
scheduling_class_0,1059,18000,3600,within_recorded_span_not_independently_verified
scheduling_class_0,1563,21600,3600,within_recorded_span_not_independently_verified
scheduling_class_0,676,25200,3600,within_recorded_span_not_independently_verified
scheduling_class_0,1277,28800,3600,within_recorded_span_not_independently_verified
scheduling_class_0,1235,32400,3600,within_recorded_span_not_independently_verified
scheduling_class_0,1501,36000,3600,within_recorded_span_not_independently_verified
scheduling_class_0,1022,39600,3600,within_recorded_span_not_independently_verified
scheduling_class_0,1030,43200,3600,within_recorded_span_not_independently_verified
scheduling_class_0,1432,46800,3600,within_recorded_span_not_independently_verified
scheduling_class_0,1478,50400,3600,within_recorded_span_not_independently_verified
scheduling_class_0,994,54000,3600,within_recorded_span_not_independently_verified
scheduling_class_0,1207,57600,3600,within_recorded_span_not_independently_verified
scheduling_class_0,1165,61200,3600,within_recorded_span_not_independently_verified
scheduling_class_0,1646,64800,3600,within_recorded_span_not_independently_verified
scheduling_class_0,979,68400,3600,within_recorded_span_not_independently_verified
scheduling_class_0,1056,72000,3600,within_recorded_span_not_independently_verified
scheduling_class_0,1300,75600,3600,within_recorded_span_not_independently_verified
scheduling_class_0,1627,79200,3600,within_recorded_span_not_independently_verified
scheduling_class_0,466,82800,3600,within_recorded_span_not_independently_verified
scheduling_class_0,466,86400,3600,within_recorded_span_not_independently_verified
scheduling_class_0,374,90000,3600,within_recorded_span_not_independently_verified
scheduling_class_0,372,93600,3600,within_recorded_span_not_independently_verified
scheduling_class_0,879,97200,3600,within_recorded_span_not_independently_verified
scheduling_class_0,536,100800,3600,within_recorded_span_not_independently_verified
scheduling_class_0,474,104400,3600,within_recorded_span_not_independently_verified
scheduling_class_0,496,108000,3600,within_recorded_span_not_independently_verified
scheduling_class_0,404,111600,3600,within_recorded_span_not_independently_verified
scheduling_class_0,284,115200,3600,within_recorded_span_not_independently_verified
scheduling_class_0,658,118800,3600,within_recorded_span_not_independently_verified
scheduling_class_0,573,122400,3600,within_recorded_span_not_independently_verified
scheduling_class_0,368,126000,3600,within_recorded_span_not_independently_verified
scheduling_class_0,394,129600,3600,within_recorded_span_not_independently_verified
scheduling_class_0,713,133200,3600,within_recorded_span_not_independently_verified
scheduling_class_0,2789,136800,3600,within_recorded_span_not_independently_verified
scheduling_class_0,3135,140400,3600,within_recorded_span_not_independently_verified
scheduling_class_0,2881,144000,3600,within_recorded_span_not_independently_verified
scheduling_class_0,2754,147600,3600,within_recorded_span_not_independently_verified
scheduling_class_0,2492,151200,3600,within_recorded_span_not_independently_verified
scheduling_class_0,1102,154800,3600,within_recorded_span_not_independently_verified
scheduling_class_0,902,158400,3600,within_recorded_span_not_independently_verified
scheduling_class_0,1736,162000,3600,within_recorded_span_not_independently_verified
scheduling_class_0,1580,165600,3600,within_recorded_span_not_independently_verified
scheduling_class_0,1069,169200,3600,within_recorded_span_not_independently_verified
scheduling_class_0,1481,172800,3600,within_recorded_span_not_independently_verified
scheduling_class_0,1377,176400,3600,within_recorded_span_not_independently_verified
scheduling_class_0,1082,180000,3600,within_recorded_span_not_independently_verified
scheduling_class_0,1872,183600,3600,within_recorded_span_not_independently_verified
scheduling_class_0,1154,187200,3600,within_recorded_span_not_independently_verified
scheduling_class_0,1094,190800,3600,within_recorded_span_not_independently_verified
scheduling_class_0,1540,194400,3600,within_recorded_span_not_independently_verified
scheduling_class_0,1173,198000,3600,within_recorded_span_not_independently_verified
scheduling_class_0,1206,201600,3600,within_recorded_span_not_independently_verified
scheduling_class_0,1540,205200,3600,within_recorded_span_not_independently_verified
scheduling_class_0,1585,208800,3600,within_recorded_span_not_independently_verified
scheduling_class_0,971,212400,3600,within_recorded_span_not_independently_verified
scheduling_class_0,1224,216000,3600,within_recorded_span_not_independently_verified
scheduling_class_0,917,219600,3600,within_recorded_span_not_independently_verified
scheduling_class_0,1763,223200,3600,within_recorded_span_not_independently_verified
scheduling_class_0,1295,226800,3600,within_recorded_span_not_independently_verified
scheduling_class_0,1194,230400,3600,within_recorded_span_not_independently_verified
scheduling_class_0,1282,234000,3600,within_recorded_span_not_independently_verified
scheduling_class_0,1203,237600,3600,within_recorded_span_not_independently_verified
scheduling_class_0,1091,241200,3600,within_recorded_span_not_independently_verified
scheduling_class_0,1432,244800,3600,within_recorded_span_not_independently_verified
scheduling_class_0,1680,248400,3600,within_recorded_span_not_independently_verified
scheduling_class_0,1324,252000,3600,within_recorded_span_not_independently_verified
scheduling_class_0,1184,255600,3600,within_recorded_span_not_independently_verified
scheduling_class_0,1136,259200,3600,within_recorded_span_not_independently_verified
scheduling_class_0,1293,262800,3600,within_recorded_span_not_independently_verified
scheduling_class_0,1191,266400,3600,within_recorded_span_not_independently_verified
scheduling_class_0,1504,270000,3600,within_recorded_span_not_independently_verified
scheduling_class_0,1721,273600,3600,within_recorded_span_not_independently_verified
scheduling_class_0,1368,277200,3600,within_recorded_span_not_independently_verified
scheduling_class_0,1291,280800,3600,within_recorded_span_not_independently_verified
scheduling_class_0,1113,284400,3600,within_recorded_span_not_independently_verified
scheduling_class_0,1177,288000,3600,within_recorded_span_not_independently_verified
scheduling_class_0,1575,291600,3600,within_recorded_span_not_independently_verified
scheduling_class_0,1361,295200,3600,within_recorded_span_not_independently_verified
scheduling_class_0,1278,298800,3600,within_recorded_span_not_independently_verified
scheduling_class_0,1052,302400,3600,within_recorded_span_not_independently_verified
scheduling_class_0,1399,306000,3600,within_recorded_span_not_independently_verified
scheduling_class_0,1242,309600,3600,within_recorded_span_not_independently_verified
scheduling_class_0,1559,313200,3600,within_recorded_span_not_independently_verified
scheduling_class_0,1497,316800,3600,within_recorded_span_not_independently_verified
scheduling_class_0,1353,320400,3600,within_recorded_span_not_independently_verified
scheduling_class_0,1181,324000,3600,within_recorded_span_not_independently_verified
scheduling_class_0,1153,327600,3600,within_recorded_span_not_independently_verified
scheduling_class_0,1071,331200,3600,within_recorded_span_not_independently_verified
scheduling_class_0,1215,334800,3600,within_recorded_span_not_independently_verified
scheduling_class_0,1640,338400,3600,within_recorded_span_not_independently_verified
scheduling_class_0,1153,342000,3600,within_recorded_span_not_independently_verified
scheduling_class_0,977,345600,3600,within_recorded_span_not_independently_verified
scheduling_class_0,1240,349200,3600,within_recorded_span_not_independently_verified
scheduling_class_0,1128,352800,3600,within_recorded_span_not_independently_verified
scheduling_class_0,1523,356400,3600,within_recorded_span_not_independently_verified
scheduling_class_0,1358,360000,3600,within_recorded_span_not_independently_verified
scheduling_class_0,965,363600,3600,within_recorded_span_not_independently_verified
scheduling_class_0,1430,367200,3600,within_recorded_span_not_independently_verified
scheduling_class_0,1021,370800,3600,within_recorded_span_not_independently_verified
scheduling_class_0,1221,374400,3600,within_recorded_span_not_independently_verified
scheduling_class_0,1824,378000,3600,within_recorded_span_not_independently_verified
scheduling_class_0,1214,381600,3600,within_recorded_span_not_independently_verified
scheduling_class_0,1301,385200,3600,within_recorded_span_not_independently_verified
scheduling_class_0,954,388800,3600,within_recorded_span_not_independently_verified
scheduling_class_0,1322,392400,3600,within_recorded_span_not_independently_verified
scheduling_class_0,1141,396000,3600,within_recorded_span_not_independently_verified
scheduling_class_0,1504,399600,3600,within_recorded_span_not_independently_verified
scheduling_class_0,1274,403200,3600,within_recorded_span_not_independently_verified
scheduling_class_0,1316,406800,3600,within_recorded_span_not_independently_verified
scheduling_class_0,1105,410400,3600,within_recorded_span_not_independently_verified
scheduling_class_0,1181,414000,3600,within_recorded_span_not_independently_verified
scheduling_class_0,1002,417600,3600,within_recorded_span_not_independently_verified
scheduling_class_0,1692,421200,3600,within_recorded_span_not_independently_verified
scheduling_class_0,1162,424800,3600,within_recorded_span_not_independently_verified
scheduling_class_0,1360,428400,3600,within_recorded_span_not_independently_verified
scheduling_class_0,1486,432000,3600,within_recorded_span_not_independently_verified
scheduling_class_0,918,435600,3600,within_recorded_span_not_independently_verified
scheduling_class_0,1661,439200,3600,within_recorded_span_not_independently_verified
scheduling_class_0,1379,442800,3600,within_recorded_span_not_independently_verified
scheduling_class_0,1495,446400,3600,within_recorded_span_not_independently_verified
scheduling_class_0,1161,450000,3600,within_recorded_span_not_independently_verified
scheduling_class_0,1224,453600,3600,within_recorded_span_not_independently_verified
scheduling_class_0,1507,457200,3600,within_recorded_span_not_independently_verified
scheduling_class_0,1119,460800,3600,within_recorded_span_not_independently_verified
scheduling_class_0,1179,464400,3600,within_recorded_span_not_independently_verified
scheduling_class_0,1071,468000,3600,within_recorded_span_not_independently_verified
scheduling_class_0,1999,471600,3600,within_recorded_span_not_independently_verified
scheduling_class_0,830,475200,3600,within_recorded_span_not_independently_verified
scheduling_class_0,826,478800,3600,within_recorded_span_not_independently_verified
scheduling_class_0,584,482400,3600,within_recorded_span_not_independently_verified
scheduling_class_0,1819,486000,3600,within_recorded_span_not_independently_verified
scheduling_class_0,1122,489600,3600,within_recorded_span_not_independently_verified
scheduling_class_0,1020,493200,3600,within_recorded_span_not_independently_verified
scheduling_class_0,1689,496800,3600,within_recorded_span_not_independently_verified
scheduling_class_0,1333,500400,3600,within_recorded_span_not_independently_verified
scheduling_class_0,1386,504000,3600,within_recorded_span_not_independently_verified
scheduling_class_0,1354,507600,3600,within_recorded_span_not_independently_verified
scheduling_class_0,1287,511200,3600,within_recorded_span_not_independently_verified
scheduling_class_0,1828,514800,3600,within_recorded_span_not_independently_verified
scheduling_class_0,1538,518400,3600,within_recorded_span_not_independently_verified
scheduling_class_0,874,522000,3600,within_recorded_span_not_independently_verified
scheduling_class_0,1029,525600,3600,within_recorded_span_not_independently_verified
scheduling_class_0,1943,529200,3600,within_recorded_span_not_independently_verified
scheduling_class_0,1971,532800,3600,within_recorded_span_not_independently_verified
scheduling_class_0,1492,536400,3600,within_recorded_span_not_independently_verified
scheduling_class_0,1185,540000,3600,within_recorded_span_not_independently_verified
scheduling_class_0,1339,543600,3600,within_recorded_span_not_independently_verified
scheduling_class_0,1432,547200,3600,within_recorded_span_not_independently_verified
scheduling_class_0,1428,550800,3600,within_recorded_span_not_independently_verified
scheduling_class_0,1605,554400,3600,within_recorded_span_not_independently_verified
scheduling_class_0,1653,558000,3600,within_recorded_span_not_independently_verified
scheduling_class_0,1536,561600,3600,within_recorded_span_not_independently_verified
scheduling_class_0,1247,565200,3600,within_recorded_span_not_independently_verified
scheduling_class_0,1422,568800,3600,within_recorded_span_not_independently_verified
scheduling_class_0,1849,572400,3600,within_recorded_span_not_independently_verified
scheduling_class_0,2438,576000,3600,within_recorded_span_not_independently_verified
scheduling_class_0,1780,579600,3600,within_recorded_span_not_independently_verified
scheduling_class_0,1873,583200,3600,within_recorded_span_not_independently_verified
scheduling_class_0,2649,586800,3600,within_recorded_span_not_independently_verified
scheduling_class_0,2556,590400,3600,within_recorded_span_not_independently_verified
scheduling_class_0,2418,594000,3600,within_recorded_span_not_independently_verified
scheduling_class_0,2515,597600,3600,within_recorded_span_not_independently_verified
scheduling_class_0,2470,601200,3600,within_recorded_span_not_independently_verified
scheduling_class_0,2710,604800,3600,within_recorded_span_not_independently_verified
scheduling_class_0,2184,608400,3600,within_recorded_span_not_independently_verified
scheduling_class_0,2092,612000,3600,within_recorded_span_not_independently_verified
scheduling_class_0,3363,615600,3600,within_recorded_span_not_independently_verified
scheduling_class_0,2269,619200,3600,within_recorded_span_not_independently_verified
scheduling_class_0,2488,622800,3600,within_recorded_span_not_independently_verified
scheduling_class_0,2186,626400,3600,within_recorded_span_not_independently_verified
scheduling_class_0,2980,630000,3600,within_recorded_span_not_independently_verified
scheduling_class_0,2509,633600,3600,within_recorded_span_not_independently_verified
scheduling_class_0,2976,637200,3600,within_recorded_span_not_independently_verified
scheduling_class_0,2387,640800,3600,within_recorded_span_not_independently_verified
scheduling_class_0,2913,644400,3600,within_recorded_span_not_independently_verified
scheduling_class_0,2337,648000,3600,within_recorded_span_not_independently_verified
scheduling_class_0,2362,651600,3600,within_recorded_span_not_independently_verified
scheduling_class_0,2265,655200,3600,within_recorded_span_not_independently_verified
scheduling_class_0,2475,658800,3600,within_recorded_span_not_independently_verified
scheduling_class_0,2984,662400,3600,within_recorded_span_not_independently_verified
scheduling_class_0,2488,666000,3600,within_recorded_span_not_independently_verified
scheduling_class_0,2036,669600,3600,within_recorded_span_not_independently_verified
scheduling_class_0,1758,673200,3600,within_recorded_span_not_independently_verified
scheduling_class_0,2661,676800,3600,within_recorded_span_not_independently_verified
scheduling_class_0,2445,680400,3600,within_recorded_span_not_independently_verified
scheduling_class_0,2621,684000,3600,within_recorded_span_not_independently_verified
scheduling_class_0,3132,687600,3600,within_recorded_span_not_independently_verified
scheduling_class_0,2755,691200,3600,within_recorded_span_not_independently_verified
scheduling_class_0,2980,694800,3600,within_recorded_span_not_independently_verified
scheduling_class_0,2454,698400,3600,within_recorded_span_not_independently_verified
scheduling_class_0,2898,702000,3600,within_recorded_span_not_independently_verified
scheduling_class_0,2670,705600,3600,within_recorded_span_not_independently_verified
scheduling_class_0,3091,709200,3600,within_recorded_span_not_independently_verified
scheduling_class_0,2900,712800,3600,within_recorded_span_not_independently_verified
scheduling_class_0,2962,716400,3600,within_recorded_span_not_independently_verified
scheduling_class_0,2935,720000,3600,within_recorded_span_not_independently_verified
scheduling_class_0,3227,723600,3600,within_recorded_span_not_independently_verified
scheduling_class_0,3001,727200,3600,within_recorded_span_not_independently_verified
scheduling_class_0,2607,730800,3600,within_recorded_span_not_independently_verified
scheduling_class_0,2750,734400,3600,within_recorded_span_not_independently_verified
scheduling_class_0,2575,738000,3600,within_recorded_span_not_independently_verified
scheduling_class_0,2461,741600,3600,within_recorded_span_not_independently_verified
scheduling_class_0,2912,745200,3600,within_recorded_span_not_independently_verified
scheduling_class_0,2974,748800,3600,within_recorded_span_not_independently_verified
scheduling_class_0,2498,752400,3600,within_recorded_span_not_independently_verified
scheduling_class_0,2556,756000,3600,within_recorded_span_not_independently_verified
scheduling_class_0,2782,759600,3600,within_recorded_span_not_independently_verified
scheduling_class_0,2813,763200,3600,within_recorded_span_not_independently_verified
scheduling_class_0,3250,766800,3600,within_recorded_span_not_independently_verified
scheduling_class_0,3088,770400,3600,within_recorded_span_not_independently_verified
scheduling_class_0,2972,774000,3600,within_recorded_span_not_independently_verified
scheduling_class_0,2598,777600,3600,within_recorded_span_not_independently_verified
scheduling_class_0,2943,781200,3600,within_recorded_span_not_independently_verified
scheduling_class_0,2764,784800,3600,within_recorded_span_not_independently_verified
scheduling_class_0,3591,788400,3600,within_recorded_span_not_independently_verified
scheduling_class_0,2757,792000,3600,within_recorded_span_not_independently_verified
scheduling_class_0,2821,795600,3600,within_recorded_span_not_independently_verified
scheduling_class_0,2782,799200,3600,within_recorded_span_not_independently_verified
scheduling_class_0,2885,802800,3600,within_recorded_span_not_independently_verified
scheduling_class_0,2694,806400,3600,within_recorded_span_not_independently_verified
scheduling_class_0,3085,810000,3600,within_recorded_span_not_independently_verified
scheduling_class_0,3000,813600,3600,within_recorded_span_not_independently_verified
scheduling_class_0,2780,817200,3600,within_recorded_span_not_independently_verified
scheduling_class_0,2393,820800,3600,within_recorded_span_not_independently_verified
scheduling_class_0,2664,824400,3600,within_recorded_span_not_independently_verified
scheduling_class_0,2223,828000,3600,within_recorded_span_not_independently_verified
scheduling_class_0,2124,831600,3600,within_recorded_span_not_independently_verified
scheduling_class_0,2123,835200,3600,within_recorded_span_not_independently_verified
scheduling_class_0,2020,838800,3600,within_recorded_span_not_independently_verified
scheduling_class_0,2239,842400,3600,within_recorded_span_not_independently_verified
scheduling_class_0,2592,846000,3600,within_recorded_span_not_independently_verified
scheduling_class_0,2753,849600,3600,within_recorded_span_not_independently_verified
scheduling_class_0,3315,853200,3600,within_recorded_span_not_independently_verified
scheduling_class_0,3060,856800,3600,within_recorded_span_not_independently_verified
scheduling_class_0,3023,860400,3600,within_recorded_span_not_independently_verified
scheduling_class_0,2991,864000,3600,within_recorded_span_not_independently_verified
scheduling_class_0,2909,867600,3600,within_recorded_span_not_independently_verified
scheduling_class_0,2916,871200,3600,within_recorded_span_not_independently_verified
scheduling_class_0,3431,874800,3600,within_recorded_span_not_independently_verified
scheduling_class_0,2997,878400,3600,within_recorded_span_not_independently_verified
scheduling_class_0,3760,882000,3600,within_recorded_span_not_independently_verified
scheduling_class_0,2983,885600,3600,within_recorded_span_not_independently_verified
scheduling_class_0,3021,889200,3600,within_recorded_span_not_independently_verified
scheduling_class_0,2979,892800,3600,within_recorded_span_not_independently_verified
scheduling_class_0,3183,896400,3600,within_recorded_span_not_independently_verified
scheduling_class_0,2840,900000,3600,within_recorded_span_not_independently_verified
scheduling_class_0,2889,903600,3600,within_recorded_span_not_independently_verified
scheduling_class_0,2944,907200,3600,within_recorded_span_not_independently_verified
scheduling_class_0,3090,910800,3600,within_recorded_span_not_independently_verified
scheduling_class_0,2899,914400,3600,within_recorded_span_not_independently_verified
scheduling_class_0,3228,918000,3600,within_recorded_span_not_independently_verified
scheduling_class_0,3110,921600,3600,within_recorded_span_not_independently_verified
scheduling_class_0,3071,925200,3600,within_recorded_span_not_independently_verified
scheduling_class_0,2899,928800,3600,within_recorded_span_not_independently_verified
scheduling_class_0,3033,932400,3600,within_recorded_span_not_independently_verified
scheduling_class_0,3137,936000,3600,within_recorded_span_not_independently_verified
scheduling_class_0,3435,939600,3600,within_recorded_span_not_independently_verified
scheduling_class_0,3065,943200,3600,within_recorded_span_not_independently_verified
scheduling_class_0,3142,946800,3600,within_recorded_span_not_independently_verified
scheduling_class_0,2893,950400,3600,within_recorded_span_not_independently_verified
scheduling_class_0,3010,954000,3600,within_recorded_span_not_independently_verified
scheduling_class_0,2865,957600,3600,within_recorded_span_not_independently_verified
scheduling_class_0,3395,961200,3600,within_recorded_span_not_independently_verified
scheduling_class_0,3035,964800,3600,within_recorded_span_not_independently_verified
scheduling_class_0,3118,968400,3600,within_recorded_span_not_independently_verified
scheduling_class_0,2911,972000,3600,within_recorded_span_not_independently_verified
scheduling_class_0,2883,975600,3600,within_recorded_span_not_independently_verified
scheduling_class_0,2851,979200,3600,within_recorded_span_not_independently_verified
scheduling_class_0,3064,982800,3600,within_recorded_span_not_independently_verified
scheduling_class_0,2802,986400,3600,within_recorded_span_not_independently_verified
scheduling_class_0,2947,990000,3600,within_recorded_span_not_independently_verified
scheduling_class_0,2748,993600,3600,within_recorded_span_not_independently_verified
scheduling_class_0,2870,997200,3600,within_recorded_span_not_independently_verified
scheduling_class_0,2908,1000800,3600,within_recorded_span_not_independently_verified
scheduling_class_0,3283,1004400,3600,within_recorded_span_not_independently_verified
scheduling_class_0,2958,1008000,3600,within_recorded_span_not_independently_verified
scheduling_class_0,2974,1011600,3600,within_recorded_span_not_independently_verified
scheduling_class_0,2889,1015200,3600,within_recorded_span_not_independently_verified
scheduling_class_0,2906,1018800,3600,within_recorded_span_not_independently_verified
scheduling_class_0,2828,1022400,3600,within_recorded_span_not_independently_verified
scheduling_class_0,3233,1026000,3600,within_recorded_span_not_independently_verified
scheduling_class_0,3107,1029600,3600,within_recorded_span_not_independently_verified
scheduling_class_0,3026,1033200,3600,within_recorded_span_not_independently_verified
scheduling_class_0,2822,1036800,3600,within_recorded_span_not_independently_verified
scheduling_class_0,2863,1040400,3600,within_recorded_span_not_independently_verified
scheduling_class_0,2893,1044000,3600,within_recorded_span_not_independently_verified
scheduling_class_0,3272,1047600,3600,within_recorded_span_not_independently_verified
scheduling_class_0,2650,1051200,3600,within_recorded_span_not_independently_verified
scheduling_class_0,2887,1054800,3600,within_recorded_span_not_independently_verified
scheduling_class_0,2499,1058400,3600,within_recorded_span_not_independently_verified
scheduling_class_0,2673,1062000,3600,within_recorded_span_not_independently_verified
scheduling_class_0,2674,1065600,3600,within_recorded_span_not_independently_verified
scheduling_class_0,2936,1069200,3600,within_recorded_span_not_independently_verified
scheduling_class_0,2792,1072800,3600,within_recorded_span_not_independently_verified
scheduling_class_0,2426,1076400,3600,within_recorded_span_not_independently_verified
scheduling_class_0,2801,1080000,3600,within_recorded_span_not_independently_verified
scheduling_class_0,2448,1083600,3600,within_recorded_span_not_independently_verified
scheduling_class_0,2594,1087200,3600,within_recorded_span_not_independently_verified
scheduling_class_0,2790,1090800,3600,within_recorded_span_not_independently_verified
scheduling_class_0,2864,1094400,3600,within_recorded_span_not_independently_verified
scheduling_class_0,2687,1098000,3600,within_recorded_span_not_independently_verified
scheduling_class_0,2651,1101600,3600,within_recorded_span_not_independently_verified
scheduling_class_0,2641,1105200,3600,within_recorded_span_not_independently_verified
scheduling_class_0,2918,1108800,3600,within_recorded_span_not_independently_verified
scheduling_class_0,3019,1112400,3600,within_recorded_span_not_independently_verified
scheduling_class_0,3137,1116000,3600,within_recorded_span_not_independently_verified
scheduling_class_0,2729,1119600,3600,within_recorded_span_not_independently_verified
scheduling_class_0,2728,1123200,3600,within_recorded_span_not_independently_verified
scheduling_class_0,2782,1126800,3600,within_recorded_span_not_independently_verified
scheduling_class_0,2526,1130400,3600,within_recorded_span_not_independently_verified
scheduling_class_0,3107,1134000,3600,within_recorded_span_not_independently_verified
scheduling_class_0,2856,1137600,3600,within_recorded_span_not_independently_verified
scheduling_class_0,2674,1141200,3600,within_recorded_span_not_independently_verified
scheduling_class_0,2738,1144800,3600,within_recorded_span_not_independently_verified
scheduling_class_0,2741,1148400,3600,within_recorded_span_not_independently_verified
scheduling_class_0,2515,1152000,3600,within_recorded_span_not_independently_verified
scheduling_class_0,3101,1155600,3600,within_recorded_span_not_independently_verified
scheduling_class_0,2841,1159200,3600,within_recorded_span_not_independently_verified
scheduling_class_0,2623,1162800,3600,within_recorded_span_not_independently_verified
scheduling_class_0,2044,1166400,3600,within_recorded_span_not_independently_verified
scheduling_class_0,1151,1170000,3600,within_recorded_span_not_independently_verified
scheduling_class_0,2016,1173600,3600,within_recorded_span_not_independently_verified
scheduling_class_0,2436,1177200,3600,within_recorded_span_not_independently_verified
scheduling_class_0,2186,1180800,3600,within_recorded_span_not_independently_verified
scheduling_class_0,2159,1184400,3600,within_recorded_span_not_independently_verified
scheduling_class_0,2410,1188000,3600,within_recorded_span_not_independently_verified
scheduling_class_0,2772,1191600,3600,within_recorded_span_not_independently_verified
scheduling_class_0,2910,1195200,3600,within_recorded_span_not_independently_verified
scheduling_class_0,3155,1198800,3600,within_recorded_span_not_independently_verified
scheduling_class_0,2955,1202400,3600,within_recorded_span_not_independently_verified
scheduling_class_0,2819,1206000,3600,within_recorded_span_not_independently_verified
scheduling_class_0,3020,1209600,3600,within_recorded_span_not_independently_verified
scheduling_class_0,2983,1213200,3600,within_recorded_span_not_independently_verified
scheduling_class_0,2830,1216800,3600,within_recorded_span_not_independently_verified
scheduling_class_0,3102,1220400,3600,within_recorded_span_not_independently_verified
scheduling_class_0,2559,1224000,3600,within_recorded_span_not_independently_verified
scheduling_class_0,2663,1227600,3600,within_recorded_span_not_independently_verified
scheduling_class_0,2820,1231200,3600,within_recorded_span_not_independently_verified
scheduling_class_0,2858,1234800,3600,within_recorded_span_not_independently_verified
scheduling_class_0,2603,1238400,3600,within_recorded_span_not_independently_verified
scheduling_class_0,3109,1242000,3600,within_recorded_span_not_independently_verified
scheduling_class_0,2704,1245600,3600,within_recorded_span_not_independently_verified
scheduling_class_0,2717,1249200,3600,within_recorded_span_not_independently_verified
scheduling_class_0,2310,1252800,3600,within_recorded_span_not_independently_verified
scheduling_class_0,1806,1256400,3600,within_recorded_span_not_independently_verified
scheduling_class_0,388,1260000,3600,within_recorded_span_not_independently_verified
scheduling_class_0,390,1263600,3600,within_recorded_span_not_independently_verified
scheduling_class_0,850,1267200,3600,within_recorded_span_not_independently_verified
scheduling_class_0,391,1270800,3600,within_recorded_span_not_independently_verified
scheduling_class_0,343,1274400,3600,within_recorded_span_not_independently_verified
scheduling_class_0,320,1278000,3600,within_recorded_span_not_independently_verified
scheduling_class_0,490,1281600,3600,within_recorded_span_not_independently_verified
scheduling_class_0,743,1285200,3600,within_recorded_span_not_independently_verified
scheduling_class_0,795,1288800,3600,within_recorded_span_not_independently_verified
scheduling_class_0,571,1292400,3600,within_recorded_span_not_independently_verified
scheduling_class_0,451,1296000,3600,within_recorded_span_not_independently_verified
scheduling_class_0,558,1299600,3600,within_recorded_span_not_independently_verified
scheduling_class_0,477,1303200,3600,within_recorded_span_not_independently_verified
scheduling_class_0,848,1306800,3600,within_recorded_span_not_independently_verified
scheduling_class_0,689,1310400,3600,within_recorded_span_not_independently_verified
scheduling_class_0,654,1314000,3600,within_recorded_span_not_independently_verified
scheduling_class_0,517,1317600,3600,within_recorded_span_not_independently_verified
scheduling_class_0,449,1321200,3600,within_recorded_span_not_independently_verified
scheduling_class_0,549,1324800,3600,within_recorded_span_not_independently_verified
scheduling_class_0,717,1328400,3600,within_recorded_span_not_independently_verified
scheduling_class_0,579,1332000,3600,within_recorded_span_not_independently_verified
scheduling_class_0,543,1335600,3600,within_recorded_span_not_independently_verified
scheduling_class_0,440,1339200,3600,within_recorded_span_not_independently_verified
scheduling_class_0,540,1342800,3600,within_recorded_span_not_independently_verified
scheduling_class_0,432,1346400,3600,within_recorded_span_not_independently_verified
scheduling_class_0,462,1350000,3600,within_recorded_span_not_independently_verified
scheduling_class_0,479,1353600,3600,within_recorded_span_not_independently_verified
scheduling_class_0,567,1357200,3600,within_recorded_span_not_independently_verified
scheduling_class_0,540,1360800,3600,within_recorded_span_not_independently_verified
scheduling_class_0,539,1364400,3600,within_recorded_span_not_independently_verified
scheduling_class_0,792,1368000,3600,within_recorded_span_not_independently_verified
scheduling_class_0,847,1371600,3600,within_recorded_span_not_independently_verified
scheduling_class_0,700,1375200,3600,within_recorded_span_not_independently_verified
scheduling_class_0,669,1378800,3600,within_recorded_span_not_independently_verified
scheduling_class_0,627,1382400,3600,within_recorded_span_not_independently_verified
scheduling_class_0,600,1386000,3600,within_recorded_span_not_independently_verified
scheduling_class_0,464,1389600,3600,within_recorded_span_not_independently_verified
scheduling_class_0,1265,1393200,3600,within_recorded_span_not_independently_verified
scheduling_class_0,680,1396800,3600,within_recorded_span_not_independently_verified
scheduling_class_0,637,1400400,3600,within_recorded_span_not_independently_verified
scheduling_class_0,519,1404000,3600,within_recorded_span_not_independently_verified
scheduling_class_0,564,1407600,3600,within_recorded_span_not_independently_verified
scheduling_class_0,441,1411200,3600,within_recorded_span_not_independently_verified
scheduling_class_0,801,1414800,3600,within_recorded_span_not_independently_verified
scheduling_class_0,532,1418400,3600,within_recorded_span_not_independently_verified
scheduling_class_0,434,1422000,3600,within_recorded_span_not_independently_verified
scheduling_class_0,393,1425600,3600,within_recorded_span_not_independently_verified
scheduling_class_0,502,1429200,3600,within_recorded_span_not_independently_verified
scheduling_class_0,942,1432800,3600,within_recorded_span_not_independently_verified
scheduling_class_0,639,1436400,3600,within_recorded_span_not_independently_verified
scheduling_class_0,580,1440000,3600,within_recorded_span_not_independently_verified
scheduling_class_0,467,1443600,3600,within_recorded_span_not_independently_verified
scheduling_class_0,518,1447200,3600,within_recorded_span_not_independently_verified
scheduling_class_0,450,1450800,3600,within_recorded_span_not_independently_verified
scheduling_class_0,480,1454400,3600,within_recorded_span_not_independently_verified
scheduling_class_0,692,1458000,3600,within_recorded_span_not_independently_verified
scheduling_class_0,611,1461600,3600,within_recorded_span_not_independently_verified
scheduling_class_0,625,1465200,3600,within_recorded_span_not_independently_verified
scheduling_class_0,541,1468800,3600,within_recorded_span_not_independently_verified
scheduling_class_0,588,1472400,3600,within_recorded_span_not_independently_verified
scheduling_class_0,468,1476000,3600,within_recorded_span_not_independently_verified
scheduling_class_0,939,1479600,3600,within_recorded_span_not_independently_verified
scheduling_class_0,552,1483200,3600,within_recorded_span_not_independently_verified
scheduling_class_0,651,1486800,3600,within_recorded_span_not_independently_verified
scheduling_class_0,506,1490400,3600,within_recorded_span_not_independently_verified
scheduling_class_0,517,1494000,3600,within_recorded_span_not_independently_verified
scheduling_class_0,501,1497600,3600,within_recorded_span_not_independently_verified
scheduling_class_0,836,1501200,3600,within_recorded_span_not_independently_verified
scheduling_class_0,626,1504800,3600,within_recorded_span_not_independently_verified
scheduling_class_0,670,1508400,3600,within_recorded_span_not_independently_verified
scheduling_class_0,509,1512000,3600,within_recorded_span_not_independently_verified
scheduling_class_0,530,1515600,3600,within_recorded_span_not_independently_verified
scheduling_class_0,540,1519200,3600,within_recorded_span_not_independently_verified
scheduling_class_0,833,1522800,3600,within_recorded_span_not_independently_verified
scheduling_class_0,550,1526400,3600,within_recorded_span_not_independently_verified
scheduling_class_0,582,1530000,3600,within_recorded_span_not_independently_verified
scheduling_class_0,487,1533600,3600,within_recorded_span_not_independently_verified
scheduling_class_0,516,1537200,3600,within_recorded_span_not_independently_verified
scheduling_class_0,503,1540800,3600,within_recorded_span_not_independently_verified
scheduling_class_0,874,1544400,3600,within_recorded_span_not_independently_verified
scheduling_class_0,630,1548000,3600,within_recorded_span_not_independently_verified
scheduling_class_0,581,1551600,3600,within_recorded_span_not_independently_verified
scheduling_class_0,498,1555200,3600,within_recorded_span_not_independently_verified
scheduling_class_0,535,1558800,3600,within_recorded_span_not_independently_verified
scheduling_class_0,459,1562400,3600,within_recorded_span_not_independently_verified
scheduling_class_0,854,1566000,3600,within_recorded_span_not_independently_verified
scheduling_class_0,664,1569600,3600,within_recorded_span_not_independently_verified
scheduling_class_0,619,1573200,3600,within_recorded_span_not_independently_verified
scheduling_class_0,538,1576800,3600,within_recorded_span_not_independently_verified
scheduling_class_0,564,1580400,3600,within_recorded_span_not_independently_verified
scheduling_class_0,454,1584000,3600,within_recorded_span_not_independently_verified
scheduling_class_0,757,1587600,3600,within_recorded_span_not_independently_verified
scheduling_class_0,586,1591200,3600,within_recorded_span_not_independently_verified
scheduling_class_0,568,1594800,3600,within_recorded_span_not_independently_verified
scheduling_class_0,482,1598400,3600,within_recorded_span_not_independently_verified
scheduling_class_0,511,1602000,3600,within_recorded_span_not_independently_verified
scheduling_class_0,493,1605600,3600,within_recorded_span_not_independently_verified
scheduling_class_0,811,1609200,3600,within_recorded_span_not_independently_verified
scheduling_class_0,695,1612800,3600,within_recorded_span_not_independently_verified
scheduling_class_0,619,1616400,3600,within_recorded_span_not_independently_verified
scheduling_class_0,489,1620000,3600,within_recorded_span_not_independently_verified
scheduling_class_0,567,1623600,3600,within_recorded_span_not_independently_verified
scheduling_class_0,546,1627200,3600,within_recorded_span_not_independently_verified
scheduling_class_0,882,1630800,3600,within_recorded_span_not_independently_verified
scheduling_class_0,579,1634400,3600,within_recorded_span_not_independently_verified
scheduling_class_0,678,1638000,3600,within_recorded_span_not_independently_verified
scheduling_class_0,441,1641600,3600,within_recorded_span_not_independently_verified
scheduling_class_0,607,1645200,3600,within_recorded_span_not_independently_verified
scheduling_class_0,490,1648800,3600,within_recorded_span_not_independently_verified
scheduling_class_0,821,1652400,3600,within_recorded_span_not_independently_verified
scheduling_class_0,728,1656000,3600,within_recorded_span_not_independently_verified
scheduling_class_0,540,1659600,3600,within_recorded_span_not_independently_verified
scheduling_class_0,574,1663200,3600,within_recorded_span_not_independently_verified
scheduling_class_0,471,1666800,3600,within_recorded_span_not_independently_verified
scheduling_class_0,509,1670400,3600,within_recorded_span_not_independently_verified
scheduling_class_0,776,1674000,3600,within_recorded_span_not_independently_verified
scheduling_class_0,534,1677600,3600,within_recorded_span_not_independently_verified
scheduling_class_0,519,1681200,3600,within_recorded_span_not_independently_verified
scheduling_class_0,391,1684800,3600,within_recorded_span_not_independently_verified
scheduling_class_0,634,1688400,3600,within_recorded_span_not_independently_verified
scheduling_class_0,448,1692000,3600,within_recorded_span_not_independently_verified
scheduling_class_0,479,1695600,3600,within_recorded_span_not_independently_verified
scheduling_class_0,796,1699200,3600,within_recorded_span_not_independently_verified
scheduling_class_0,478,1702800,3600,within_recorded_span_not_independently_verified
scheduling_class_0,355,1706400,3600,within_recorded_span_not_independently_verified
scheduling_class_0,529,1710000,3600,within_recorded_span_not_independently_verified
scheduling_class_0,580,1713600,3600,within_recorded_span_not_independently_verified
scheduling_class_0,733,1717200,3600,within_recorded_span_not_independently_verified
scheduling_class_0,725,1720800,3600,within_recorded_span_not_independently_verified
scheduling_class_0,589,1724400,3600,within_recorded_span_not_independently_verified
scheduling_class_0,524,1728000,3600,within_recorded_span_not_independently_verified
scheduling_class_0,607,1731600,3600,within_recorded_span_not_independently_verified
scheduling_class_0,475,1735200,3600,within_recorded_span_not_independently_verified
scheduling_class_0,914,1738800,3600,within_recorded_span_not_independently_verified
scheduling_class_0,620,1742400,3600,within_recorded_span_not_independently_verified
scheduling_class_0,658,1746000,3600,within_recorded_span_not_independently_verified
scheduling_class_0,561,1749600,3600,within_recorded_span_not_independently_verified
scheduling_class_0,612,1753200,3600,within_recorded_span_not_independently_verified
scheduling_class_0,502,1756800,3600,within_recorded_span_not_independently_verified
scheduling_class_0,782,1760400,3600,within_recorded_span_not_independently_verified
scheduling_class_0,653,1764000,3600,within_recorded_span_not_independently_verified
scheduling_class_0,462,1767600,3600,within_recorded_span_not_independently_verified
scheduling_class_0,388,1771200,3600,within_recorded_span_not_independently_verified
scheduling_class_0,358,1774800,3600,within_recorded_span_not_independently_verified
scheduling_class_0,481,1778400,3600,within_recorded_span_not_independently_verified
scheduling_class_0,377,1782000,3600,within_recorded_span_not_independently_verified
scheduling_class_0,769,1785600,3600,within_recorded_span_not_independently_verified
scheduling_class_0,433,1789200,3600,within_recorded_span_not_independently_verified
scheduling_class_0,510,1792800,3600,within_recorded_span_not_independently_verified
scheduling_class_0,461,1796400,3600,within_recorded_span_not_independently_verified
scheduling_class_0,490,1800000,3600,within_recorded_span_not_independently_verified
scheduling_class_0,849,1803600,3600,within_recorded_span_not_independently_verified
scheduling_class_0,636,1807200,3600,within_recorded_span_not_independently_verified
scheduling_class_0,652,1810800,3600,within_recorded_span_not_independently_verified
scheduling_class_0,599,1814400,3600,within_recorded_span_not_independently_verified
scheduling_class_0,501,1818000,3600,within_recorded_span_not_independently_verified
scheduling_class_0,486,1821600,3600,within_recorded_span_not_independently_verified
scheduling_class_0,942,1825200,3600,within_recorded_span_not_independently_verified
scheduling_class_0,642,1828800,3600,within_recorded_span_not_independently_verified
scheduling_class_0,623,1832400,3600,within_recorded_span_not_independently_verified
scheduling_class_0,699,1836000,3600,within_recorded_span_not_independently_verified
scheduling_class_0,489,1839600,3600,within_recorded_span_not_independently_verified
scheduling_class_0,493,1843200,3600,within_recorded_span_not_independently_verified
scheduling_class_0,845,1846800,3600,within_recorded_span_not_independently_verified
scheduling_class_0,672,1850400,3600,within_recorded_span_not_independently_verified
scheduling_class_0,578,1854000,3600,within_recorded_span_not_independently_verified
scheduling_class_0,340,1857600,3600,within_recorded_span_not_independently_verified
scheduling_class_0,301,1861200,3600,within_recorded_span_not_independently_verified
scheduling_class_0,244,1864800,3600,within_recorded_span_not_independently_verified
scheduling_class_0,620,1868400,3600,within_recorded_span_not_independently_verified
scheduling_class_0,553,1872000,3600,within_recorded_span_not_independently_verified
scheduling_class_0,340,1875600,3600,within_recorded_span_not_independently_verified
scheduling_class_0,352,1879200,3600,within_recorded_span_not_independently_verified
scheduling_class_0,363,1882800,3600,within_recorded_span_not_independently_verified
scheduling_class_0,521,1886400,3600,within_recorded_span_not_independently_verified
scheduling_class_0,687,1890000,3600,within_recorded_span_not_independently_verified
scheduling_class_0,603,1893600,3600,within_recorded_span_not_independently_verified
scheduling_class_0,479,1897200,3600,within_recorded_span_not_independently_verified
scheduling_class_0,419,1900800,3600,within_recorded_span_not_independently_verified
scheduling_class_0,398,1904400,3600,within_recorded_span_not_independently_verified
scheduling_class_0,594,1908000,3600,within_recorded_span_not_independently_verified
scheduling_class_0,774,1911600,3600,within_recorded_span_not_independently_verified
scheduling_class_0,528,1915200,3600,within_recorded_span_not_independently_verified
scheduling_class_0,447,1918800,3600,within_recorded_span_not_independently_verified
scheduling_class_0,577,1922400,3600,within_recorded_span_not_independently_verified
scheduling_class_0,530,1926000,3600,within_recorded_span_not_independently_verified
scheduling_class_0,508,1929600,3600,within_recorded_span_not_independently_verified
scheduling_class_0,868,1933200,3600,within_recorded_span_not_independently_verified
scheduling_class_0,639,1936800,3600,within_recorded_span_not_independently_verified
scheduling_class_0,522,1940400,3600,within_recorded_span_not_independently_verified
scheduling_class_0,477,1944000,3600,within_recorded_span_not_independently_verified
scheduling_class_0,500,1947600,3600,within_recorded_span_not_independently_verified
scheduling_class_0,369,1951200,3600,within_recorded_span_not_independently_verified
scheduling_class_0,520,1954800,3600,within_recorded_span_not_independently_verified
scheduling_class_0,723,1958400,3600,within_recorded_span_not_independently_verified
scheduling_class_0,478,1962000,3600,within_recorded_span_not_independently_verified
scheduling_class_0,376,1965600,3600,within_recorded_span_not_independently_verified
scheduling_class_0,469,1969200,3600,within_recorded_span_not_independently_verified
scheduling_class_0,384,1972800,3600,within_recorded_span_not_independently_verified
scheduling_class_0,645,1976400,3600,within_recorded_span_not_independently_verified
scheduling_class_0,540,1980000,3600,within_recorded_span_not_independently_verified
scheduling_class_0,620,1983600,3600,within_recorded_span_not_independently_verified
scheduling_class_0,470,1987200,3600,within_recorded_span_not_independently_verified
scheduling_class_0,388,1990800,3600,within_recorded_span_not_independently_verified
scheduling_class_0,422,1994400,3600,within_recorded_span_not_independently_verified
scheduling_class_0,1139,1998000,3600,within_recorded_span_not_independently_verified
scheduling_class_0,616,2001600,3600,within_recorded_span_not_independently_verified
scheduling_class_0,447,2005200,3600,within_recorded_span_not_independently_verified
scheduling_class_0,534,2008800,3600,within_recorded_span_not_independently_verified
scheduling_class_0,507,2012400,3600,within_recorded_span_not_independently_verified
scheduling_class_0,541,2016000,3600,within_recorded_span_not_independently_verified
scheduling_class_0,799,2019600,3600,within_recorded_span_not_independently_verified
scheduling_class_0,580,2023200,3600,within_recorded_span_not_independently_verified
scheduling_class_0,423,2026800,3600,within_recorded_span_not_independently_verified
scheduling_class_0,418,2030400,3600,within_recorded_span_not_independently_verified
scheduling_class_0,325,2034000,3600,within_recorded_span_not_independently_verified
scheduling_class_0,455,2037600,3600,within_recorded_span_not_independently_verified
scheduling_class_0,656,2041200,3600,within_recorded_span_not_independently_verified
scheduling_class_0,550,2044800,3600,within_recorded_span_not_independently_verified
scheduling_class_0,472,2048400,3600,within_recorded_span_not_independently_verified
scheduling_class_0,376,2052000,3600,within_recorded_span_not_independently_verified
scheduling_class_0,500,2055600,3600,within_recorded_span_not_independently_verified
scheduling_class_0,426,2059200,3600,within_recorded_span_not_independently_verified
scheduling_class_0,802,2062800,3600,within_recorded_span_not_independently_verified
scheduling_class_0,666,2066400,3600,within_recorded_span_not_independently_verified
scheduling_class_0,547,2070000,3600,within_recorded_span_not_independently_verified
scheduling_class_0,611,2073600,3600,within_recorded_span_not_independently_verified
scheduling_class_0,466,2077200,3600,within_recorded_span_not_independently_verified
scheduling_class_0,421,2080800,3600,within_recorded_span_not_independently_verified
scheduling_class_0,866,2084400,3600,within_recorded_span_not_independently_verified
scheduling_class_0,503,2088000,3600,within_recorded_span_not_independently_verified
scheduling_class_0,562,2091600,3600,within_recorded_span_not_independently_verified
scheduling_class_0,509,2095200,3600,within_recorded_span_not_independently_verified
scheduling_class_0,594,2098800,3600,within_recorded_span_not_independently_verified
scheduling_class_0,530,2102400,3600,within_recorded_span_not_independently_verified
scheduling_class_0,815,2106000,3600,within_recorded_span_not_independently_verified
scheduling_class_0,652,2109600,3600,within_recorded_span_not_independently_verified
scheduling_class_0,411,2113200,3600,within_recorded_span_not_independently_verified
scheduling_class_0,520,2116800,3600,within_recorded_span_not_independently_verified
scheduling_class_0,478,2120400,3600,within_recorded_span_not_independently_verified
scheduling_class_0,482,2124000,3600,within_recorded_span_not_independently_verified
scheduling_class_0,823,2127600,3600,within_recorded_span_not_independently_verified
scheduling_class_0,914,2131200,3600,within_recorded_span_not_independently_verified
scheduling_class_0,674,2134800,3600,within_recorded_span_not_independently_verified
scheduling_class_0,528,2138400,3600,within_recorded_span_not_independently_verified
scheduling_class_0,512,2142000,3600,within_recorded_span_not_independently_verified
scheduling_class_0,465,2145600,3600,within_recorded_span_not_independently_verified
scheduling_class_0,876,2149200,3600,within_recorded_span_not_independently_verified
scheduling_class_0,653,2152800,3600,within_recorded_span_not_independently_verified
scheduling_class_0,653,2156400,3600,within_recorded_span_not_independently_verified
scheduling_class_0,404,2160000,3600,within_recorded_span_not_independently_verified
scheduling_class_0,477,2163600,3600,within_recorded_span_not_independently_verified
scheduling_class_0,491,2167200,3600,within_recorded_span_not_independently_verified
scheduling_class_0,1017,2170800,3600,within_recorded_span_not_independently_verified
scheduling_class_0,620,2174400,3600,within_recorded_span_not_independently_verified
scheduling_class_0,688,2178000,3600,within_recorded_span_not_independently_verified
scheduling_class_0,569,2181600,3600,within_recorded_span_not_independently_verified
scheduling_class_0,532,2185200,3600,within_recorded_span_not_independently_verified
scheduling_class_0,552,2188800,3600,within_recorded_span_not_independently_verified
scheduling_class_0,819,2192400,3600,within_recorded_span_not_independently_verified
scheduling_class_0,598,2196000,3600,within_recorded_span_not_independently_verified
scheduling_class_0,436,2199600,3600,within_recorded_span_not_independently_verified
scheduling_class_0,470,2203200,3600,within_recorded_span_not_independently_verified
scheduling_class_0,460,2206800,3600,within_recorded_span_not_independently_verified
scheduling_class_0,488,2210400,3600,within_recorded_span_not_independently_verified
scheduling_class_0,866,2214000,3600,within_recorded_span_not_independently_verified
scheduling_class_0,651,2217600,3600,within_recorded_span_not_independently_verified
scheduling_class_0,544,2221200,3600,within_recorded_span_not_independently_verified
scheduling_class_0,484,2224800,3600,within_recorded_span_not_independently_verified
scheduling_class_0,593,2228400,3600,within_recorded_span_not_independently_verified
scheduling_class_0,562,2232000,3600,within_recorded_span_not_independently_verified
scheduling_class_0,829,2235600,3600,within_recorded_span_not_independently_verified
scheduling_class_0,657,2239200,3600,within_recorded_span_not_independently_verified
scheduling_class_0,668,2242800,3600,within_recorded_span_not_independently_verified
scheduling_class_0,499,2246400,3600,within_recorded_span_not_independently_verified
scheduling_class_0,557,2250000,3600,within_recorded_span_not_independently_verified
scheduling_class_0,614,2253600,3600,within_recorded_span_not_independently_verified
scheduling_class_0,924,2257200,3600,within_recorded_span_not_independently_verified
scheduling_class_0,650,2260800,3600,within_recorded_span_not_independently_verified
scheduling_class_0,593,2264400,3600,within_recorded_span_not_independently_verified
scheduling_class_0,535,2268000,3600,within_recorded_span_not_independently_verified
scheduling_class_0,503,2271600,3600,within_recorded_span_not_independently_verified
scheduling_class_0,573,2275200,3600,within_recorded_span_not_independently_verified
scheduling_class_0,853,2278800,3600,within_recorded_span_not_independently_verified
scheduling_class_0,564,2282400,3600,within_recorded_span_not_independently_verified
scheduling_class_0,508,2286000,3600,within_recorded_span_not_independently_verified
scheduling_class_0,446,2289600,3600,within_recorded_span_not_independently_verified
scheduling_class_0,513,2293200,3600,within_recorded_span_not_independently_verified
scheduling_class_0,436,2296800,3600,within_recorded_span_not_independently_verified
scheduling_class_0,792,2300400,3600,within_recorded_span_not_independently_verified
scheduling_class_0,540,2304000,3600,within_recorded_span_not_independently_verified
scheduling_class_0,607,2307600,3600,within_recorded_span_not_independently_verified
scheduling_class_0,566,2311200,3600,within_recorded_span_not_independently_verified
scheduling_class_0,537,2314800,3600,within_recorded_span_not_independently_verified
scheduling_class_0,565,2318400,3600,within_recorded_span_not_independently_verified
scheduling_class_0,878,2322000,3600,within_recorded_span_not_independently_verified
scheduling_class_0,619,2325600,3600,within_recorded_span_not_independently_verified
scheduling_class_0,706,2329200,3600,within_recorded_span_not_independently_verified
scheduling_class_0,557,2332800,3600,within_recorded_span_not_independently_verified
scheduling_class_0,532,2336400,3600,within_recorded_span_not_independently_verified
scheduling_class_0,515,2340000,3600,within_recorded_span_not_independently_verified
scheduling_class_0,923,2343600,3600,within_recorded_span_not_independently_verified
scheduling_class_0,644,2347200,3600,within_recorded_span_not_independently_verified
scheduling_class_0,523,2350800,3600,within_recorded_span_not_independently_verified
scheduling_class_0,518,2354400,3600,within_recorded_span_not_independently_verified
scheduling_class_0,589,2358000,3600,within_recorded_span_not_independently_verified
scheduling_class_0,501,2361600,3600,within_recorded_span_not_independently_verified
scheduling_class_0,802,2365200,3600,within_recorded_span_not_independently_verified
scheduling_class_0,603,2368800,3600,within_recorded_span_not_independently_verified
scheduling_class_0,513,2372400,3600,within_recorded_span_not_independently_verified
scheduling_class_0,379,2376000,3600,within_recorded_span_not_independently_verified
scheduling_class_0,433,2379600,3600,within_recorded_span_not_independently_verified
scheduling_class_0,426,2383200,3600,within_recorded_span_not_independently_verified
scheduling_class_0,711,2386800,3600,within_recorded_span_not_independently_verified
scheduling_class_0,565,2390400,3600,within_recorded_span_not_independently_verified
scheduling_class_0,477,2394000,3600,within_recorded_span_not_independently_verified
scheduling_class_0,368,2397600,3600,within_recorded_span_not_independently_verified
scheduling_class_0,446,2401200,3600,within_recorded_span_not_independently_verified
scheduling_class_0,422,2404800,3600,within_recorded_span_not_independently_verified
scheduling_class_0,962,2408400,3600,within_recorded_span_not_independently_verified
scheduling_class_0,599,2412000,3600,within_recorded_span_not_independently_verified
scheduling_class_0,612,2415600,3600,within_recorded_span_not_independently_verified
scheduling_class_0,496,2419200,3600,within_recorded_span_not_independently_verified
scheduling_class_0,506,2422800,3600,within_recorded_span_not_independently_verified
scheduling_class_0,479,2426400,3600,within_recorded_span_not_independently_verified
scheduling_class_0,838,2430000,3600,within_recorded_span_not_independently_verified
scheduling_class_0,632,2433600,3600,within_recorded_span_not_independently_verified
scheduling_class_0,537,2437200,3600,within_recorded_span_not_independently_verified
scheduling_class_0,615,2440800,3600,within_recorded_span_not_independently_verified
scheduling_class_0,625,2444400,3600,within_recorded_span_not_independently_verified
scheduling_class_0,504,2448000,3600,within_recorded_span_not_independently_verified
scheduling_class_0,805,2451600,3600,within_recorded_span_not_independently_verified
scheduling_class_0,454,2455200,3600,within_recorded_span_not_independently_verified
scheduling_class_0,549,2458800,3600,within_recorded_span_not_independently_verified
scheduling_class_0,468,2462400,3600,within_recorded_span_not_independently_verified
scheduling_class_0,345,2466000,3600,within_recorded_span_not_independently_verified
scheduling_class_0,457,2469600,3600,within_recorded_span_not_independently_verified
scheduling_class_0,355,2473200,3600,within_recorded_span_not_independently_verified
scheduling_class_0,377,2476800,3600,within_recorded_span_not_independently_verified
scheduling_class_0,345,2480400,3600,within_recorded_span_not_independently_verified
scheduling_class_0,426,2484000,3600,within_recorded_span_not_independently_verified
scheduling_class_0,833,2487600,3600,within_recorded_span_not_independently_verified
scheduling_class_0,350,2491200,3600,within_recorded_span_not_independently_verified
scheduling_class_0,491,2494800,3600,within_recorded_span_not_independently_verified
scheduling_class_0,728,2498400,3600,within_recorded_span_not_independently_verified
scheduling_class_0,635,2502000,3600,within_recorded_span_not_independently_verified
scheduling_class_0,492,2505600,3600,within_recorded_span_not_independently_verified
scheduling_class_0,495,2509200,3600,within_recorded_span_not_independently_verified
scheduling_class_0,455,2512800,3600,within_recorded_span_not_independently_verified
scheduling_class_0,724,2516400,3600,within_recorded_span_not_independently_verified
scheduling_class_0,628,2520000,3600,within_recorded_span_not_independently_verified
scheduling_class_0,478,2523600,3600,within_recorded_span_not_independently_verified
scheduling_class_0,458,2527200,3600,within_recorded_span_not_independently_verified
scheduling_class_0,500,2530800,3600,within_recorded_span_not_independently_verified
scheduling_class_0,566,2534400,3600,within_recorded_span_not_independently_verified
scheduling_class_0,872,2538000,3600,within_recorded_span_not_independently_verified
scheduling_class_0,595,2541600,3600,within_recorded_span_not_independently_verified
scheduling_class_0,416,2545200,3600,within_recorded_span_not_independently_verified
scheduling_class_0,383,2548800,3600,within_recorded_span_not_independently_verified
scheduling_class_0,246,2552400,3600,within_recorded_span_not_independently_verified
scheduling_class_0,350,2556000,3600,within_recorded_span_not_independently_verified
scheduling_class_0,650,2559600,3600,within_recorded_span_not_independently_verified
scheduling_class_0,666,2563200,3600,within_recorded_span_not_independently_verified
scheduling_class_0,512,2566800,3600,within_recorded_span_not_independently_verified
scheduling_class_0,294,2570400,3600,within_recorded_span_not_independently_verified
scheduling_class_0,537,2574000,3600,within_recorded_span_not_independently_verified
scheduling_class_0,476,2577600,3600,within_recorded_span_not_independently_verified
scheduling_class_0,693,2581200,3600,within_recorded_span_not_independently_verified
scheduling_class_0,634,2584800,3600,within_recorded_span_not_independently_verified
scheduling_class_0,572,2588400,3600,within_recorded_span_not_independently_verified
scheduling_class_0,524,2592000,3600,within_recorded_span_not_independently_verified
scheduling_class_0,401,2595600,3600,within_recorded_span_not_independently_verified
scheduling_class_0,457,2599200,3600,within_recorded_span_not_independently_verified
scheduling_class_0,1249,2602800,3600,within_recorded_span_not_independently_verified
scheduling_class_0,609,2606400,3600,within_recorded_span_not_independently_verified
scheduling_class_0,657,2610000,3600,within_recorded_span_not_independently_verified
scheduling_class_0,569,2613600,3600,within_recorded_span_not_independently_verified
scheduling_class_0,507,2617200,3600,within_recorded_span_not_independently_verified
scheduling_class_0,470,2620800,3600,within_recorded_span_not_independently_verified
scheduling_class_0,632,2624400,3600,within_recorded_span_not_independently_verified
scheduling_class_0,673,2628000,3600,within_recorded_span_not_independently_verified
scheduling_class_0,453,2631600,3600,within_recorded_span_not_independently_verified
scheduling_class_0,534,2635200,3600,within_recorded_span_not_independently_verified
scheduling_class_0,478,2638800,3600,within_recorded_span_not_independently_verified
scheduling_class_0,404,2642400,3600,within_recorded_span_not_independently_verified
scheduling_class_0,652,2646000,3600,within_recorded_span_not_independently_verified
scheduling_class_0,513,2649600,3600,within_recorded_span_not_independently_verified
scheduling_class_0,414,2653200,3600,within_recorded_span_not_independently_verified
scheduling_class_0,446,2656800,3600,within_recorded_span_not_independently_verified
scheduling_class_0,440,2660400,3600,within_recorded_span_not_independently_verified
scheduling_class_0,388,2664000,3600,within_recorded_span_not_independently_verified
scheduling_class_0,731,2667600,3600,within_recorded_span_not_independently_verified
scheduling_class_0,684,2671200,3600,within_recorded_span_not_independently_verified
scheduling_class_0,572,2674800,3600,within_recorded_span_not_independently_verified
scheduling_class_0,105,2678400,3600,partial_boundary
scheduling_class_1,5379,0,3600,partial_boundary
scheduling_class_1,6205,3600,3600,within_recorded_span_not_independently_verified
scheduling_class_1,6548,7200,3600,within_recorded_span_not_independently_verified
scheduling_class_1,6310,10800,3600,within_recorded_span_not_independently_verified
scheduling_class_1,6395,14400,3600,within_recorded_span_not_independently_verified
scheduling_class_1,6399,18000,3600,within_recorded_span_not_independently_verified
scheduling_class_1,5764,21600,3600,within_recorded_span_not_independently_verified
scheduling_class_1,6347,25200,3600,within_recorded_span_not_independently_verified
scheduling_class_1,6262,28800,3600,within_recorded_span_not_independently_verified
scheduling_class_1,6755,32400,3600,within_recorded_span_not_independently_verified
scheduling_class_1,7013,36000,3600,within_recorded_span_not_independently_verified
scheduling_class_1,3255,39600,3600,within_recorded_span_not_independently_verified
scheduling_class_1,3678,43200,3600,within_recorded_span_not_independently_verified
scheduling_class_1,4036,46800,3600,within_recorded_span_not_independently_verified
scheduling_class_1,3831,50400,3600,within_recorded_span_not_independently_verified
scheduling_class_1,2801,54000,3600,within_recorded_span_not_independently_verified
scheduling_class_1,2230,57600,3600,within_recorded_span_not_independently_verified
scheduling_class_1,2208,61200,3600,within_recorded_span_not_independently_verified
scheduling_class_1,2135,64800,3600,within_recorded_span_not_independently_verified
scheduling_class_1,1680,68400,3600,within_recorded_span_not_independently_verified
scheduling_class_1,451,72000,3600,within_recorded_span_not_independently_verified
scheduling_class_1,655,75600,3600,within_recorded_span_not_independently_verified
scheduling_class_1,1044,79200,3600,within_recorded_span_not_independently_verified
scheduling_class_1,1023,82800,3600,within_recorded_span_not_independently_verified
scheduling_class_1,637,86400,3600,within_recorded_span_not_independently_verified
scheduling_class_1,545,90000,3600,within_recorded_span_not_independently_verified
scheduling_class_1,545,93600,3600,within_recorded_span_not_independently_verified
scheduling_class_1,658,97200,3600,within_recorded_span_not_independently_verified
scheduling_class_1,1587,100800,3600,within_recorded_span_not_independently_verified
scheduling_class_1,2105,104400,3600,within_recorded_span_not_independently_verified
scheduling_class_1,1753,108000,3600,within_recorded_span_not_independently_verified
scheduling_class_1,1553,111600,3600,within_recorded_span_not_independently_verified
scheduling_class_1,1362,115200,3600,within_recorded_span_not_independently_verified
scheduling_class_1,1337,118800,3600,within_recorded_span_not_independently_verified
scheduling_class_1,1314,122400,3600,within_recorded_span_not_independently_verified
scheduling_class_1,1317,126000,3600,within_recorded_span_not_independently_verified
scheduling_class_1,1279,129600,3600,within_recorded_span_not_independently_verified
scheduling_class_1,1318,133200,3600,within_recorded_span_not_independently_verified
scheduling_class_1,1403,136800,3600,within_recorded_span_not_independently_verified
scheduling_class_1,1281,140400,3600,within_recorded_span_not_independently_verified
scheduling_class_1,1290,144000,3600,within_recorded_span_not_independently_verified
scheduling_class_1,1786,147600,3600,within_recorded_span_not_independently_verified
scheduling_class_1,1826,151200,3600,within_recorded_span_not_independently_verified
scheduling_class_1,1893,154800,3600,within_recorded_span_not_independently_verified
scheduling_class_1,2012,158400,3600,within_recorded_span_not_independently_verified
scheduling_class_1,2140,162000,3600,within_recorded_span_not_independently_verified
scheduling_class_1,2243,165600,3600,within_recorded_span_not_independently_verified
scheduling_class_1,2356,169200,3600,within_recorded_span_not_independently_verified
scheduling_class_1,2192,172800,3600,within_recorded_span_not_independently_verified
scheduling_class_1,2054,176400,3600,within_recorded_span_not_independently_verified
scheduling_class_1,1944,180000,3600,within_recorded_span_not_independently_verified
scheduling_class_1,2008,183600,3600,within_recorded_span_not_independently_verified
scheduling_class_1,2105,187200,3600,within_recorded_span_not_independently_verified
scheduling_class_1,1988,190800,3600,within_recorded_span_not_independently_verified
scheduling_class_1,2002,194400,3600,within_recorded_span_not_independently_verified
scheduling_class_1,2081,198000,3600,within_recorded_span_not_independently_verified
scheduling_class_1,2064,201600,3600,within_recorded_span_not_independently_verified
scheduling_class_1,1948,205200,3600,within_recorded_span_not_independently_verified
scheduling_class_1,2017,208800,3600,within_recorded_span_not_independently_verified
scheduling_class_1,1861,212400,3600,within_recorded_span_not_independently_verified
scheduling_class_1,1875,216000,3600,within_recorded_span_not_independently_verified
scheduling_class_1,2033,219600,3600,within_recorded_span_not_independently_verified
scheduling_class_1,2008,223200,3600,within_recorded_span_not_independently_verified
scheduling_class_1,1984,226800,3600,within_recorded_span_not_independently_verified
scheduling_class_1,1907,230400,3600,within_recorded_span_not_independently_verified
scheduling_class_1,1974,234000,3600,within_recorded_span_not_independently_verified
scheduling_class_1,2019,237600,3600,within_recorded_span_not_independently_verified
scheduling_class_1,2135,241200,3600,within_recorded_span_not_independently_verified
scheduling_class_1,2110,244800,3600,within_recorded_span_not_independently_verified
scheduling_class_1,2125,248400,3600,within_recorded_span_not_independently_verified
scheduling_class_1,2245,252000,3600,within_recorded_span_not_independently_verified
scheduling_class_1,2257,255600,3600,within_recorded_span_not_independently_verified
scheduling_class_1,2081,259200,3600,within_recorded_span_not_independently_verified
scheduling_class_1,2114,262800,3600,within_recorded_span_not_independently_verified
scheduling_class_1,2063,266400,3600,within_recorded_span_not_independently_verified
scheduling_class_1,2011,270000,3600,within_recorded_span_not_independently_verified
scheduling_class_1,2123,273600,3600,within_recorded_span_not_independently_verified
scheduling_class_1,2083,277200,3600,within_recorded_span_not_independently_verified
scheduling_class_1,2221,280800,3600,within_recorded_span_not_independently_verified
scheduling_class_1,2234,284400,3600,within_recorded_span_not_independently_verified
scheduling_class_1,2325,288000,3600,within_recorded_span_not_independently_verified
scheduling_class_1,2242,291600,3600,within_recorded_span_not_independently_verified
scheduling_class_1,2244,295200,3600,within_recorded_span_not_independently_verified
scheduling_class_1,2054,298800,3600,within_recorded_span_not_independently_verified
scheduling_class_1,2118,302400,3600,within_recorded_span_not_independently_verified
scheduling_class_1,2008,306000,3600,within_recorded_span_not_independently_verified
scheduling_class_1,2050,309600,3600,within_recorded_span_not_independently_verified
scheduling_class_1,2033,313200,3600,within_recorded_span_not_independently_verified
scheduling_class_1,1923,316800,3600,within_recorded_span_not_independently_verified
scheduling_class_1,1981,320400,3600,within_recorded_span_not_independently_verified
scheduling_class_1,2023,324000,3600,within_recorded_span_not_independently_verified
scheduling_class_1,2068,327600,3600,within_recorded_span_not_independently_verified
scheduling_class_1,2197,331200,3600,within_recorded_span_not_independently_verified
scheduling_class_1,2356,334800,3600,within_recorded_span_not_independently_verified
scheduling_class_1,2132,338400,3600,within_recorded_span_not_independently_verified
scheduling_class_1,2046,342000,3600,within_recorded_span_not_independently_verified
scheduling_class_1,2100,345600,3600,within_recorded_span_not_independently_verified
scheduling_class_1,1966,349200,3600,within_recorded_span_not_independently_verified
scheduling_class_1,1937,352800,3600,within_recorded_span_not_independently_verified
scheduling_class_1,1981,356400,3600,within_recorded_span_not_independently_verified
scheduling_class_1,2185,360000,3600,within_recorded_span_not_independently_verified
scheduling_class_1,2002,363600,3600,within_recorded_span_not_independently_verified
scheduling_class_1,2022,367200,3600,within_recorded_span_not_independently_verified
scheduling_class_1,2174,370800,3600,within_recorded_span_not_independently_verified
scheduling_class_1,2294,374400,3600,within_recorded_span_not_independently_verified
scheduling_class_1,2165,378000,3600,within_recorded_span_not_independently_verified
scheduling_class_1,2045,381600,3600,within_recorded_span_not_independently_verified
scheduling_class_1,1992,385200,3600,within_recorded_span_not_independently_verified
scheduling_class_1,2040,388800,3600,within_recorded_span_not_independently_verified
scheduling_class_1,1895,392400,3600,within_recorded_span_not_independently_verified
scheduling_class_1,2066,396000,3600,within_recorded_span_not_independently_verified
scheduling_class_1,2062,399600,3600,within_recorded_span_not_independently_verified
scheduling_class_1,1918,403200,3600,within_recorded_span_not_independently_verified
scheduling_class_1,1988,406800,3600,within_recorded_span_not_independently_verified
scheduling_class_1,1947,410400,3600,within_recorded_span_not_independently_verified
scheduling_class_1,2270,414000,3600,within_recorded_span_not_independently_verified
scheduling_class_1,2259,417600,3600,within_recorded_span_not_independently_verified
scheduling_class_1,2363,421200,3600,within_recorded_span_not_independently_verified
scheduling_class_1,2239,424800,3600,within_recorded_span_not_independently_verified
scheduling_class_1,2279,428400,3600,within_recorded_span_not_independently_verified
scheduling_class_1,2320,432000,3600,within_recorded_span_not_independently_verified
scheduling_class_1,2009,435600,3600,within_recorded_span_not_independently_verified
scheduling_class_1,1937,439200,3600,within_recorded_span_not_independently_verified
scheduling_class_1,2147,442800,3600,within_recorded_span_not_independently_verified
scheduling_class_1,2246,446400,3600,within_recorded_span_not_independently_verified
scheduling_class_1,2217,450000,3600,within_recorded_span_not_independently_verified
scheduling_class_1,2128,453600,3600,within_recorded_span_not_independently_verified
scheduling_class_1,2260,457200,3600,within_recorded_span_not_independently_verified
scheduling_class_1,2135,460800,3600,within_recorded_span_not_independently_verified
scheduling_class_1,2067,464400,3600,within_recorded_span_not_independently_verified
scheduling_class_1,2045,468000,3600,within_recorded_span_not_independently_verified
scheduling_class_1,2010,471600,3600,within_recorded_span_not_independently_verified
scheduling_class_1,2132,475200,3600,within_recorded_span_not_independently_verified
scheduling_class_1,2011,478800,3600,within_recorded_span_not_independently_verified
scheduling_class_1,2065,482400,3600,within_recorded_span_not_independently_verified
scheduling_class_1,2080,486000,3600,within_recorded_span_not_independently_verified
scheduling_class_1,2099,489600,3600,within_recorded_span_not_independently_verified
scheduling_class_1,1892,493200,3600,within_recorded_span_not_independently_verified
scheduling_class_1,2001,496800,3600,within_recorded_span_not_independently_verified
scheduling_class_1,2244,500400,3600,within_recorded_span_not_independently_verified
scheduling_class_1,2288,504000,3600,within_recorded_span_not_independently_verified
scheduling_class_1,2210,507600,3600,within_recorded_span_not_independently_verified
scheduling_class_1,2185,511200,3600,within_recorded_span_not_independently_verified
scheduling_class_1,2203,514800,3600,within_recorded_span_not_independently_verified
scheduling_class_1,2138,518400,3600,within_recorded_span_not_independently_verified
scheduling_class_1,1928,522000,3600,within_recorded_span_not_independently_verified
scheduling_class_1,1867,525600,3600,within_recorded_span_not_independently_verified
scheduling_class_1,1946,529200,3600,within_recorded_span_not_independently_verified
scheduling_class_1,1915,532800,3600,within_recorded_span_not_independently_verified
scheduling_class_1,1904,536400,3600,within_recorded_span_not_independently_verified
scheduling_class_1,1966,540000,3600,within_recorded_span_not_independently_verified
scheduling_class_1,1956,543600,3600,within_recorded_span_not_independently_verified
scheduling_class_1,1993,547200,3600,within_recorded_span_not_independently_verified
scheduling_class_1,2099,550800,3600,within_recorded_span_not_independently_verified
scheduling_class_1,2162,554400,3600,within_recorded_span_not_independently_verified
scheduling_class_1,2028,558000,3600,within_recorded_span_not_independently_verified
scheduling_class_1,2042,561600,3600,within_recorded_span_not_independently_verified
scheduling_class_1,1989,565200,3600,within_recorded_span_not_independently_verified
scheduling_class_1,2097,568800,3600,within_recorded_span_not_independently_verified
scheduling_class_1,2107,572400,3600,within_recorded_span_not_independently_verified
scheduling_class_1,2049,576000,3600,within_recorded_span_not_independently_verified
scheduling_class_1,2038,579600,3600,within_recorded_span_not_independently_verified
scheduling_class_1,1984,583200,3600,within_recorded_span_not_independently_verified
scheduling_class_1,1960,586800,3600,within_recorded_span_not_independently_verified
scheduling_class_1,2109,590400,3600,within_recorded_span_not_independently_verified
scheduling_class_1,2150,594000,3600,within_recorded_span_not_independently_verified
scheduling_class_1,2157,597600,3600,within_recorded_span_not_independently_verified
scheduling_class_1,2128,601200,3600,within_recorded_span_not_independently_verified
scheduling_class_1,1805,604800,3600,within_recorded_span_not_independently_verified
scheduling_class_1,1774,608400,3600,within_recorded_span_not_independently_verified
scheduling_class_1,1990,612000,3600,within_recorded_span_not_independently_verified
scheduling_class_1,1869,615600,3600,within_recorded_span_not_independently_verified
scheduling_class_1,1891,619200,3600,within_recorded_span_not_independently_verified
scheduling_class_1,1883,622800,3600,within_recorded_span_not_independently_verified
scheduling_class_1,1883,626400,3600,within_recorded_span_not_independently_verified
scheduling_class_1,1950,630000,3600,within_recorded_span_not_independently_verified
scheduling_class_1,2052,633600,3600,within_recorded_span_not_independently_verified
scheduling_class_1,1927,637200,3600,within_recorded_span_not_independently_verified
scheduling_class_1,1932,640800,3600,within_recorded_span_not_independently_verified
scheduling_class_1,1901,644400,3600,within_recorded_span_not_independently_verified
scheduling_class_1,1935,648000,3600,within_recorded_span_not_independently_verified
scheduling_class_1,2010,651600,3600,within_recorded_span_not_independently_verified
scheduling_class_1,1969,655200,3600,within_recorded_span_not_independently_verified
scheduling_class_1,1997,658800,3600,within_recorded_span_not_independently_verified
scheduling_class_1,1932,662400,3600,within_recorded_span_not_independently_verified
scheduling_class_1,1935,666000,3600,within_recorded_span_not_independently_verified
scheduling_class_1,1968,669600,3600,within_recorded_span_not_independently_verified
scheduling_class_1,1951,673200,3600,within_recorded_span_not_independently_verified
scheduling_class_1,1966,676800,3600,within_recorded_span_not_independently_verified
scheduling_class_1,2089,680400,3600,within_recorded_span_not_independently_verified
scheduling_class_1,2090,684000,3600,within_recorded_span_not_independently_verified
scheduling_class_1,2075,687600,3600,within_recorded_span_not_independently_verified
scheduling_class_1,2012,691200,3600,within_recorded_span_not_independently_verified
scheduling_class_1,1905,694800,3600,within_recorded_span_not_independently_verified
scheduling_class_1,1809,698400,3600,within_recorded_span_not_independently_verified
scheduling_class_1,1973,702000,3600,within_recorded_span_not_independently_verified
scheduling_class_1,1932,705600,3600,within_recorded_span_not_independently_verified
scheduling_class_1,1877,709200,3600,within_recorded_span_not_independently_verified
scheduling_class_1,1881,712800,3600,within_recorded_span_not_independently_verified
scheduling_class_1,1975,716400,3600,within_recorded_span_not_independently_verified
scheduling_class_1,1918,720000,3600,within_recorded_span_not_independently_verified
scheduling_class_1,1848,723600,3600,within_recorded_span_not_independently_verified
scheduling_class_1,2003,727200,3600,within_recorded_span_not_independently_verified
scheduling_class_1,1773,730800,3600,within_recorded_span_not_independently_verified
scheduling_class_1,1857,734400,3600,within_recorded_span_not_independently_verified
scheduling_class_1,1597,738000,3600,within_recorded_span_not_independently_verified
scheduling_class_1,1858,741600,3600,within_recorded_span_not_independently_verified
scheduling_class_1,1955,745200,3600,within_recorded_span_not_independently_verified
scheduling_class_1,2019,748800,3600,within_recorded_span_not_independently_verified
scheduling_class_1,1836,752400,3600,within_recorded_span_not_independently_verified
scheduling_class_1,1818,756000,3600,within_recorded_span_not_independently_verified
scheduling_class_1,1928,759600,3600,within_recorded_span_not_independently_verified
scheduling_class_1,2006,763200,3600,within_recorded_span_not_independently_verified
scheduling_class_1,2035,766800,3600,within_recorded_span_not_independently_verified
scheduling_class_1,2260,770400,3600,within_recorded_span_not_independently_verified
scheduling_class_1,1917,774000,3600,within_recorded_span_not_independently_verified
scheduling_class_1,1975,777600,3600,within_recorded_span_not_independently_verified
scheduling_class_1,1859,781200,3600,within_recorded_span_not_independently_verified
scheduling_class_1,1967,784800,3600,within_recorded_span_not_independently_verified
scheduling_class_1,1850,788400,3600,within_recorded_span_not_independently_verified
scheduling_class_1,1925,792000,3600,within_recorded_span_not_independently_verified
scheduling_class_1,1866,795600,3600,within_recorded_span_not_independently_verified
scheduling_class_1,1797,799200,3600,within_recorded_span_not_independently_verified
scheduling_class_1,1822,802800,3600,within_recorded_span_not_independently_verified
scheduling_class_1,1890,806400,3600,within_recorded_span_not_independently_verified
scheduling_class_1,1949,810000,3600,within_recorded_span_not_independently_verified
scheduling_class_1,2044,813600,3600,within_recorded_span_not_independently_verified
scheduling_class_1,2049,817200,3600,within_recorded_span_not_independently_verified
scheduling_class_1,1835,820800,3600,within_recorded_span_not_independently_verified
scheduling_class_1,1892,824400,3600,within_recorded_span_not_independently_verified
scheduling_class_1,1847,828000,3600,within_recorded_span_not_independently_verified
scheduling_class_1,1826,831600,3600,within_recorded_span_not_independently_verified
scheduling_class_1,1778,835200,3600,within_recorded_span_not_independently_verified
scheduling_class_1,1809,838800,3600,within_recorded_span_not_independently_verified
scheduling_class_1,1775,842400,3600,within_recorded_span_not_independently_verified
scheduling_class_1,1769,846000,3600,within_recorded_span_not_independently_verified
scheduling_class_1,1891,849600,3600,within_recorded_span_not_independently_verified
scheduling_class_1,2167,853200,3600,within_recorded_span_not_independently_verified
scheduling_class_1,2307,856800,3600,within_recorded_span_not_independently_verified
scheduling_class_1,2282,860400,3600,within_recorded_span_not_independently_verified
scheduling_class_1,2296,864000,3600,within_recorded_span_not_independently_verified
scheduling_class_1,2218,867600,3600,within_recorded_span_not_independently_verified
scheduling_class_1,2168,871200,3600,within_recorded_span_not_independently_verified
scheduling_class_1,2131,874800,3600,within_recorded_span_not_independently_verified
scheduling_class_1,2246,878400,3600,within_recorded_span_not_independently_verified
scheduling_class_1,2107,882000,3600,within_recorded_span_not_independently_verified
scheduling_class_1,2170,885600,3600,within_recorded_span_not_independently_verified
scheduling_class_1,2329,889200,3600,within_recorded_span_not_independently_verified
scheduling_class_1,2242,892800,3600,within_recorded_span_not_independently_verified
scheduling_class_1,2049,896400,3600,within_recorded_span_not_independently_verified
scheduling_class_1,2087,900000,3600,within_recorded_span_not_independently_verified
scheduling_class_1,1886,903600,3600,within_recorded_span_not_independently_verified
scheduling_class_1,1978,907200,3600,within_recorded_span_not_independently_verified
scheduling_class_1,2043,910800,3600,within_recorded_span_not_independently_verified
scheduling_class_1,2073,914400,3600,within_recorded_span_not_independently_verified
scheduling_class_1,2138,918000,3600,within_recorded_span_not_independently_verified
scheduling_class_1,2100,921600,3600,within_recorded_span_not_independently_verified
scheduling_class_1,2192,925200,3600,within_recorded_span_not_independently_verified
scheduling_class_1,2293,928800,3600,within_recorded_span_not_independently_verified
scheduling_class_1,2249,932400,3600,within_recorded_span_not_independently_verified
scheduling_class_1,2347,936000,3600,within_recorded_span_not_independently_verified
scheduling_class_1,2400,939600,3600,within_recorded_span_not_independently_verified
scheduling_class_1,2487,943200,3600,within_recorded_span_not_independently_verified
scheduling_class_1,2475,946800,3600,within_recorded_span_not_independently_verified
scheduling_class_1,2388,950400,3600,within_recorded_span_not_independently_verified
scheduling_class_1,2251,954000,3600,within_recorded_span_not_independently_verified
scheduling_class_1,2220,957600,3600,within_recorded_span_not_independently_verified
scheduling_class_1,2349,961200,3600,within_recorded_span_not_independently_verified
scheduling_class_1,2451,964800,3600,within_recorded_span_not_independently_verified
scheduling_class_1,2141,968400,3600,within_recorded_span_not_independently_verified
scheduling_class_1,2101,972000,3600,within_recorded_span_not_independently_verified
scheduling_class_1,2297,975600,3600,within_recorded_span_not_independently_verified
scheduling_class_1,2277,979200,3600,within_recorded_span_not_independently_verified
scheduling_class_1,2037,982800,3600,within_recorded_span_not_independently_verified
scheduling_class_1,2073,986400,3600,within_recorded_span_not_independently_verified
scheduling_class_1,2033,990000,3600,within_recorded_span_not_independently_verified
scheduling_class_1,2011,993600,3600,within_recorded_span_not_independently_verified
scheduling_class_1,2125,997200,3600,within_recorded_span_not_independently_verified
scheduling_class_1,2031,1000800,3600,within_recorded_span_not_independently_verified
scheduling_class_1,2080,1004400,3600,within_recorded_span_not_independently_verified
scheduling_class_1,2045,1008000,3600,within_recorded_span_not_independently_verified
scheduling_class_1,2215,1011600,3600,within_recorded_span_not_independently_verified
scheduling_class_1,2190,1015200,3600,within_recorded_span_not_independently_verified
scheduling_class_1,2215,1018800,3600,within_recorded_span_not_independently_verified
scheduling_class_1,2317,1022400,3600,within_recorded_span_not_independently_verified
scheduling_class_1,2289,1026000,3600,within_recorded_span_not_independently_verified
scheduling_class_1,2424,1029600,3600,within_recorded_span_not_independently_verified
scheduling_class_1,2403,1033200,3600,within_recorded_span_not_independently_verified
scheduling_class_1,2347,1036800,3600,within_recorded_span_not_independently_verified
scheduling_class_1,2191,1040400,3600,within_recorded_span_not_independently_verified
scheduling_class_1,2191,1044000,3600,within_recorded_span_not_independently_verified
scheduling_class_1,2175,1047600,3600,within_recorded_span_not_independently_verified
scheduling_class_1,2211,1051200,3600,within_recorded_span_not_independently_verified
scheduling_class_1,2085,1054800,3600,within_recorded_span_not_independently_verified
scheduling_class_1,2206,1058400,3600,within_recorded_span_not_independently_verified
scheduling_class_1,2163,1062000,3600,within_recorded_span_not_independently_verified
scheduling_class_1,2202,1065600,3600,within_recorded_span_not_independently_verified
scheduling_class_1,1823,1069200,3600,within_recorded_span_not_independently_verified
scheduling_class_1,2030,1072800,3600,within_recorded_span_not_independently_verified
scheduling_class_1,1985,1076400,3600,within_recorded_span_not_independently_verified
scheduling_class_1,1935,1080000,3600,within_recorded_span_not_independently_verified
scheduling_class_1,1971,1083600,3600,within_recorded_span_not_independently_verified
scheduling_class_1,2089,1087200,3600,within_recorded_span_not_independently_verified
scheduling_class_1,2098,1090800,3600,within_recorded_span_not_independently_verified
scheduling_class_1,1960,1094400,3600,within_recorded_span_not_independently_verified
scheduling_class_1,1912,1098000,3600,within_recorded_span_not_independently_verified
scheduling_class_1,1929,1101600,3600,within_recorded_span_not_independently_verified
scheduling_class_1,1927,1105200,3600,within_recorded_span_not_independently_verified
scheduling_class_1,2021,1108800,3600,within_recorded_span_not_independently_verified
scheduling_class_1,2157,1112400,3600,within_recorded_span_not_independently_verified
scheduling_class_1,2308,1116000,3600,within_recorded_span_not_independently_verified
scheduling_class_1,2556,1119600,3600,within_recorded_span_not_independently_verified
scheduling_class_1,2147,1123200,3600,within_recorded_span_not_independently_verified
scheduling_class_1,1804,1126800,3600,within_recorded_span_not_independently_verified
scheduling_class_1,1919,1130400,3600,within_recorded_span_not_independently_verified
scheduling_class_1,1933,1134000,3600,within_recorded_span_not_independently_verified
scheduling_class_1,2130,1137600,3600,within_recorded_span_not_independently_verified
scheduling_class_1,2076,1141200,3600,within_recorded_span_not_independently_verified
scheduling_class_1,2043,1144800,3600,within_recorded_span_not_independently_verified
scheduling_class_1,2011,1148400,3600,within_recorded_span_not_independently_verified
scheduling_class_1,2042,1152000,3600,within_recorded_span_not_independently_verified
scheduling_class_1,1985,1155600,3600,within_recorded_span_not_independently_verified
scheduling_class_1,2054,1159200,3600,within_recorded_span_not_independently_verified
scheduling_class_1,1893,1162800,3600,within_recorded_span_not_independently_verified
scheduling_class_1,1900,1166400,3600,within_recorded_span_not_independently_verified
scheduling_class_1,1909,1170000,3600,within_recorded_span_not_independently_verified
scheduling_class_1,1933,1173600,3600,within_recorded_span_not_independently_verified
scheduling_class_1,1905,1177200,3600,within_recorded_span_not_independently_verified
scheduling_class_1,1966,1180800,3600,within_recorded_span_not_independently_verified
scheduling_class_1,1877,1184400,3600,within_recorded_span_not_independently_verified
scheduling_class_1,1867,1188000,3600,within_recorded_span_not_independently_verified
scheduling_class_1,1883,1191600,3600,within_recorded_span_not_independently_verified
scheduling_class_1,1820,1195200,3600,within_recorded_span_not_independently_verified
scheduling_class_1,2080,1198800,3600,within_recorded_span_not_independently_verified
scheduling_class_1,2054,1202400,3600,within_recorded_span_not_independently_verified
scheduling_class_1,2193,1206000,3600,within_recorded_span_not_independently_verified
scheduling_class_1,2093,1209600,3600,within_recorded_span_not_independently_verified
scheduling_class_1,1998,1213200,3600,within_recorded_span_not_independently_verified
scheduling_class_1,2049,1216800,3600,within_recorded_span_not_independently_verified
scheduling_class_1,1945,1220400,3600,within_recorded_span_not_independently_verified
scheduling_class_1,1955,1224000,3600,within_recorded_span_not_independently_verified
scheduling_class_1,2082,1227600,3600,within_recorded_span_not_independently_verified
scheduling_class_1,1982,1231200,3600,within_recorded_span_not_independently_verified
scheduling_class_1,2020,1234800,3600,within_recorded_span_not_independently_verified
scheduling_class_1,1973,1238400,3600,within_recorded_span_not_independently_verified
scheduling_class_1,2006,1242000,3600,within_recorded_span_not_independently_verified
scheduling_class_1,2017,1245600,3600,within_recorded_span_not_independently_verified
scheduling_class_1,1800,1249200,3600,within_recorded_span_not_independently_verified
scheduling_class_1,1862,1252800,3600,within_recorded_span_not_independently_verified
scheduling_class_1,1853,1256400,3600,within_recorded_span_not_independently_verified
scheduling_class_1,1863,1260000,3600,within_recorded_span_not_independently_verified
scheduling_class_1,1949,1263600,3600,within_recorded_span_not_independently_verified
scheduling_class_1,2266,1267200,3600,within_recorded_span_not_independently_verified
scheduling_class_1,2112,1270800,3600,within_recorded_span_not_independently_verified
scheduling_class_1,2182,1274400,3600,within_recorded_span_not_independently_verified
scheduling_class_1,2260,1278000,3600,within_recorded_span_not_independently_verified
scheduling_class_1,2345,1281600,3600,within_recorded_span_not_independently_verified
scheduling_class_1,2403,1285200,3600,within_recorded_span_not_independently_verified
scheduling_class_1,2401,1288800,3600,within_recorded_span_not_independently_verified
scheduling_class_1,2577,1292400,3600,within_recorded_span_not_independently_verified
scheduling_class_1,2283,1296000,3600,within_recorded_span_not_independently_verified
scheduling_class_1,2276,1299600,3600,within_recorded_span_not_independently_verified
scheduling_class_1,2361,1303200,3600,within_recorded_span_not_independently_verified
scheduling_class_1,2064,1306800,3600,within_recorded_span_not_independently_verified
scheduling_class_1,2292,1310400,3600,within_recorded_span_not_independently_verified
scheduling_class_1,2215,1314000,3600,within_recorded_span_not_independently_verified
scheduling_class_1,2117,1317600,3600,within_recorded_span_not_independently_verified
scheduling_class_1,2199,1321200,3600,within_recorded_span_not_independently_verified
scheduling_class_1,2198,1324800,3600,within_recorded_span_not_independently_verified
scheduling_class_1,2356,1328400,3600,within_recorded_span_not_independently_verified
scheduling_class_1,2225,1332000,3600,within_recorded_span_not_independently_verified
scheduling_class_1,2019,1335600,3600,within_recorded_span_not_independently_verified
scheduling_class_1,2179,1339200,3600,within_recorded_span_not_independently_verified
scheduling_class_1,2220,1342800,3600,within_recorded_span_not_independently_verified
scheduling_class_1,2210,1346400,3600,within_recorded_span_not_independently_verified
scheduling_class_1,2183,1350000,3600,within_recorded_span_not_independently_verified
scheduling_class_1,2216,1353600,3600,within_recorded_span_not_independently_verified
scheduling_class_1,2157,1357200,3600,within_recorded_span_not_independently_verified
scheduling_class_1,2244,1360800,3600,within_recorded_span_not_independently_verified
scheduling_class_1,2250,1364400,3600,within_recorded_span_not_independently_verified
scheduling_class_1,2395,1368000,3600,within_recorded_span_not_independently_verified
scheduling_class_1,2470,1371600,3600,within_recorded_span_not_independently_verified
scheduling_class_1,2471,1375200,3600,within_recorded_span_not_independently_verified
scheduling_class_1,2330,1378800,3600,within_recorded_span_not_independently_verified
scheduling_class_1,2454,1382400,3600,within_recorded_span_not_independently_verified
scheduling_class_1,2329,1386000,3600,within_recorded_span_not_independently_verified
scheduling_class_1,2265,1389600,3600,within_recorded_span_not_independently_verified
scheduling_class_1,2175,1393200,3600,within_recorded_span_not_independently_verified
scheduling_class_1,2374,1396800,3600,within_recorded_span_not_independently_verified
scheduling_class_1,2164,1400400,3600,within_recorded_span_not_independently_verified
scheduling_class_1,2131,1404000,3600,within_recorded_span_not_independently_verified
scheduling_class_1,2187,1407600,3600,within_recorded_span_not_independently_verified
scheduling_class_1,2324,1411200,3600,within_recorded_span_not_independently_verified
scheduling_class_1,2105,1414800,3600,within_recorded_span_not_independently_verified
scheduling_class_1,2120,1418400,3600,within_recorded_span_not_independently_verified
scheduling_class_1,2032,1422000,3600,within_recorded_span_not_independently_verified
scheduling_class_1,2060,1425600,3600,within_recorded_span_not_independently_verified
scheduling_class_1,2281,1429200,3600,within_recorded_span_not_independently_verified
scheduling_class_1,2075,1432800,3600,within_recorded_span_not_independently_verified
scheduling_class_1,2008,1436400,3600,within_recorded_span_not_independently_verified
scheduling_class_1,2143,1440000,3600,within_recorded_span_not_independently_verified
scheduling_class_1,2122,1443600,3600,within_recorded_span_not_independently_verified
scheduling_class_1,2156,1447200,3600,within_recorded_span_not_independently_verified
scheduling_class_1,2315,1450800,3600,within_recorded_span_not_independently_verified
scheduling_class_1,2295,1454400,3600,within_recorded_span_not_independently_verified
scheduling_class_1,2347,1458000,3600,within_recorded_span_not_independently_verified
scheduling_class_1,2459,1461600,3600,within_recorded_span_not_independently_verified
scheduling_class_1,2498,1465200,3600,within_recorded_span_not_independently_verified
scheduling_class_1,2480,1468800,3600,within_recorded_span_not_independently_verified
scheduling_class_1,2331,1472400,3600,within_recorded_span_not_independently_verified
scheduling_class_1,2392,1476000,3600,within_recorded_span_not_independently_verified
scheduling_class_1,2043,1479600,3600,within_recorded_span_not_independently_verified
scheduling_class_1,2150,1483200,3600,within_recorded_span_not_independently_verified
scheduling_class_1,2259,1486800,3600,within_recorded_span_not_independently_verified
scheduling_class_1,2180,1490400,3600,within_recorded_span_not_independently_verified
scheduling_class_1,2256,1494000,3600,within_recorded_span_not_independently_verified
scheduling_class_1,2400,1497600,3600,within_recorded_span_not_independently_verified
scheduling_class_1,2341,1501200,3600,within_recorded_span_not_independently_verified
scheduling_class_1,2323,1504800,3600,within_recorded_span_not_independently_verified
scheduling_class_1,2267,1508400,3600,within_recorded_span_not_independently_verified
scheduling_class_1,2208,1512000,3600,within_recorded_span_not_independently_verified
scheduling_class_1,2210,1515600,3600,within_recorded_span_not_independently_verified
scheduling_class_1,2284,1519200,3600,within_recorded_span_not_independently_verified
scheduling_class_1,2327,1522800,3600,within_recorded_span_not_independently_verified
scheduling_class_1,2285,1526400,3600,within_recorded_span_not_independently_verified
scheduling_class_1,2310,1530000,3600,within_recorded_span_not_independently_verified
scheduling_class_1,2339,1533600,3600,within_recorded_span_not_independently_verified
scheduling_class_1,2335,1537200,3600,within_recorded_span_not_independently_verified
scheduling_class_1,2603,1540800,3600,within_recorded_span_not_independently_verified
scheduling_class_1,2603,1544400,3600,within_recorded_span_not_independently_verified
scheduling_class_1,2604,1548000,3600,within_recorded_span_not_independently_verified
scheduling_class_1,2613,1551600,3600,within_recorded_span_not_independently_verified
scheduling_class_1,2487,1555200,3600,within_recorded_span_not_independently_verified
scheduling_class_1,2400,1558800,3600,within_recorded_span_not_independently_verified
scheduling_class_1,2432,1562400,3600,within_recorded_span_not_independently_verified
scheduling_class_1,2562,1566000,3600,within_recorded_span_not_independently_verified
scheduling_class_1,2585,1569600,3600,within_recorded_span_not_independently_verified
scheduling_class_1,2333,1573200,3600,within_recorded_span_not_independently_verified
scheduling_class_1,2418,1576800,3600,within_recorded_span_not_independently_verified
scheduling_class_1,2469,1580400,3600,within_recorded_span_not_independently_verified
scheduling_class_1,2352,1584000,3600,within_recorded_span_not_independently_verified
scheduling_class_1,2283,1587600,3600,within_recorded_span_not_independently_verified
scheduling_class_1,2303,1591200,3600,within_recorded_span_not_independently_verified
scheduling_class_1,2340,1594800,3600,within_recorded_span_not_independently_verified
scheduling_class_1,2254,1598400,3600,within_recorded_span_not_independently_verified
scheduling_class_1,2093,1602000,3600,within_recorded_span_not_independently_verified
scheduling_class_1,2318,1605600,3600,within_recorded_span_not_independently_verified
scheduling_class_1,2249,1609200,3600,within_recorded_span_not_independently_verified
scheduling_class_1,2328,1612800,3600,within_recorded_span_not_independently_verified
scheduling_class_1,2393,1616400,3600,within_recorded_span_not_independently_verified
scheduling_class_1,2483,1620000,3600,within_recorded_span_not_independently_verified
scheduling_class_1,2446,1623600,3600,within_recorded_span_not_independently_verified
scheduling_class_1,2619,1627200,3600,within_recorded_span_not_independently_verified
scheduling_class_1,2604,1630800,3600,within_recorded_span_not_independently_verified
scheduling_class_1,2578,1634400,3600,within_recorded_span_not_independently_verified
scheduling_class_1,2577,1638000,3600,within_recorded_span_not_independently_verified
scheduling_class_1,2415,1641600,3600,within_recorded_span_not_independently_verified
scheduling_class_1,2267,1645200,3600,within_recorded_span_not_independently_verified
scheduling_class_1,2367,1648800,3600,within_recorded_span_not_independently_verified
scheduling_class_1,2074,1652400,3600,within_recorded_span_not_independently_verified
scheduling_class_1,2212,1656000,3600,within_recorded_span_not_independently_verified
scheduling_class_1,2366,1659600,3600,within_recorded_span_not_independently_verified
scheduling_class_1,2107,1663200,3600,within_recorded_span_not_independently_verified
scheduling_class_1,2258,1666800,3600,within_recorded_span_not_independently_verified
scheduling_class_1,2265,1670400,3600,within_recorded_span_not_independently_verified
scheduling_class_1,2098,1674000,3600,within_recorded_span_not_independently_verified
scheduling_class_1,2113,1677600,3600,within_recorded_span_not_independently_verified
scheduling_class_1,2039,1681200,3600,within_recorded_span_not_independently_verified
scheduling_class_1,1894,1684800,3600,within_recorded_span_not_independently_verified
scheduling_class_1,2155,1688400,3600,within_recorded_span_not_independently_verified
scheduling_class_1,2106,1692000,3600,within_recorded_span_not_independently_verified
scheduling_class_1,5041,1695600,3600,within_recorded_span_not_independently_verified
scheduling_class_1,6377,1699200,3600,within_recorded_span_not_independently_verified
scheduling_class_1,7095,1702800,3600,within_recorded_span_not_independently_verified
scheduling_class_1,6398,1706400,3600,within_recorded_span_not_independently_verified
scheduling_class_1,6946,1710000,3600,within_recorded_span_not_independently_verified
scheduling_class_1,7118,1713600,3600,within_recorded_span_not_independently_verified
scheduling_class_1,6760,1717200,3600,within_recorded_span_not_independently_verified
scheduling_class_1,7001,1720800,3600,within_recorded_span_not_independently_verified
scheduling_class_1,6988,1724400,3600,within_recorded_span_not_independently_verified
scheduling_class_1,7171,1728000,3600,within_recorded_span_not_independently_verified
scheduling_class_1,6365,1731600,3600,within_recorded_span_not_independently_verified
scheduling_class_1,6309,1735200,3600,within_recorded_span_not_independently_verified
scheduling_class_1,5297,1738800,3600,within_recorded_span_not_independently_verified
scheduling_class_1,4752,1742400,3600,within_recorded_span_not_independently_verified
scheduling_class_1,5949,1746000,3600,within_recorded_span_not_independently_verified
scheduling_class_1,5122,1749600,3600,within_recorded_span_not_independently_verified
scheduling_class_1,6212,1753200,3600,within_recorded_span_not_independently_verified
scheduling_class_1,7241,1756800,3600,within_recorded_span_not_independently_verified
scheduling_class_1,7427,1760400,3600,within_recorded_span_not_independently_verified
scheduling_class_1,7237,1764000,3600,within_recorded_span_not_independently_verified
scheduling_class_1,6972,1767600,3600,within_recorded_span_not_independently_verified
scheduling_class_1,6706,1771200,3600,within_recorded_span_not_independently_verified
scheduling_class_1,7202,1774800,3600,within_recorded_span_not_independently_verified
scheduling_class_1,7371,1778400,3600,within_recorded_span_not_independently_verified
scheduling_class_1,6670,1782000,3600,within_recorded_span_not_independently_verified
scheduling_class_1,7300,1785600,3600,within_recorded_span_not_independently_verified
scheduling_class_1,7393,1789200,3600,within_recorded_span_not_independently_verified
scheduling_class_1,7238,1792800,3600,within_recorded_span_not_independently_verified
scheduling_class_1,7321,1796400,3600,within_recorded_span_not_independently_verified
scheduling_class_1,7945,1800000,3600,within_recorded_span_not_independently_verified
scheduling_class_1,7886,1803600,3600,within_recorded_span_not_independently_verified
scheduling_class_1,7843,1807200,3600,within_recorded_span_not_independently_verified
scheduling_class_1,8156,1810800,3600,within_recorded_span_not_independently_verified
scheduling_class_1,7586,1814400,3600,within_recorded_span_not_independently_verified
scheduling_class_1,7155,1818000,3600,within_recorded_span_not_independently_verified
scheduling_class_1,7133,1821600,3600,within_recorded_span_not_independently_verified
scheduling_class_1,6014,1825200,3600,within_recorded_span_not_independently_verified
scheduling_class_1,5372,1828800,3600,within_recorded_span_not_independently_verified
scheduling_class_1,6711,1832400,3600,within_recorded_span_not_independently_verified
scheduling_class_1,6727,1836000,3600,within_recorded_span_not_independently_verified
scheduling_class_1,7362,1839600,3600,within_recorded_span_not_independently_verified
scheduling_class_1,7815,1843200,3600,within_recorded_span_not_independently_verified
scheduling_class_1,7127,1846800,3600,within_recorded_span_not_independently_verified
scheduling_class_1,6833,1850400,3600,within_recorded_span_not_independently_verified
scheduling_class_1,6815,1854000,3600,within_recorded_span_not_independently_verified
scheduling_class_1,7132,1857600,3600,within_recorded_span_not_independently_verified
scheduling_class_1,7920,1861200,3600,within_recorded_span_not_independently_verified
scheduling_class_1,7957,1864800,3600,within_recorded_span_not_independently_verified
scheduling_class_1,9451,1868400,3600,within_recorded_span_not_independently_verified
scheduling_class_1,10076,1872000,3600,within_recorded_span_not_independently_verified
scheduling_class_1,10240,1875600,3600,within_recorded_span_not_independently_verified
scheduling_class_1,10325,1879200,3600,within_recorded_span_not_independently_verified
scheduling_class_1,9929,1882800,3600,within_recorded_span_not_independently_verified
scheduling_class_1,10232,1886400,3600,within_recorded_span_not_independently_verified
scheduling_class_1,11566,1890000,3600,within_recorded_span_not_independently_verified
scheduling_class_1,11554,1893600,3600,within_recorded_span_not_independently_verified
scheduling_class_1,11435,1897200,3600,within_recorded_span_not_independently_verified
scheduling_class_1,11242,1900800,3600,within_recorded_span_not_independently_verified
scheduling_class_1,10305,1904400,3600,within_recorded_span_not_independently_verified
scheduling_class_1,10425,1908000,3600,within_recorded_span_not_independently_verified
scheduling_class_1,7405,1911600,3600,within_recorded_span_not_independently_verified
scheduling_class_1,7928,1915200,3600,within_recorded_span_not_independently_verified
scheduling_class_1,9233,1918800,3600,within_recorded_span_not_independently_verified
scheduling_class_1,7364,1922400,3600,within_recorded_span_not_independently_verified
scheduling_class_1,8359,1926000,3600,within_recorded_span_not_independently_verified
scheduling_class_1,8632,1929600,3600,within_recorded_span_not_independently_verified
scheduling_class_1,8723,1933200,3600,within_recorded_span_not_independently_verified
scheduling_class_1,9394,1936800,3600,within_recorded_span_not_independently_verified
scheduling_class_1,8588,1940400,3600,within_recorded_span_not_independently_verified
scheduling_class_1,9301,1944000,3600,within_recorded_span_not_independently_verified
scheduling_class_1,9272,1947600,3600,within_recorded_span_not_independently_verified
scheduling_class_1,9540,1951200,3600,within_recorded_span_not_independently_verified
scheduling_class_1,9884,1954800,3600,within_recorded_span_not_independently_verified
scheduling_class_1,8658,1958400,3600,within_recorded_span_not_independently_verified
scheduling_class_1,7998,1962000,3600,within_recorded_span_not_independently_verified
scheduling_class_1,8263,1965600,3600,within_recorded_span_not_independently_verified
scheduling_class_1,5200,1969200,3600,within_recorded_span_not_independently_verified
scheduling_class_1,6112,1972800,3600,within_recorded_span_not_independently_verified
scheduling_class_1,6267,1976400,3600,within_recorded_span_not_independently_verified
scheduling_class_1,6030,1980000,3600,within_recorded_span_not_independently_verified
scheduling_class_1,5699,1983600,3600,within_recorded_span_not_independently_verified
scheduling_class_1,5736,1987200,3600,within_recorded_span_not_independently_verified
scheduling_class_1,5363,1990800,3600,within_recorded_span_not_independently_verified
scheduling_class_1,5615,1994400,3600,within_recorded_span_not_independently_verified
scheduling_class_1,4896,1998000,3600,within_recorded_span_not_independently_verified
scheduling_class_1,4679,2001600,3600,within_recorded_span_not_independently_verified
scheduling_class_1,5150,2005200,3600,within_recorded_span_not_independently_verified
scheduling_class_1,4453,2008800,3600,within_recorded_span_not_independently_verified
scheduling_class_1,3944,2012400,3600,within_recorded_span_not_independently_verified
scheduling_class_1,3755,2016000,3600,within_recorded_span_not_independently_verified
scheduling_class_1,3474,2019600,3600,within_recorded_span_not_independently_verified
scheduling_class_1,3211,2023200,3600,within_recorded_span_not_independently_verified
scheduling_class_1,1824,2026800,3600,within_recorded_span_not_independently_verified
scheduling_class_1,2373,2030400,3600,within_recorded_span_not_independently_verified
scheduling_class_1,2060,2034000,3600,within_recorded_span_not_independently_verified
scheduling_class_1,7567,2037600,3600,within_recorded_span_not_independently_verified
scheduling_class_1,11562,2041200,3600,within_recorded_span_not_independently_verified
scheduling_class_1,10729,2044800,3600,within_recorded_span_not_independently_verified
scheduling_class_1,9931,2048400,3600,within_recorded_span_not_independently_verified
scheduling_class_1,9598,2052000,3600,within_recorded_span_not_independently_verified
scheduling_class_1,9001,2055600,3600,within_recorded_span_not_independently_verified
scheduling_class_1,9052,2059200,3600,within_recorded_span_not_independently_verified
scheduling_class_1,9543,2062800,3600,within_recorded_span_not_independently_verified
scheduling_class_1,9220,2066400,3600,within_recorded_span_not_independently_verified
scheduling_class_1,9923,2070000,3600,within_recorded_span_not_independently_verified
scheduling_class_1,9393,2073600,3600,within_recorded_span_not_independently_verified
scheduling_class_1,9156,2077200,3600,within_recorded_span_not_independently_verified
scheduling_class_1,10207,2080800,3600,within_recorded_span_not_independently_verified
scheduling_class_1,9447,2084400,3600,within_recorded_span_not_independently_verified
scheduling_class_1,9728,2088000,3600,within_recorded_span_not_independently_verified
scheduling_class_1,9157,2091600,3600,within_recorded_span_not_independently_verified
scheduling_class_1,9344,2095200,3600,within_recorded_span_not_independently_verified
scheduling_class_1,9259,2098800,3600,within_recorded_span_not_independently_verified
scheduling_class_1,9490,2102400,3600,within_recorded_span_not_independently_verified
scheduling_class_1,8969,2106000,3600,within_recorded_span_not_independently_verified
scheduling_class_1,8976,2109600,3600,within_recorded_span_not_independently_verified
scheduling_class_1,9247,2113200,3600,within_recorded_span_not_independently_verified
scheduling_class_1,9366,2116800,3600,within_recorded_span_not_independently_verified
scheduling_class_1,9363,2120400,3600,within_recorded_span_not_independently_verified
scheduling_class_1,9306,2124000,3600,within_recorded_span_not_independently_verified
scheduling_class_1,9984,2127600,3600,within_recorded_span_not_independently_verified
scheduling_class_1,9961,2131200,3600,within_recorded_span_not_independently_verified
scheduling_class_1,9445,2134800,3600,within_recorded_span_not_independently_verified
scheduling_class_1,9571,2138400,3600,within_recorded_span_not_independently_verified
scheduling_class_1,9282,2142000,3600,within_recorded_span_not_independently_verified
scheduling_class_1,9668,2145600,3600,within_recorded_span_not_independently_verified
scheduling_class_1,9917,2149200,3600,within_recorded_span_not_independently_verified
scheduling_class_1,9617,2152800,3600,within_recorded_span_not_independently_verified
scheduling_class_1,9470,2156400,3600,within_recorded_span_not_independently_verified
scheduling_class_1,9911,2160000,3600,within_recorded_span_not_independently_verified
scheduling_class_1,9647,2163600,3600,within_recorded_span_not_independently_verified
scheduling_class_1,10124,2167200,3600,within_recorded_span_not_independently_verified
scheduling_class_1,9453,2170800,3600,within_recorded_span_not_independently_verified
scheduling_class_1,9945,2174400,3600,within_recorded_span_not_independently_verified
scheduling_class_1,9034,2178000,3600,within_recorded_span_not_independently_verified
scheduling_class_1,8936,2181600,3600,within_recorded_span_not_independently_verified
scheduling_class_1,8765,2185200,3600,within_recorded_span_not_independently_verified
scheduling_class_1,8499,2188800,3600,within_recorded_span_not_independently_verified
scheduling_class_1,8263,2192400,3600,within_recorded_span_not_independently_verified
scheduling_class_1,8373,2196000,3600,within_recorded_span_not_independently_verified
scheduling_class_1,8584,2199600,3600,within_recorded_span_not_independently_verified
scheduling_class_1,8440,2203200,3600,within_recorded_span_not_independently_verified
scheduling_class_1,8916,2206800,3600,within_recorded_span_not_independently_verified
scheduling_class_1,8864,2210400,3600,within_recorded_span_not_independently_verified
scheduling_class_1,9170,2214000,3600,within_recorded_span_not_independently_verified
scheduling_class_1,8944,2217600,3600,within_recorded_span_not_independently_verified
scheduling_class_1,8970,2221200,3600,within_recorded_span_not_independently_verified
scheduling_class_1,8280,2224800,3600,within_recorded_span_not_independently_verified
scheduling_class_1,8421,2228400,3600,within_recorded_span_not_independently_verified
scheduling_class_1,8677,2232000,3600,within_recorded_span_not_independently_verified
scheduling_class_1,8948,2235600,3600,within_recorded_span_not_independently_verified
scheduling_class_1,8711,2239200,3600,within_recorded_span_not_independently_verified
scheduling_class_1,8821,2242800,3600,within_recorded_span_not_independently_verified
scheduling_class_1,8368,2246400,3600,within_recorded_span_not_independently_verified
scheduling_class_1,6779,2250000,3600,within_recorded_span_not_independently_verified
scheduling_class_1,6730,2253600,3600,within_recorded_span_not_independently_verified
scheduling_class_1,6750,2257200,3600,within_recorded_span_not_independently_verified
scheduling_class_1,6759,2260800,3600,within_recorded_span_not_independently_verified
scheduling_class_1,6879,2264400,3600,within_recorded_span_not_independently_verified
scheduling_class_1,6319,2268000,3600,within_recorded_span_not_independently_verified
scheduling_class_1,6865,2271600,3600,within_recorded_span_not_independently_verified
scheduling_class_1,6869,2275200,3600,within_recorded_span_not_independently_verified
scheduling_class_1,6830,2278800,3600,within_recorded_span_not_independently_verified
scheduling_class_1,6778,2282400,3600,within_recorded_span_not_independently_verified
scheduling_class_1,6991,2286000,3600,within_recorded_span_not_independently_verified
scheduling_class_1,6791,2289600,3600,within_recorded_span_not_independently_verified
scheduling_class_1,6854,2293200,3600,within_recorded_span_not_independently_verified
scheduling_class_1,7227,2296800,3600,within_recorded_span_not_independently_verified
scheduling_class_1,7460,2300400,3600,within_recorded_span_not_independently_verified
scheduling_class_1,7648,2304000,3600,within_recorded_span_not_independently_verified
scheduling_class_1,7159,2307600,3600,within_recorded_span_not_independently_verified
scheduling_class_1,7726,2311200,3600,within_recorded_span_not_independently_verified
scheduling_class_1,7546,2314800,3600,within_recorded_span_not_independently_verified
scheduling_class_1,7535,2318400,3600,within_recorded_span_not_independently_verified
scheduling_class_1,7529,2322000,3600,within_recorded_span_not_independently_verified
scheduling_class_1,7413,2325600,3600,within_recorded_span_not_independently_verified
scheduling_class_1,7349,2329200,3600,within_recorded_span_not_independently_verified
scheduling_class_1,6993,2332800,3600,within_recorded_span_not_independently_verified
scheduling_class_1,6870,2336400,3600,within_recorded_span_not_independently_verified
scheduling_class_1,7172,2340000,3600,within_recorded_span_not_independently_verified
scheduling_class_1,6394,2343600,3600,within_recorded_span_not_independently_verified
scheduling_class_1,5670,2347200,3600,within_recorded_span_not_independently_verified
scheduling_class_1,4914,2350800,3600,within_recorded_span_not_independently_verified
scheduling_class_1,4881,2354400,3600,within_recorded_span_not_independently_verified
scheduling_class_1,5241,2358000,3600,within_recorded_span_not_independently_verified
scheduling_class_1,5314,2361600,3600,within_recorded_span_not_independently_verified
scheduling_class_1,5023,2365200,3600,within_recorded_span_not_independently_verified
scheduling_class_1,5081,2368800,3600,within_recorded_span_not_independently_verified
scheduling_class_1,4898,2372400,3600,within_recorded_span_not_independently_verified
scheduling_class_1,4990,2376000,3600,within_recorded_span_not_independently_verified
scheduling_class_1,5384,2379600,3600,within_recorded_span_not_independently_verified
scheduling_class_1,5105,2383200,3600,within_recorded_span_not_independently_verified
scheduling_class_1,3212,2386800,3600,within_recorded_span_not_independently_verified
scheduling_class_1,3468,2390400,3600,within_recorded_span_not_independently_verified
scheduling_class_1,3027,2394000,3600,within_recorded_span_not_independently_verified
scheduling_class_1,2998,2397600,3600,within_recorded_span_not_independently_verified
scheduling_class_1,3113,2401200,3600,within_recorded_span_not_independently_verified
scheduling_class_1,3462,2404800,3600,within_recorded_span_not_independently_verified
scheduling_class_1,3428,2408400,3600,within_recorded_span_not_independently_verified
scheduling_class_1,3557,2412000,3600,within_recorded_span_not_independently_verified
scheduling_class_1,3646,2415600,3600,within_recorded_span_not_independently_verified
scheduling_class_1,3468,2419200,3600,within_recorded_span_not_independently_verified
scheduling_class_1,3630,2422800,3600,within_recorded_span_not_independently_verified
scheduling_class_1,3591,2426400,3600,within_recorded_span_not_independently_verified
scheduling_class_1,3600,2430000,3600,within_recorded_span_not_independently_verified
scheduling_class_1,3498,2433600,3600,within_recorded_span_not_independently_verified
scheduling_class_1,3292,2437200,3600,within_recorded_span_not_independently_verified
scheduling_class_1,3125,2440800,3600,within_recorded_span_not_independently_verified
scheduling_class_1,3219,2444400,3600,within_recorded_span_not_independently_verified
scheduling_class_1,3414,2448000,3600,within_recorded_span_not_independently_verified
scheduling_class_1,3035,2451600,3600,within_recorded_span_not_independently_verified
scheduling_class_1,3056,2455200,3600,within_recorded_span_not_independently_verified
scheduling_class_1,3240,2458800,3600,within_recorded_span_not_independently_verified
scheduling_class_1,3241,2462400,3600,within_recorded_span_not_independently_verified
scheduling_class_1,3321,2466000,3600,within_recorded_span_not_independently_verified
scheduling_class_1,3885,2469600,3600,within_recorded_span_not_independently_verified
scheduling_class_1,8114,2473200,3600,within_recorded_span_not_independently_verified
scheduling_class_1,7575,2476800,3600,within_recorded_span_not_independently_verified
scheduling_class_1,7490,2480400,3600,within_recorded_span_not_independently_verified
scheduling_class_1,7536,2484000,3600,within_recorded_span_not_independently_verified
scheduling_class_1,7839,2487600,3600,within_recorded_span_not_independently_verified
scheduling_class_1,8260,2491200,3600,within_recorded_span_not_independently_verified
scheduling_class_1,8573,2494800,3600,within_recorded_span_not_independently_verified
scheduling_class_1,8178,2498400,3600,within_recorded_span_not_independently_verified
scheduling_class_1,8530,2502000,3600,within_recorded_span_not_independently_verified
scheduling_class_1,7768,2505600,3600,within_recorded_span_not_independently_verified
scheduling_class_1,7850,2509200,3600,within_recorded_span_not_independently_verified
scheduling_class_1,8090,2512800,3600,within_recorded_span_not_independently_verified
scheduling_class_1,7773,2516400,3600,within_recorded_span_not_independently_verified
scheduling_class_1,7717,2520000,3600,within_recorded_span_not_independently_verified
scheduling_class_1,7565,2523600,3600,within_recorded_span_not_independently_verified
scheduling_class_1,6991,2527200,3600,within_recorded_span_not_independently_verified
scheduling_class_1,6692,2530800,3600,within_recorded_span_not_independently_verified
scheduling_class_1,6636,2534400,3600,within_recorded_span_not_independently_verified
scheduling_class_1,6720,2538000,3600,within_recorded_span_not_independently_verified
scheduling_class_1,6782,2541600,3600,within_recorded_span_not_independently_verified
scheduling_class_1,7226,2545200,3600,within_recorded_span_not_independently_verified
scheduling_class_1,7502,2548800,3600,within_recorded_span_not_independently_verified
scheduling_class_1,10148,2552400,3600,within_recorded_span_not_independently_verified
scheduling_class_1,12923,2556000,3600,within_recorded_span_not_independently_verified
scheduling_class_1,11997,2559600,3600,within_recorded_span_not_independently_verified
scheduling_class_1,12751,2563200,3600,within_recorded_span_not_independently_verified
scheduling_class_1,11675,2566800,3600,within_recorded_span_not_independently_verified
scheduling_class_1,11592,2570400,3600,within_recorded_span_not_independently_verified
scheduling_class_1,11523,2574000,3600,within_recorded_span_not_independently_verified
scheduling_class_1,11712,2577600,3600,within_recorded_span_not_independently_verified
scheduling_class_1,12301,2581200,3600,within_recorded_span_not_independently_verified
scheduling_class_1,12559,2584800,3600,within_recorded_span_not_independently_verified
scheduling_class_1,11556,2588400,3600,within_recorded_span_not_independently_verified
scheduling_class_1,12381,2592000,3600,within_recorded_span_not_independently_verified
scheduling_class_1,11974,2595600,3600,within_recorded_span_not_independently_verified
scheduling_class_1,11262,2599200,3600,within_recorded_span_not_independently_verified
scheduling_class_1,11814,2602800,3600,within_recorded_span_not_independently_verified
scheduling_class_1,11088,2606400,3600,within_recorded_span_not_independently_verified
scheduling_class_1,11863,2610000,3600,within_recorded_span_not_independently_verified
scheduling_class_1,10880,2613600,3600,within_recorded_span_not_independently_verified
scheduling_class_1,10869,2617200,3600,within_recorded_span_not_independently_verified
scheduling_class_1,11793,2620800,3600,within_recorded_span_not_independently_verified
scheduling_class_1,11174,2624400,3600,within_recorded_span_not_independently_verified
scheduling_class_1,12291,2628000,3600,within_recorded_span_not_independently_verified
scheduling_class_1,11484,2631600,3600,within_recorded_span_not_independently_verified
scheduling_class_1,12362,2635200,3600,within_recorded_span_not_independently_verified
scheduling_class_1,12704,2638800,3600,within_recorded_span_not_independently_verified
scheduling_class_1,11796,2642400,3600,within_recorded_span_not_independently_verified
scheduling_class_1,11838,2646000,3600,within_recorded_span_not_independently_verified
scheduling_class_1,13057,2649600,3600,within_recorded_span_not_independently_verified
scheduling_class_1,12775,2653200,3600,within_recorded_span_not_independently_verified
scheduling_class_1,12341,2656800,3600,within_recorded_span_not_independently_verified
scheduling_class_1,11993,2660400,3600,within_recorded_span_not_independently_verified
scheduling_class_1,13016,2664000,3600,within_recorded_span_not_independently_verified
scheduling_class_1,11365,2667600,3600,within_recorded_span_not_independently_verified
scheduling_class_1,11622,2671200,3600,within_recorded_span_not_independently_verified
scheduling_class_1,11865,2674800,3600,within_recorded_span_not_independently_verified
scheduling_class_1,1943,2678400,3600,partial_boundary
scheduling_class_2,232,0,3600,partial_boundary
scheduling_class_2,269,3600,3600,within_recorded_span_not_independently_verified
scheduling_class_2,295,7200,3600,within_recorded_span_not_independently_verified
scheduling_class_2,381,10800,3600,within_recorded_span_not_independently_verified
scheduling_class_2,421,14400,3600,within_recorded_span_not_independently_verified
scheduling_class_2,315,18000,3600,within_recorded_span_not_independently_verified
scheduling_class_2,315,21600,3600,within_recorded_span_not_independently_verified
scheduling_class_2,271,25200,3600,within_recorded_span_not_independently_verified
scheduling_class_2,274,28800,3600,within_recorded_span_not_independently_verified
scheduling_class_2,370,32400,3600,within_recorded_span_not_independently_verified
scheduling_class_2,433,36000,3600,within_recorded_span_not_independently_verified
scheduling_class_2,306,39600,3600,within_recorded_span_not_independently_verified
scheduling_class_2,258,43200,3600,within_recorded_span_not_independently_verified
scheduling_class_2,220,46800,3600,within_recorded_span_not_independently_verified
scheduling_class_2,250,50400,3600,within_recorded_span_not_independently_verified
scheduling_class_2,329,54000,3600,within_recorded_span_not_independently_verified
scheduling_class_2,265,57600,3600,within_recorded_span_not_independently_verified
scheduling_class_2,367,61200,3600,within_recorded_span_not_independently_verified
scheduling_class_2,433,64800,3600,within_recorded_span_not_independently_verified
scheduling_class_2,192,68400,3600,within_recorded_span_not_independently_verified
scheduling_class_2,235,72000,3600,within_recorded_span_not_independently_verified
scheduling_class_2,373,75600,3600,within_recorded_span_not_independently_verified
scheduling_class_2,387,79200,3600,within_recorded_span_not_independently_verified
scheduling_class_2,245,82800,3600,within_recorded_span_not_independently_verified
scheduling_class_2,311,86400,3600,within_recorded_span_not_independently_verified
scheduling_class_2,202,90000,3600,within_recorded_span_not_independently_verified
scheduling_class_2,239,93600,3600,within_recorded_span_not_independently_verified
scheduling_class_2,401,97200,3600,within_recorded_span_not_independently_verified
scheduling_class_2,404,100800,3600,within_recorded_span_not_independently_verified
scheduling_class_2,260,104400,3600,within_recorded_span_not_independently_verified
scheduling_class_2,293,108000,3600,within_recorded_span_not_independently_verified
scheduling_class_2,392,111600,3600,within_recorded_span_not_independently_verified
scheduling_class_2,221,115200,3600,within_recorded_span_not_independently_verified
scheduling_class_2,356,118800,3600,within_recorded_span_not_independently_verified
scheduling_class_2,446,122400,3600,within_recorded_span_not_independently_verified
scheduling_class_2,267,126000,3600,within_recorded_span_not_independently_verified
scheduling_class_2,296,129600,3600,within_recorded_span_not_independently_verified
scheduling_class_2,308,133200,3600,within_recorded_span_not_independently_verified
scheduling_class_2,384,136800,3600,within_recorded_span_not_independently_verified
scheduling_class_2,400,140400,3600,within_recorded_span_not_independently_verified
scheduling_class_2,367,144000,3600,within_recorded_span_not_independently_verified
scheduling_class_2,273,147600,3600,within_recorded_span_not_independently_verified
scheduling_class_2,276,151200,3600,within_recorded_span_not_independently_verified
scheduling_class_2,257,154800,3600,within_recorded_span_not_independently_verified
scheduling_class_2,332,158400,3600,within_recorded_span_not_independently_verified
scheduling_class_2,453,162000,3600,within_recorded_span_not_independently_verified
scheduling_class_2,348,165600,3600,within_recorded_span_not_independently_verified
scheduling_class_2,251,169200,3600,within_recorded_span_not_independently_verified
scheduling_class_2,257,172800,3600,within_recorded_span_not_independently_verified
scheduling_class_2,243,176400,3600,within_recorded_span_not_independently_verified
scheduling_class_2,285,180000,3600,within_recorded_span_not_independently_verified
scheduling_class_2,494,183600,3600,within_recorded_span_not_independently_verified
scheduling_class_2,489,187200,3600,within_recorded_span_not_independently_verified
scheduling_class_2,262,190800,3600,within_recorded_span_not_independently_verified
scheduling_class_2,303,194400,3600,within_recorded_span_not_independently_verified
scheduling_class_2,294,198000,3600,within_recorded_span_not_independently_verified
scheduling_class_2,280,201600,3600,within_recorded_span_not_independently_verified
scheduling_class_2,366,205200,3600,within_recorded_span_not_independently_verified
scheduling_class_2,378,208800,3600,within_recorded_span_not_independently_verified
scheduling_class_2,254,212400,3600,within_recorded_span_not_independently_verified
scheduling_class_2,257,216000,3600,within_recorded_span_not_independently_verified
scheduling_class_2,257,219600,3600,within_recorded_span_not_independently_verified
scheduling_class_2,244,223200,3600,within_recorded_span_not_independently_verified
scheduling_class_2,334,226800,3600,within_recorded_span_not_independently_verified
scheduling_class_2,326,230400,3600,within_recorded_span_not_independently_verified
scheduling_class_2,306,234000,3600,within_recorded_span_not_independently_verified
scheduling_class_2,352,237600,3600,within_recorded_span_not_independently_verified
scheduling_class_2,255,241200,3600,within_recorded_span_not_independently_verified
scheduling_class_2,239,244800,3600,within_recorded_span_not_independently_verified
scheduling_class_2,404,248400,3600,within_recorded_span_not_independently_verified
scheduling_class_2,380,252000,3600,within_recorded_span_not_independently_verified
scheduling_class_2,291,255600,3600,within_recorded_span_not_independently_verified
scheduling_class_2,260,259200,3600,within_recorded_span_not_independently_verified
scheduling_class_2,286,262800,3600,within_recorded_span_not_independently_verified
scheduling_class_2,233,266400,3600,within_recorded_span_not_independently_verified
scheduling_class_2,378,270000,3600,within_recorded_span_not_independently_verified
scheduling_class_2,408,273600,3600,within_recorded_span_not_independently_verified
scheduling_class_2,241,277200,3600,within_recorded_span_not_independently_verified
scheduling_class_2,383,280800,3600,within_recorded_span_not_independently_verified
scheduling_class_2,271,284400,3600,within_recorded_span_not_independently_verified
scheduling_class_2,266,288000,3600,within_recorded_span_not_independently_verified
scheduling_class_2,305,291600,3600,within_recorded_span_not_independently_verified
scheduling_class_2,303,295200,3600,within_recorded_span_not_independently_verified
scheduling_class_2,187,298800,3600,within_recorded_span_not_independently_verified
scheduling_class_2,192,302400,3600,within_recorded_span_not_independently_verified
scheduling_class_2,186,306000,3600,within_recorded_span_not_independently_verified
scheduling_class_2,168,309600,3600,within_recorded_span_not_independently_verified
scheduling_class_2,311,313200,3600,within_recorded_span_not_independently_verified
scheduling_class_2,317,316800,3600,within_recorded_span_not_independently_verified
scheduling_class_2,227,320400,3600,within_recorded_span_not_independently_verified
scheduling_class_2,284,324000,3600,within_recorded_span_not_independently_verified
scheduling_class_2,284,327600,3600,within_recorded_span_not_independently_verified
scheduling_class_2,270,331200,3600,within_recorded_span_not_independently_verified
scheduling_class_2,346,334800,3600,within_recorded_span_not_independently_verified
scheduling_class_2,276,338400,3600,within_recorded_span_not_independently_verified
scheduling_class_2,242,342000,3600,within_recorded_span_not_independently_verified
scheduling_class_2,260,345600,3600,within_recorded_span_not_independently_verified
scheduling_class_2,269,349200,3600,within_recorded_span_not_independently_verified
scheduling_class_2,240,352800,3600,within_recorded_span_not_independently_verified
scheduling_class_2,416,356400,3600,within_recorded_span_not_independently_verified
scheduling_class_2,388,360000,3600,within_recorded_span_not_independently_verified
scheduling_class_2,281,363600,3600,within_recorded_span_not_independently_verified
scheduling_class_2,342,367200,3600,within_recorded_span_not_independently_verified
scheduling_class_2,271,370800,3600,within_recorded_span_not_independently_verified
scheduling_class_2,216,374400,3600,within_recorded_span_not_independently_verified
scheduling_class_2,372,378000,3600,within_recorded_span_not_independently_verified
scheduling_class_2,337,381600,3600,within_recorded_span_not_independently_verified
scheduling_class_2,198,385200,3600,within_recorded_span_not_independently_verified
scheduling_class_2,188,388800,3600,within_recorded_span_not_independently_verified
scheduling_class_2,214,392400,3600,within_recorded_span_not_independently_verified
scheduling_class_2,211,396000,3600,within_recorded_span_not_independently_verified
scheduling_class_2,314,399600,3600,within_recorded_span_not_independently_verified
scheduling_class_2,330,403200,3600,within_recorded_span_not_independently_verified
scheduling_class_2,192,406800,3600,within_recorded_span_not_independently_verified
scheduling_class_2,221,410400,3600,within_recorded_span_not_independently_verified
scheduling_class_2,266,414000,3600,within_recorded_span_not_independently_verified
scheduling_class_2,261,417600,3600,within_recorded_span_not_independently_verified
scheduling_class_2,384,421200,3600,within_recorded_span_not_independently_verified
scheduling_class_2,330,424800,3600,within_recorded_span_not_independently_verified
scheduling_class_2,349,428400,3600,within_recorded_span_not_independently_verified
scheduling_class_2,479,432000,3600,within_recorded_span_not_independently_verified
scheduling_class_2,492,435600,3600,within_recorded_span_not_independently_verified
scheduling_class_2,268,439200,3600,within_recorded_span_not_independently_verified
scheduling_class_2,393,442800,3600,within_recorded_span_not_independently_verified
scheduling_class_2,550,446400,3600,within_recorded_span_not_independently_verified
scheduling_class_2,475,450000,3600,within_recorded_span_not_independently_verified
scheduling_class_2,279,453600,3600,within_recorded_span_not_independently_verified
scheduling_class_2,337,457200,3600,within_recorded_span_not_independently_verified
scheduling_class_2,229,460800,3600,within_recorded_span_not_independently_verified
scheduling_class_2,396,464400,3600,within_recorded_span_not_independently_verified
scheduling_class_2,352,468000,3600,within_recorded_span_not_independently_verified
scheduling_class_2,307,471600,3600,within_recorded_span_not_independently_verified
scheduling_class_2,265,475200,3600,within_recorded_span_not_independently_verified
scheduling_class_2,252,478800,3600,within_recorded_span_not_independently_verified
scheduling_class_2,280,482400,3600,within_recorded_span_not_independently_verified
scheduling_class_2,274,486000,3600,within_recorded_span_not_independently_verified
scheduling_class_2,285,489600,3600,within_recorded_span_not_independently_verified
scheduling_class_2,213,493200,3600,within_recorded_span_not_independently_verified
scheduling_class_2,366,496800,3600,within_recorded_span_not_independently_verified
scheduling_class_2,269,500400,3600,within_recorded_span_not_independently_verified
scheduling_class_2,299,504000,3600,within_recorded_span_not_independently_verified
scheduling_class_2,462,507600,3600,within_recorded_span_not_independently_verified
scheduling_class_2,393,511200,3600,within_recorded_span_not_independently_verified
scheduling_class_2,362,514800,3600,within_recorded_span_not_independently_verified
scheduling_class_2,331,518400,3600,within_recorded_span_not_independently_verified
scheduling_class_2,291,522000,3600,within_recorded_span_not_independently_verified
scheduling_class_2,274,525600,3600,within_recorded_span_not_independently_verified
scheduling_class_2,418,529200,3600,within_recorded_span_not_independently_verified
scheduling_class_2,462,532800,3600,within_recorded_span_not_independently_verified
scheduling_class_2,309,536400,3600,within_recorded_span_not_independently_verified
scheduling_class_2,287,540000,3600,within_recorded_span_not_independently_verified
scheduling_class_2,246,543600,3600,within_recorded_span_not_independently_verified
scheduling_class_2,262,547200,3600,within_recorded_span_not_independently_verified
scheduling_class_2,368,550800,3600,within_recorded_span_not_independently_verified
scheduling_class_2,378,554400,3600,within_recorded_span_not_independently_verified
scheduling_class_2,276,558000,3600,within_recorded_span_not_independently_verified
scheduling_class_2,241,561600,3600,within_recorded_span_not_independently_verified
scheduling_class_2,244,565200,3600,within_recorded_span_not_independently_verified
scheduling_class_2,233,568800,3600,within_recorded_span_not_independently_verified
scheduling_class_2,239,572400,3600,within_recorded_span_not_independently_verified
scheduling_class_2,660,576000,3600,within_recorded_span_not_independently_verified
scheduling_class_2,302,579600,3600,within_recorded_span_not_independently_verified
scheduling_class_2,279,583200,3600,within_recorded_span_not_independently_verified
scheduling_class_2,243,586800,3600,within_recorded_span_not_independently_verified
scheduling_class_2,260,590400,3600,within_recorded_span_not_independently_verified
scheduling_class_2,349,594000,3600,within_recorded_span_not_independently_verified
scheduling_class_2,371,597600,3600,within_recorded_span_not_independently_verified
scheduling_class_2,256,601200,3600,within_recorded_span_not_independently_verified
scheduling_class_2,300,604800,3600,within_recorded_span_not_independently_verified
scheduling_class_2,227,608400,3600,within_recorded_span_not_independently_verified
scheduling_class_2,260,612000,3600,within_recorded_span_not_independently_verified
scheduling_class_2,398,615600,3600,within_recorded_span_not_independently_verified
scheduling_class_2,420,619200,3600,within_recorded_span_not_independently_verified
scheduling_class_2,293,622800,3600,within_recorded_span_not_independently_verified
scheduling_class_2,307,626400,3600,within_recorded_span_not_independently_verified
scheduling_class_2,240,630000,3600,within_recorded_span_not_independently_verified
scheduling_class_2,268,633600,3600,within_recorded_span_not_independently_verified
scheduling_class_2,417,637200,3600,within_recorded_span_not_independently_verified
scheduling_class_2,330,640800,3600,within_recorded_span_not_independently_verified
scheduling_class_2,255,644400,3600,within_recorded_span_not_independently_verified
scheduling_class_2,250,648000,3600,within_recorded_span_not_independently_verified
scheduling_class_2,167,651600,3600,within_recorded_span_not_independently_verified
scheduling_class_2,176,655200,3600,within_recorded_span_not_independently_verified
scheduling_class_2,319,658800,3600,within_recorded_span_not_independently_verified
scheduling_class_2,319,662400,3600,within_recorded_span_not_independently_verified
scheduling_class_2,362,666000,3600,within_recorded_span_not_independently_verified
scheduling_class_2,317,669600,3600,within_recorded_span_not_independently_verified
scheduling_class_2,328,673200,3600,within_recorded_span_not_independently_verified
scheduling_class_2,537,676800,3600,within_recorded_span_not_independently_verified
scheduling_class_2,370,680400,3600,within_recorded_span_not_independently_verified
scheduling_class_2,359,684000,3600,within_recorded_span_not_independently_verified
scheduling_class_2,418,687600,3600,within_recorded_span_not_independently_verified
scheduling_class_2,300,691200,3600,within_recorded_span_not_independently_verified
scheduling_class_2,257,694800,3600,within_recorded_span_not_independently_verified
scheduling_class_2,200,698400,3600,within_recorded_span_not_independently_verified
scheduling_class_2,406,702000,3600,within_recorded_span_not_independently_verified
scheduling_class_2,514,705600,3600,within_recorded_span_not_independently_verified
scheduling_class_2,373,709200,3600,within_recorded_span_not_independently_verified
scheduling_class_2,327,712800,3600,within_recorded_span_not_independently_verified
scheduling_class_2,318,716400,3600,within_recorded_span_not_independently_verified
scheduling_class_2,296,720000,3600,within_recorded_span_not_independently_verified
scheduling_class_2,389,723600,3600,within_recorded_span_not_independently_verified
scheduling_class_2,324,727200,3600,within_recorded_span_not_independently_verified
scheduling_class_2,265,730800,3600,within_recorded_span_not_independently_verified
scheduling_class_2,225,734400,3600,within_recorded_span_not_independently_verified
scheduling_class_2,293,738000,3600,within_recorded_span_not_independently_verified
scheduling_class_2,237,741600,3600,within_recorded_span_not_independently_verified
scheduling_class_2,362,745200,3600,within_recorded_span_not_independently_verified
scheduling_class_2,396,748800,3600,within_recorded_span_not_independently_verified
scheduling_class_2,233,752400,3600,within_recorded_span_not_independently_verified
scheduling_class_2,263,756000,3600,within_recorded_span_not_independently_verified
scheduling_class_2,197,759600,3600,within_recorded_span_not_independently_verified
scheduling_class_2,346,763200,3600,within_recorded_span_not_independently_verified
scheduling_class_2,463,766800,3600,within_recorded_span_not_independently_verified
scheduling_class_2,386,770400,3600,within_recorded_span_not_independently_verified
scheduling_class_2,286,774000,3600,within_recorded_span_not_independently_verified
scheduling_class_2,239,777600,3600,within_recorded_span_not_independently_verified
scheduling_class_2,269,781200,3600,within_recorded_span_not_independently_verified
scheduling_class_2,319,784800,3600,within_recorded_span_not_independently_verified
scheduling_class_2,541,788400,3600,within_recorded_span_not_independently_verified
scheduling_class_2,457,792000,3600,within_recorded_span_not_independently_verified
scheduling_class_2,319,795600,3600,within_recorded_span_not_independently_verified
scheduling_class_2,347,799200,3600,within_recorded_span_not_independently_verified
scheduling_class_2,262,802800,3600,within_recorded_span_not_independently_verified
scheduling_class_2,239,806400,3600,within_recorded_span_not_independently_verified
scheduling_class_2,343,810000,3600,within_recorded_span_not_independently_verified
scheduling_class_2,398,813600,3600,within_recorded_span_not_independently_verified
scheduling_class_2,356,817200,3600,within_recorded_span_not_independently_verified
scheduling_class_2,284,820800,3600,within_recorded_span_not_independently_verified
scheduling_class_2,216,824400,3600,within_recorded_span_not_independently_verified
scheduling_class_2,256,828000,3600,within_recorded_span_not_independently_verified
scheduling_class_2,369,831600,3600,within_recorded_span_not_independently_verified
scheduling_class_2,400,835200,3600,within_recorded_span_not_independently_verified
scheduling_class_2,336,838800,3600,within_recorded_span_not_independently_verified
scheduling_class_2,283,842400,3600,within_recorded_span_not_independently_verified
scheduling_class_2,238,846000,3600,within_recorded_span_not_independently_verified
scheduling_class_2,194,849600,3600,within_recorded_span_not_independently_verified
scheduling_class_2,373,853200,3600,within_recorded_span_not_independently_verified
scheduling_class_2,338,856800,3600,within_recorded_span_not_independently_verified
scheduling_class_2,258,860400,3600,within_recorded_span_not_independently_verified
scheduling_class_2,302,864000,3600,within_recorded_span_not_independently_verified
scheduling_class_2,209,867600,3600,within_recorded_span_not_independently_verified
scheduling_class_2,241,871200,3600,within_recorded_span_not_independently_verified
scheduling_class_2,461,874800,3600,within_recorded_span_not_independently_verified
scheduling_class_2,404,878400,3600,within_recorded_span_not_independently_verified
scheduling_class_2,274,882000,3600,within_recorded_span_not_independently_verified
scheduling_class_2,269,885600,3600,within_recorded_span_not_independently_verified
scheduling_class_2,267,889200,3600,within_recorded_span_not_independently_verified
scheduling_class_2,195,892800,3600,within_recorded_span_not_independently_verified
scheduling_class_2,328,896400,3600,within_recorded_span_not_independently_verified
scheduling_class_2,261,900000,3600,within_recorded_span_not_independently_verified
scheduling_class_2,185,903600,3600,within_recorded_span_not_independently_verified
scheduling_class_2,222,907200,3600,within_recorded_span_not_independently_verified
scheduling_class_2,197,910800,3600,within_recorded_span_not_independently_verified
scheduling_class_2,237,914400,3600,within_recorded_span_not_independently_verified
scheduling_class_2,390,918000,3600,within_recorded_span_not_independently_verified
scheduling_class_2,339,921600,3600,within_recorded_span_not_independently_verified
scheduling_class_2,289,925200,3600,within_recorded_span_not_independently_verified
scheduling_class_2,270,928800,3600,within_recorded_span_not_independently_verified
scheduling_class_2,356,932400,3600,within_recorded_span_not_independently_verified
scheduling_class_2,470,936000,3600,within_recorded_span_not_independently_verified
scheduling_class_2,539,939600,3600,within_recorded_span_not_independently_verified
scheduling_class_2,353,943200,3600,within_recorded_span_not_independently_verified
scheduling_class_2,294,946800,3600,within_recorded_span_not_independently_verified
scheduling_class_2,288,950400,3600,within_recorded_span_not_independently_verified
scheduling_class_2,284,954000,3600,within_recorded_span_not_independently_verified
scheduling_class_2,244,957600,3600,within_recorded_span_not_independently_verified
scheduling_class_2,419,961200,3600,within_recorded_span_not_independently_verified
scheduling_class_2,421,964800,3600,within_recorded_span_not_independently_verified
scheduling_class_2,315,968400,3600,within_recorded_span_not_independently_verified
scheduling_class_2,340,972000,3600,within_recorded_span_not_independently_verified
scheduling_class_2,321,975600,3600,within_recorded_span_not_independently_verified
scheduling_class_2,274,979200,3600,within_recorded_span_not_independently_verified
scheduling_class_2,405,982800,3600,within_recorded_span_not_independently_verified
scheduling_class_2,352,986400,3600,within_recorded_span_not_independently_verified
scheduling_class_2,207,990000,3600,within_recorded_span_not_independently_verified
scheduling_class_2,299,993600,3600,within_recorded_span_not_independently_verified
scheduling_class_2,262,997200,3600,within_recorded_span_not_independently_verified
scheduling_class_2,238,1000800,3600,within_recorded_span_not_independently_verified
scheduling_class_2,421,1004400,3600,within_recorded_span_not_independently_verified
scheduling_class_2,349,1008000,3600,within_recorded_span_not_independently_verified
scheduling_class_2,267,1011600,3600,within_recorded_span_not_independently_verified
scheduling_class_2,277,1015200,3600,within_recorded_span_not_independently_verified
scheduling_class_2,228,1018800,3600,within_recorded_span_not_independently_verified
scheduling_class_2,277,1022400,3600,within_recorded_span_not_independently_verified
scheduling_class_2,329,1026000,3600,within_recorded_span_not_independently_verified
scheduling_class_2,334,1029600,3600,within_recorded_span_not_independently_verified
scheduling_class_2,240,1033200,3600,within_recorded_span_not_independently_verified
scheduling_class_2,230,1036800,3600,within_recorded_span_not_independently_verified
scheduling_class_2,216,1040400,3600,within_recorded_span_not_independently_verified
scheduling_class_2,242,1044000,3600,within_recorded_span_not_independently_verified
scheduling_class_2,450,1047600,3600,within_recorded_span_not_independently_verified
scheduling_class_2,361,1051200,3600,within_recorded_span_not_independently_verified
scheduling_class_2,248,1054800,3600,within_recorded_span_not_independently_verified
scheduling_class_2,289,1058400,3600,within_recorded_span_not_independently_verified
scheduling_class_2,256,1062000,3600,within_recorded_span_not_independently_verified
scheduling_class_2,322,1065600,3600,within_recorded_span_not_independently_verified
scheduling_class_2,443,1069200,3600,within_recorded_span_not_independently_verified
scheduling_class_2,395,1072800,3600,within_recorded_span_not_independently_verified
scheduling_class_2,299,1076400,3600,within_recorded_span_not_independently_verified
scheduling_class_2,315,1080000,3600,within_recorded_span_not_independently_verified
scheduling_class_2,265,1083600,3600,within_recorded_span_not_independently_verified
scheduling_class_2,331,1087200,3600,within_recorded_span_not_independently_verified
scheduling_class_2,620,1090800,3600,within_recorded_span_not_independently_verified
scheduling_class_2,530,1094400,3600,within_recorded_span_not_independently_verified
scheduling_class_2,256,1098000,3600,within_recorded_span_not_independently_verified
scheduling_class_2,275,1101600,3600,within_recorded_span_not_independently_verified
scheduling_class_2,262,1105200,3600,within_recorded_span_not_independently_verified
scheduling_class_2,253,1108800,3600,within_recorded_span_not_independently_verified
scheduling_class_2,404,1112400,3600,within_recorded_span_not_independently_verified
scheduling_class_2,474,1116000,3600,within_recorded_span_not_independently_verified
scheduling_class_2,775,1119600,3600,within_recorded_span_not_independently_verified
scheduling_class_2,325,1123200,3600,within_recorded_span_not_independently_verified
scheduling_class_2,313,1126800,3600,within_recorded_span_not_independently_verified
scheduling_class_2,256,1130400,3600,within_recorded_span_not_independently_verified
scheduling_class_2,384,1134000,3600,within_recorded_span_not_independently_verified
scheduling_class_2,450,1137600,3600,within_recorded_span_not_independently_verified
scheduling_class_2,317,1141200,3600,within_recorded_span_not_independently_verified
scheduling_class_2,229,1144800,3600,within_recorded_span_not_independently_verified
scheduling_class_2,263,1148400,3600,within_recorded_span_not_independently_verified
scheduling_class_2,290,1152000,3600,within_recorded_span_not_independently_verified
scheduling_class_2,462,1155600,3600,within_recorded_span_not_independently_verified
scheduling_class_2,463,1159200,3600,within_recorded_span_not_independently_verified
scheduling_class_2,259,1162800,3600,within_recorded_span_not_independently_verified
scheduling_class_2,305,1166400,3600,within_recorded_span_not_independently_verified
scheduling_class_2,219,1170000,3600,within_recorded_span_not_independently_verified
scheduling_class_2,298,1173600,3600,within_recorded_span_not_independently_verified
scheduling_class_2,369,1177200,3600,within_recorded_span_not_independently_verified
scheduling_class_2,310,1180800,3600,within_recorded_span_not_independently_verified
scheduling_class_2,238,1184400,3600,within_recorded_span_not_independently_verified
scheduling_class_2,252,1188000,3600,within_recorded_span_not_independently_verified
scheduling_class_2,179,1191600,3600,within_recorded_span_not_independently_verified
scheduling_class_2,299,1195200,3600,within_recorded_span_not_independently_verified
scheduling_class_2,355,1198800,3600,within_recorded_span_not_independently_verified
scheduling_class_2,297,1202400,3600,within_recorded_span_not_independently_verified
scheduling_class_2,250,1206000,3600,within_recorded_span_not_independently_verified
scheduling_class_2,417,1209600,3600,within_recorded_span_not_independently_verified
scheduling_class_2,284,1213200,3600,within_recorded_span_not_independently_verified
scheduling_class_2,275,1216800,3600,within_recorded_span_not_independently_verified
scheduling_class_2,384,1220400,3600,within_recorded_span_not_independently_verified
scheduling_class_2,375,1224000,3600,within_recorded_span_not_independently_verified
scheduling_class_2,316,1227600,3600,within_recorded_span_not_independently_verified
scheduling_class_2,293,1231200,3600,within_recorded_span_not_independently_verified
scheduling_class_2,264,1234800,3600,within_recorded_span_not_independently_verified
scheduling_class_2,181,1238400,3600,within_recorded_span_not_independently_verified
scheduling_class_2,332,1242000,3600,within_recorded_span_not_independently_verified
scheduling_class_2,328,1245600,3600,within_recorded_span_not_independently_verified
scheduling_class_2,280,1249200,3600,within_recorded_span_not_independently_verified
scheduling_class_2,241,1252800,3600,within_recorded_span_not_independently_verified
scheduling_class_2,199,1256400,3600,within_recorded_span_not_independently_verified
scheduling_class_2,215,1260000,3600,within_recorded_span_not_independently_verified
scheduling_class_2,265,1263600,3600,within_recorded_span_not_independently_verified
scheduling_class_2,543,1267200,3600,within_recorded_span_not_independently_verified
scheduling_class_2,176,1270800,3600,within_recorded_span_not_independently_verified
scheduling_class_2,225,1274400,3600,within_recorded_span_not_independently_verified
scheduling_class_2,241,1278000,3600,within_recorded_span_not_independently_verified
scheduling_class_2,250,1281600,3600,within_recorded_span_not_independently_verified
scheduling_class_2,314,1285200,3600,within_recorded_span_not_independently_verified
scheduling_class_2,393,1288800,3600,within_recorded_span_not_independently_verified
scheduling_class_2,294,1292400,3600,within_recorded_span_not_independently_verified
scheduling_class_2,254,1296000,3600,within_recorded_span_not_independently_verified
scheduling_class_2,242,1299600,3600,within_recorded_span_not_independently_verified
scheduling_class_2,276,1303200,3600,within_recorded_span_not_independently_verified
scheduling_class_2,403,1306800,3600,within_recorded_span_not_independently_verified
scheduling_class_2,357,1310400,3600,within_recorded_span_not_independently_verified
scheduling_class_2,338,1314000,3600,within_recorded_span_not_independently_verified
scheduling_class_2,247,1317600,3600,within_recorded_span_not_independently_verified
scheduling_class_2,276,1321200,3600,within_recorded_span_not_independently_verified
scheduling_class_2,262,1324800,3600,within_recorded_span_not_independently_verified
scheduling_class_2,288,1328400,3600,within_recorded_span_not_independently_verified
scheduling_class_2,287,1332000,3600,within_recorded_span_not_independently_verified
scheduling_class_2,292,1335600,3600,within_recorded_span_not_independently_verified
scheduling_class_2,203,1339200,3600,within_recorded_span_not_independently_verified
scheduling_class_2,248,1342800,3600,within_recorded_span_not_independently_verified
scheduling_class_2,250,1346400,3600,within_recorded_span_not_independently_verified
scheduling_class_2,206,1350000,3600,within_recorded_span_not_independently_verified
scheduling_class_2,220,1353600,3600,within_recorded_span_not_independently_verified
scheduling_class_2,273,1357200,3600,within_recorded_span_not_independently_verified
scheduling_class_2,278,1360800,3600,within_recorded_span_not_independently_verified
scheduling_class_2,244,1364400,3600,within_recorded_span_not_independently_verified
scheduling_class_2,221,1368000,3600,within_recorded_span_not_independently_verified
scheduling_class_2,405,1371600,3600,within_recorded_span_not_independently_verified
scheduling_class_2,373,1375200,3600,within_recorded_span_not_independently_verified
scheduling_class_2,290,1378800,3600,within_recorded_span_not_independently_verified
scheduling_class_2,455,1382400,3600,within_recorded_span_not_independently_verified
scheduling_class_2,306,1386000,3600,within_recorded_span_not_independently_verified
scheduling_class_2,208,1389600,3600,within_recorded_span_not_independently_verified
scheduling_class_2,585,1393200,3600,within_recorded_span_not_independently_verified
scheduling_class_2,434,1396800,3600,within_recorded_span_not_independently_verified
scheduling_class_2,262,1400400,3600,within_recorded_span_not_independently_verified
scheduling_class_2,308,1404000,3600,within_recorded_span_not_independently_verified
scheduling_class_2,320,1407600,3600,within_recorded_span_not_independently_verified
scheduling_class_2,244,1411200,3600,within_recorded_span_not_independently_verified
scheduling_class_2,333,1414800,3600,within_recorded_span_not_independently_verified
scheduling_class_2,334,1418400,3600,within_recorded_span_not_independently_verified
scheduling_class_2,157,1422000,3600,within_recorded_span_not_independently_verified
scheduling_class_2,203,1425600,3600,within_recorded_span_not_independently_verified
scheduling_class_2,202,1429200,3600,within_recorded_span_not_independently_verified
scheduling_class_2,267,1432800,3600,within_recorded_span_not_independently_verified
scheduling_class_2,341,1436400,3600,within_recorded_span_not_independently_verified
scheduling_class_2,322,1440000,3600,within_recorded_span_not_independently_verified
scheduling_class_2,244,1443600,3600,within_recorded_span_not_independently_verified
scheduling_class_2,266,1447200,3600,within_recorded_span_not_independently_verified
scheduling_class_2,234,1450800,3600,within_recorded_span_not_independently_verified
scheduling_class_2,229,1454400,3600,within_recorded_span_not_independently_verified
scheduling_class_2,386,1458000,3600,within_recorded_span_not_independently_verified
scheduling_class_2,321,1461600,3600,within_recorded_span_not_independently_verified
scheduling_class_2,263,1465200,3600,within_recorded_span_not_independently_verified
scheduling_class_2,292,1468800,3600,within_recorded_span_not_independently_verified
scheduling_class_2,246,1472400,3600,within_recorded_span_not_independently_verified
scheduling_class_2,263,1476000,3600,within_recorded_span_not_independently_verified
scheduling_class_2,432,1479600,3600,within_recorded_span_not_independently_verified
scheduling_class_2,393,1483200,3600,within_recorded_span_not_independently_verified
scheduling_class_2,357,1486800,3600,within_recorded_span_not_independently_verified
scheduling_class_2,292,1490400,3600,within_recorded_span_not_independently_verified
scheduling_class_2,247,1494000,3600,within_recorded_span_not_independently_verified
scheduling_class_2,225,1497600,3600,within_recorded_span_not_independently_verified
scheduling_class_2,406,1501200,3600,within_recorded_span_not_independently_verified
scheduling_class_2,288,1504800,3600,within_recorded_span_not_independently_verified
scheduling_class_2,234,1508400,3600,within_recorded_span_not_independently_verified
scheduling_class_2,263,1512000,3600,within_recorded_span_not_independently_verified
scheduling_class_2,241,1515600,3600,within_recorded_span_not_independently_verified
scheduling_class_2,267,1519200,3600,within_recorded_span_not_independently_verified
scheduling_class_2,313,1522800,3600,within_recorded_span_not_independently_verified
scheduling_class_2,276,1526400,3600,within_recorded_span_not_independently_verified
scheduling_class_2,197,1530000,3600,within_recorded_span_not_independently_verified
scheduling_class_2,252,1533600,3600,within_recorded_span_not_independently_verified
scheduling_class_2,320,1537200,3600,within_recorded_span_not_independently_verified
scheduling_class_2,241,1540800,3600,within_recorded_span_not_independently_verified
scheduling_class_2,382,1544400,3600,within_recorded_span_not_independently_verified
scheduling_class_2,329,1548000,3600,within_recorded_span_not_independently_verified
scheduling_class_2,252,1551600,3600,within_recorded_span_not_independently_verified
scheduling_class_2,264,1555200,3600,within_recorded_span_not_independently_verified
scheduling_class_2,207,1558800,3600,within_recorded_span_not_independently_verified
scheduling_class_2,245,1562400,3600,within_recorded_span_not_independently_verified
scheduling_class_2,394,1566000,3600,within_recorded_span_not_independently_verified
scheduling_class_2,405,1569600,3600,within_recorded_span_not_independently_verified
scheduling_class_2,309,1573200,3600,within_recorded_span_not_independently_verified
scheduling_class_2,267,1576800,3600,within_recorded_span_not_independently_verified
scheduling_class_2,256,1580400,3600,within_recorded_span_not_independently_verified
scheduling_class_2,233,1584000,3600,within_recorded_span_not_independently_verified
scheduling_class_2,305,1587600,3600,within_recorded_span_not_independently_verified
scheduling_class_2,270,1591200,3600,within_recorded_span_not_independently_verified
scheduling_class_2,241,1594800,3600,within_recorded_span_not_independently_verified
scheduling_class_2,163,1598400,3600,within_recorded_span_not_independently_verified
scheduling_class_2,117,1602000,3600,within_recorded_span_not_independently_verified
scheduling_class_2,271,1605600,3600,within_recorded_span_not_independently_verified
scheduling_class_2,399,1609200,3600,within_recorded_span_not_independently_verified
scheduling_class_2,366,1612800,3600,within_recorded_span_not_independently_verified
scheduling_class_2,277,1616400,3600,within_recorded_span_not_independently_verified
scheduling_class_2,332,1620000,3600,within_recorded_span_not_independently_verified
scheduling_class_2,271,1623600,3600,within_recorded_span_not_independently_verified
scheduling_class_2,275,1627200,3600,within_recorded_span_not_independently_verified
scheduling_class_2,402,1630800,3600,within_recorded_span_not_independently_verified
scheduling_class_2,320,1634400,3600,within_recorded_span_not_independently_verified
scheduling_class_2,320,1638000,3600,within_recorded_span_not_independently_verified
scheduling_class_2,309,1641600,3600,within_recorded_span_not_independently_verified
scheduling_class_2,208,1645200,3600,within_recorded_span_not_independently_verified
scheduling_class_2,259,1648800,3600,within_recorded_span_not_independently_verified
scheduling_class_2,433,1652400,3600,within_recorded_span_not_independently_verified
scheduling_class_2,366,1656000,3600,within_recorded_span_not_independently_verified
scheduling_class_2,328,1659600,3600,within_recorded_span_not_independently_verified
scheduling_class_2,261,1663200,3600,within_recorded_span_not_independently_verified
scheduling_class_2,264,1666800,3600,within_recorded_span_not_independently_verified
scheduling_class_2,212,1670400,3600,within_recorded_span_not_independently_verified
scheduling_class_2,378,1674000,3600,within_recorded_span_not_independently_verified
scheduling_class_2,329,1677600,3600,within_recorded_span_not_independently_verified
scheduling_class_2,293,1681200,3600,within_recorded_span_not_independently_verified
scheduling_class_2,205,1684800,3600,within_recorded_span_not_independently_verified
scheduling_class_2,307,1688400,3600,within_recorded_span_not_independently_verified
scheduling_class_2,248,1692000,3600,within_recorded_span_not_independently_verified
scheduling_class_2,219,1695600,3600,within_recorded_span_not_independently_verified
scheduling_class_2,391,1699200,3600,within_recorded_span_not_independently_verified
scheduling_class_2,221,1702800,3600,within_recorded_span_not_independently_verified
scheduling_class_2,252,1706400,3600,within_recorded_span_not_independently_verified
scheduling_class_2,236,1710000,3600,within_recorded_span_not_independently_verified
scheduling_class_2,320,1713600,3600,within_recorded_span_not_independently_verified
scheduling_class_2,414,1717200,3600,within_recorded_span_not_independently_verified
scheduling_class_2,387,1720800,3600,within_recorded_span_not_independently_verified
scheduling_class_2,239,1724400,3600,within_recorded_span_not_independently_verified
scheduling_class_2,284,1728000,3600,within_recorded_span_not_independently_verified
scheduling_class_2,301,1731600,3600,within_recorded_span_not_independently_verified
scheduling_class_2,206,1735200,3600,within_recorded_span_not_independently_verified
scheduling_class_2,452,1738800,3600,within_recorded_span_not_independently_verified
scheduling_class_2,361,1742400,3600,within_recorded_span_not_independently_verified
scheduling_class_2,356,1746000,3600,within_recorded_span_not_independently_verified
scheduling_class_2,337,1749600,3600,within_recorded_span_not_independently_verified
scheduling_class_2,302,1753200,3600,within_recorded_span_not_independently_verified
scheduling_class_2,322,1756800,3600,within_recorded_span_not_independently_verified
scheduling_class_2,367,1760400,3600,within_recorded_span_not_independently_verified
scheduling_class_2,413,1764000,3600,within_recorded_span_not_independently_verified
scheduling_class_2,299,1767600,3600,within_recorded_span_not_independently_verified
scheduling_class_2,221,1771200,3600,within_recorded_span_not_independently_verified
scheduling_class_2,219,1774800,3600,within_recorded_span_not_independently_verified
scheduling_class_2,315,1778400,3600,within_recorded_span_not_independently_verified
scheduling_class_2,191,1782000,3600,within_recorded_span_not_independently_verified
scheduling_class_2,423,1785600,3600,within_recorded_span_not_independently_verified
scheduling_class_2,262,1789200,3600,within_recorded_span_not_independently_verified
scheduling_class_2,293,1792800,3600,within_recorded_span_not_independently_verified
scheduling_class_2,305,1796400,3600,within_recorded_span_not_independently_verified
scheduling_class_2,282,1800000,3600,within_recorded_span_not_independently_verified
scheduling_class_2,427,1803600,3600,within_recorded_span_not_independently_verified
scheduling_class_2,451,1807200,3600,within_recorded_span_not_independently_verified
scheduling_class_2,273,1810800,3600,within_recorded_span_not_independently_verified
scheduling_class_2,319,1814400,3600,within_recorded_span_not_independently_verified
scheduling_class_2,282,1818000,3600,within_recorded_span_not_independently_verified
scheduling_class_2,283,1821600,3600,within_recorded_span_not_independently_verified
scheduling_class_2,367,1825200,3600,within_recorded_span_not_independently_verified
scheduling_class_2,382,1828800,3600,within_recorded_span_not_independently_verified
scheduling_class_2,376,1832400,3600,within_recorded_span_not_independently_verified
scheduling_class_2,275,1836000,3600,within_recorded_span_not_independently_verified
scheduling_class_2,258,1839600,3600,within_recorded_span_not_independently_verified
scheduling_class_2,237,1843200,3600,within_recorded_span_not_independently_verified
scheduling_class_2,397,1846800,3600,within_recorded_span_not_independently_verified
scheduling_class_2,371,1850400,3600,within_recorded_span_not_independently_verified
scheduling_class_2,271,1854000,3600,within_recorded_span_not_independently_verified
scheduling_class_2,183,1857600,3600,within_recorded_span_not_independently_verified
scheduling_class_2,216,1861200,3600,within_recorded_span_not_independently_verified
scheduling_class_2,181,1864800,3600,within_recorded_span_not_independently_verified
scheduling_class_2,259,1868400,3600,within_recorded_span_not_independently_verified
scheduling_class_2,253,1872000,3600,within_recorded_span_not_independently_verified
scheduling_class_2,202,1875600,3600,within_recorded_span_not_independently_verified
scheduling_class_2,217,1879200,3600,within_recorded_span_not_independently_verified
scheduling_class_2,221,1882800,3600,within_recorded_span_not_independently_verified
scheduling_class_2,279,1886400,3600,within_recorded_span_not_independently_verified
scheduling_class_2,356,1890000,3600,within_recorded_span_not_independently_verified
scheduling_class_2,302,1893600,3600,within_recorded_span_not_independently_verified
scheduling_class_2,230,1897200,3600,within_recorded_span_not_independently_verified
scheduling_class_2,256,1900800,3600,within_recorded_span_not_independently_verified
scheduling_class_2,302,1904400,3600,within_recorded_span_not_independently_verified
scheduling_class_2,316,1908000,3600,within_recorded_span_not_independently_verified
scheduling_class_2,392,1911600,3600,within_recorded_span_not_independently_verified
scheduling_class_2,375,1915200,3600,within_recorded_span_not_independently_verified
scheduling_class_2,297,1918800,3600,within_recorded_span_not_independently_verified
scheduling_class_2,278,1922400,3600,within_recorded_span_not_independently_verified
scheduling_class_2,274,1926000,3600,within_recorded_span_not_independently_verified
scheduling_class_2,255,1929600,3600,within_recorded_span_not_independently_verified
scheduling_class_2,347,1933200,3600,within_recorded_span_not_independently_verified
scheduling_class_2,392,1936800,3600,within_recorded_span_not_independently_verified
scheduling_class_2,219,1940400,3600,within_recorded_span_not_independently_verified
scheduling_class_2,235,1944000,3600,within_recorded_span_not_independently_verified
scheduling_class_2,207,1947600,3600,within_recorded_span_not_independently_verified
scheduling_class_2,185,1951200,3600,within_recorded_span_not_independently_verified
scheduling_class_2,326,1954800,3600,within_recorded_span_not_independently_verified
scheduling_class_2,363,1958400,3600,within_recorded_span_not_independently_verified
scheduling_class_2,202,1962000,3600,within_recorded_span_not_independently_verified
scheduling_class_2,277,1965600,3600,within_recorded_span_not_independently_verified
scheduling_class_2,246,1969200,3600,within_recorded_span_not_independently_verified
scheduling_class_2,261,1972800,3600,within_recorded_span_not_independently_verified
scheduling_class_2,409,1976400,3600,within_recorded_span_not_independently_verified
scheduling_class_2,319,1980000,3600,within_recorded_span_not_independently_verified
scheduling_class_2,290,1983600,3600,within_recorded_span_not_independently_verified
scheduling_class_2,289,1987200,3600,within_recorded_span_not_independently_verified
scheduling_class_2,227,1990800,3600,within_recorded_span_not_independently_verified
scheduling_class_2,225,1994400,3600,within_recorded_span_not_independently_verified
scheduling_class_2,570,1998000,3600,within_recorded_span_not_independently_verified
scheduling_class_2,399,2001600,3600,within_recorded_span_not_independently_verified
scheduling_class_2,260,2005200,3600,within_recorded_span_not_independently_verified
scheduling_class_2,329,2008800,3600,within_recorded_span_not_independently_verified
scheduling_class_2,256,2012400,3600,within_recorded_span_not_independently_verified
scheduling_class_2,271,2016000,3600,within_recorded_span_not_independently_verified
scheduling_class_2,395,2019600,3600,within_recorded_span_not_independently_verified
scheduling_class_2,304,2023200,3600,within_recorded_span_not_independently_verified
scheduling_class_2,222,2026800,3600,within_recorded_span_not_independently_verified
scheduling_class_2,266,2030400,3600,within_recorded_span_not_independently_verified
scheduling_class_2,203,2034000,3600,within_recorded_span_not_independently_verified
scheduling_class_2,231,2037600,3600,within_recorded_span_not_independently_verified
scheduling_class_2,366,2041200,3600,within_recorded_span_not_independently_verified
scheduling_class_2,376,2044800,3600,within_recorded_span_not_independently_verified
scheduling_class_2,308,2048400,3600,within_recorded_span_not_independently_verified
scheduling_class_2,280,2052000,3600,within_recorded_span_not_independently_verified
scheduling_class_2,268,2055600,3600,within_recorded_span_not_independently_verified
scheduling_class_2,274,2059200,3600,within_recorded_span_not_independently_verified
scheduling_class_2,412,2062800,3600,within_recorded_span_not_independently_verified
scheduling_class_2,343,2066400,3600,within_recorded_span_not_independently_verified
scheduling_class_2,254,2070000,3600,within_recorded_span_not_independently_verified
scheduling_class_2,322,2073600,3600,within_recorded_span_not_independently_verified
scheduling_class_2,251,2077200,3600,within_recorded_span_not_independently_verified
scheduling_class_2,303,2080800,3600,within_recorded_span_not_independently_verified
scheduling_class_2,382,2084400,3600,within_recorded_span_not_independently_verified
scheduling_class_2,356,2088000,3600,within_recorded_span_not_independently_verified
scheduling_class_2,316,2091600,3600,within_recorded_span_not_independently_verified
scheduling_class_2,269,2095200,3600,within_recorded_span_not_independently_verified
scheduling_class_2,278,2098800,3600,within_recorded_span_not_independently_verified
scheduling_class_2,271,2102400,3600,within_recorded_span_not_independently_verified
scheduling_class_2,376,2106000,3600,within_recorded_span_not_independently_verified
scheduling_class_2,319,2109600,3600,within_recorded_span_not_independently_verified
scheduling_class_2,212,2113200,3600,within_recorded_span_not_independently_verified
scheduling_class_2,229,2116800,3600,within_recorded_span_not_independently_verified
scheduling_class_2,184,2120400,3600,within_recorded_span_not_independently_verified
scheduling_class_2,215,2124000,3600,within_recorded_span_not_independently_verified
scheduling_class_2,358,2127600,3600,within_recorded_span_not_independently_verified
scheduling_class_2,473,2131200,3600,within_recorded_span_not_independently_verified
scheduling_class_2,300,2134800,3600,within_recorded_span_not_independently_verified
scheduling_class_2,321,2138400,3600,within_recorded_span_not_independently_verified
scheduling_class_2,247,2142000,3600,within_recorded_span_not_independently_verified
scheduling_class_2,261,2145600,3600,within_recorded_span_not_independently_verified
scheduling_class_2,420,2149200,3600,within_recorded_span_not_independently_verified
scheduling_class_2,325,2152800,3600,within_recorded_span_not_independently_verified
scheduling_class_2,250,2156400,3600,within_recorded_span_not_independently_verified
scheduling_class_2,252,2160000,3600,within_recorded_span_not_independently_verified
scheduling_class_2,243,2163600,3600,within_recorded_span_not_independently_verified
scheduling_class_2,258,2167200,3600,within_recorded_span_not_independently_verified
scheduling_class_2,433,2170800,3600,within_recorded_span_not_independently_verified
scheduling_class_2,393,2174400,3600,within_recorded_span_not_independently_verified
scheduling_class_2,300,2178000,3600,within_recorded_span_not_independently_verified
scheduling_class_2,298,2181600,3600,within_recorded_span_not_independently_verified
scheduling_class_2,282,2185200,3600,within_recorded_span_not_independently_verified
scheduling_class_2,312,2188800,3600,within_recorded_span_not_independently_verified
scheduling_class_2,392,2192400,3600,within_recorded_span_not_independently_verified
scheduling_class_2,282,2196000,3600,within_recorded_span_not_independently_verified
scheduling_class_2,267,2199600,3600,within_recorded_span_not_independently_verified
scheduling_class_2,256,2203200,3600,within_recorded_span_not_independently_verified
scheduling_class_2,233,2206800,3600,within_recorded_span_not_independently_verified
scheduling_class_2,264,2210400,3600,within_recorded_span_not_independently_verified
scheduling_class_2,385,2214000,3600,within_recorded_span_not_independently_verified
scheduling_class_2,371,2217600,3600,within_recorded_span_not_independently_verified
scheduling_class_2,235,2221200,3600,within_recorded_span_not_independently_verified
scheduling_class_2,270,2224800,3600,within_recorded_span_not_independently_verified
scheduling_class_2,302,2228400,3600,within_recorded_span_not_independently_verified
scheduling_class_2,233,2232000,3600,within_recorded_span_not_independently_verified
scheduling_class_2,413,2235600,3600,within_recorded_span_not_independently_verified
scheduling_class_2,324,2239200,3600,within_recorded_span_not_independently_verified
scheduling_class_2,281,2242800,3600,within_recorded_span_not_independently_verified
scheduling_class_2,274,2246400,3600,within_recorded_span_not_independently_verified
scheduling_class_2,274,2250000,3600,within_recorded_span_not_independently_verified
scheduling_class_2,264,2253600,3600,within_recorded_span_not_independently_verified
scheduling_class_2,406,2257200,3600,within_recorded_span_not_independently_verified
scheduling_class_2,389,2260800,3600,within_recorded_span_not_independently_verified
scheduling_class_2,313,2264400,3600,within_recorded_span_not_independently_verified
scheduling_class_2,277,2268000,3600,within_recorded_span_not_independently_verified
scheduling_class_2,289,2271600,3600,within_recorded_span_not_independently_verified
scheduling_class_2,317,2275200,3600,within_recorded_span_not_independently_verified
scheduling_class_2,417,2278800,3600,within_recorded_span_not_independently_verified
scheduling_class_2,338,2282400,3600,within_recorded_span_not_independently_verified
scheduling_class_2,198,2286000,3600,within_recorded_span_not_independently_verified
scheduling_class_2,220,2289600,3600,within_recorded_span_not_independently_verified
scheduling_class_2,250,2293200,3600,within_recorded_span_not_independently_verified
scheduling_class_2,226,2296800,3600,within_recorded_span_not_independently_verified
scheduling_class_2,414,2300400,3600,within_recorded_span_not_independently_verified
scheduling_class_2,313,2304000,3600,within_recorded_span_not_independently_verified
scheduling_class_2,295,2307600,3600,within_recorded_span_not_independently_verified
scheduling_class_2,370,2311200,3600,within_recorded_span_not_independently_verified
scheduling_class_2,233,2314800,3600,within_recorded_span_not_independently_verified
scheduling_class_2,314,2318400,3600,within_recorded_span_not_independently_verified
scheduling_class_2,412,2322000,3600,within_recorded_span_not_independently_verified
scheduling_class_2,367,2325600,3600,within_recorded_span_not_independently_verified
scheduling_class_2,311,2329200,3600,within_recorded_span_not_independently_verified
scheduling_class_2,333,2332800,3600,within_recorded_span_not_independently_verified
scheduling_class_2,300,2336400,3600,within_recorded_span_not_independently_verified
scheduling_class_2,259,2340000,3600,within_recorded_span_not_independently_verified
scheduling_class_2,446,2343600,3600,within_recorded_span_not_independently_verified
scheduling_class_2,383,2347200,3600,within_recorded_span_not_independently_verified
scheduling_class_2,305,2350800,3600,within_recorded_span_not_independently_verified
scheduling_class_2,334,2354400,3600,within_recorded_span_not_independently_verified
scheduling_class_2,253,2358000,3600,within_recorded_span_not_independently_verified
scheduling_class_2,353,2361600,3600,within_recorded_span_not_independently_verified
scheduling_class_2,417,2365200,3600,within_recorded_span_not_independently_verified
scheduling_class_2,301,2368800,3600,within_recorded_span_not_independently_verified
scheduling_class_2,276,2372400,3600,within_recorded_span_not_independently_verified
scheduling_class_2,285,2376000,3600,within_recorded_span_not_independently_verified
scheduling_class_2,253,2379600,3600,within_recorded_span_not_independently_verified
scheduling_class_2,227,2383200,3600,within_recorded_span_not_independently_verified
scheduling_class_2,364,2386800,3600,within_recorded_span_not_independently_verified
scheduling_class_2,326,2390400,3600,within_recorded_span_not_independently_verified
scheduling_class_2,221,2394000,3600,within_recorded_span_not_independently_verified
scheduling_class_2,213,2397600,3600,within_recorded_span_not_independently_verified
scheduling_class_2,231,2401200,3600,within_recorded_span_not_independently_verified
scheduling_class_2,247,2404800,3600,within_recorded_span_not_independently_verified
scheduling_class_2,370,2408400,3600,within_recorded_span_not_independently_verified
scheduling_class_2,389,2412000,3600,within_recorded_span_not_independently_verified
scheduling_class_2,241,2415600,3600,within_recorded_span_not_independently_verified
scheduling_class_2,247,2419200,3600,within_recorded_span_not_independently_verified
scheduling_class_2,214,2422800,3600,within_recorded_span_not_independently_verified
scheduling_class_2,277,2426400,3600,within_recorded_span_not_independently_verified
scheduling_class_2,345,2430000,3600,within_recorded_span_not_independently_verified
scheduling_class_2,326,2433600,3600,within_recorded_span_not_independently_verified
scheduling_class_2,360,2437200,3600,within_recorded_span_not_independently_verified
scheduling_class_2,286,2440800,3600,within_recorded_span_not_independently_verified
scheduling_class_2,265,2444400,3600,within_recorded_span_not_independently_verified
scheduling_class_2,357,2448000,3600,within_recorded_span_not_independently_verified
scheduling_class_2,357,2451600,3600,within_recorded_span_not_independently_verified
scheduling_class_2,381,2455200,3600,within_recorded_span_not_independently_verified
scheduling_class_2,334,2458800,3600,within_recorded_span_not_independently_verified
scheduling_class_2,252,2462400,3600,within_recorded_span_not_independently_verified
scheduling_class_2,171,2466000,3600,within_recorded_span_not_independently_verified
scheduling_class_2,331,2469600,3600,within_recorded_span_not_independently_verified
scheduling_class_2,268,2473200,3600,within_recorded_span_not_independently_verified
scheduling_class_2,222,2476800,3600,within_recorded_span_not_independently_verified
scheduling_class_2,264,2480400,3600,within_recorded_span_not_independently_verified
scheduling_class_2,208,2484000,3600,within_recorded_span_not_independently_verified
scheduling_class_2,365,2487600,3600,within_recorded_span_not_independently_verified
scheduling_class_2,224,2491200,3600,within_recorded_span_not_independently_verified
scheduling_class_2,232,2494800,3600,within_recorded_span_not_independently_verified
scheduling_class_2,303,2498400,3600,within_recorded_span_not_independently_verified
scheduling_class_2,291,2502000,3600,within_recorded_span_not_independently_verified
scheduling_class_2,210,2505600,3600,within_recorded_span_not_independently_verified
scheduling_class_2,211,2509200,3600,within_recorded_span_not_independently_verified
scheduling_class_2,303,2512800,3600,within_recorded_span_not_independently_verified
scheduling_class_2,347,2516400,3600,within_recorded_span_not_independently_verified
scheduling_class_2,370,2520000,3600,within_recorded_span_not_independently_verified
scheduling_class_2,313,2523600,3600,within_recorded_span_not_independently_verified
scheduling_class_2,310,2527200,3600,within_recorded_span_not_independently_verified
scheduling_class_2,313,2530800,3600,within_recorded_span_not_independently_verified
scheduling_class_2,355,2534400,3600,within_recorded_span_not_independently_verified
scheduling_class_2,429,2538000,3600,within_recorded_span_not_independently_verified
scheduling_class_2,386,2541600,3600,within_recorded_span_not_independently_verified
scheduling_class_2,321,2545200,3600,within_recorded_span_not_independently_verified
scheduling_class_2,225,2548800,3600,within_recorded_span_not_independently_verified
scheduling_class_2,224,2552400,3600,within_recorded_span_not_independently_verified
scheduling_class_2,191,2556000,3600,within_recorded_span_not_independently_verified
scheduling_class_2,354,2559600,3600,within_recorded_span_not_independently_verified
scheduling_class_2,381,2563200,3600,within_recorded_span_not_independently_verified
scheduling_class_2,235,2566800,3600,within_recorded_span_not_independently_verified
scheduling_class_2,285,2570400,3600,within_recorded_span_not_independently_verified
scheduling_class_2,267,2574000,3600,within_recorded_span_not_independently_verified
scheduling_class_2,280,2577600,3600,within_recorded_span_not_independently_verified
scheduling_class_2,385,2581200,3600,within_recorded_span_not_independently_verified
scheduling_class_2,359,2584800,3600,within_recorded_span_not_independently_verified
scheduling_class_2,291,2588400,3600,within_recorded_span_not_independently_verified
scheduling_class_2,286,2592000,3600,within_recorded_span_not_independently_verified
scheduling_class_2,251,2595600,3600,within_recorded_span_not_independently_verified
scheduling_class_2,256,2599200,3600,within_recorded_span_not_independently_verified
scheduling_class_2,554,2602800,3600,within_recorded_span_not_independently_verified
scheduling_class_2,365,2606400,3600,within_recorded_span_not_independently_verified
scheduling_class_2,395,2610000,3600,within_recorded_span_not_independently_verified
scheduling_class_2,326,2613600,3600,within_recorded_span_not_independently_verified
scheduling_class_2,342,2617200,3600,within_recorded_span_not_independently_verified
scheduling_class_2,457,2620800,3600,within_recorded_span_not_independently_verified
scheduling_class_2,478,2624400,3600,within_recorded_span_not_independently_verified
scheduling_class_2,429,2628000,3600,within_recorded_span_not_independently_verified
scheduling_class_2,234,2631600,3600,within_recorded_span_not_independently_verified
scheduling_class_2,392,2635200,3600,within_recorded_span_not_independently_verified
scheduling_class_2,236,2638800,3600,within_recorded_span_not_independently_verified
scheduling_class_2,289,2642400,3600,within_recorded_span_not_independently_verified
scheduling_class_2,451,2646000,3600,within_recorded_span_not_independently_verified
scheduling_class_2,316,2649600,3600,within_recorded_span_not_independently_verified
scheduling_class_2,223,2653200,3600,within_recorded_span_not_independently_verified
scheduling_class_2,294,2656800,3600,within_recorded_span_not_independently_verified
scheduling_class_2,232,2660400,3600,within_recorded_span_not_independently_verified
scheduling_class_2,284,2664000,3600,within_recorded_span_not_independently_verified
scheduling_class_2,396,2667600,3600,within_recorded_span_not_independently_verified
scheduling_class_2,388,2671200,3600,within_recorded_span_not_independently_verified
scheduling_class_2,300,2674800,3600,within_recorded_span_not_independently_verified
scheduling_class_2,30,2678400,3600,partial_boundary
scheduling_class_3,490,0,3600,partial_boundary
scheduling_class_3,450,3600,3600,within_recorded_span_not_independently_verified
scheduling_class_3,447,7200,3600,within_recorded_span_not_independently_verified
scheduling_class_3,813,10800,3600,within_recorded_span_not_independently_verified
scheduling_class_3,451,14400,3600,within_recorded_span_not_independently_verified
scheduling_class_3,352,18000,3600,within_recorded_span_not_independently_verified
scheduling_class_3,608,21600,3600,within_recorded_span_not_independently_verified
scheduling_class_3,532,25200,3600,within_recorded_span_not_independently_verified
scheduling_class_3,362,28800,3600,within_recorded_span_not_independently_verified
scheduling_class_3,672,32400,3600,within_recorded_span_not_independently_verified
scheduling_class_3,540,36000,3600,within_recorded_span_not_independently_verified
scheduling_class_3,388,39600,3600,within_recorded_span_not_independently_verified
scheduling_class_3,599,43200,3600,within_recorded_span_not_independently_verified
scheduling_class_3,453,46800,3600,within_recorded_span_not_independently_verified
scheduling_class_3,276,50400,3600,within_recorded_span_not_independently_verified
scheduling_class_3,639,54000,3600,within_recorded_span_not_independently_verified
scheduling_class_3,378,57600,3600,within_recorded_span_not_independently_verified
scheduling_class_3,472,61200,3600,within_recorded_span_not_independently_verified
scheduling_class_3,596,64800,3600,within_recorded_span_not_independently_verified
scheduling_class_3,419,68400,3600,within_recorded_span_not_independently_verified
scheduling_class_3,368,72000,3600,within_recorded_span_not_independently_verified
scheduling_class_3,718,75600,3600,within_recorded_span_not_independently_verified
scheduling_class_3,497,79200,3600,within_recorded_span_not_independently_verified
scheduling_class_3,463,82800,3600,within_recorded_span_not_independently_verified
scheduling_class_3,570,86400,3600,within_recorded_span_not_independently_verified
scheduling_class_3,395,90000,3600,within_recorded_span_not_independently_verified
scheduling_class_3,438,93600,3600,within_recorded_span_not_independently_verified
scheduling_class_3,725,97200,3600,within_recorded_span_not_independently_verified
scheduling_class_3,507,100800,3600,within_recorded_span_not_independently_verified
scheduling_class_3,459,104400,3600,within_recorded_span_not_independently_verified
scheduling_class_3,554,108000,3600,within_recorded_span_not_independently_verified
scheduling_class_3,427,111600,3600,within_recorded_span_not_independently_verified
scheduling_class_3,326,115200,3600,within_recorded_span_not_independently_verified
scheduling_class_3,652,118800,3600,within_recorded_span_not_independently_verified
scheduling_class_3,348,122400,3600,within_recorded_span_not_independently_verified
scheduling_class_3,358,126000,3600,within_recorded_span_not_independently_verified
scheduling_class_3,546,129600,3600,within_recorded_span_not_independently_verified
scheduling_class_3,376,133200,3600,within_recorded_span_not_independently_verified
scheduling_class_3,465,136800,3600,within_recorded_span_not_independently_verified
scheduling_class_3,615,140400,3600,within_recorded_span_not_independently_verified
scheduling_class_3,467,144000,3600,within_recorded_span_not_independently_verified
scheduling_class_3,375,147600,3600,within_recorded_span_not_independently_verified
scheduling_class_3,520,151200,3600,within_recorded_span_not_independently_verified
scheduling_class_3,422,154800,3600,within_recorded_span_not_independently_verified
scheduling_class_3,527,158400,3600,within_recorded_span_not_independently_verified
scheduling_class_3,607,162000,3600,within_recorded_span_not_independently_verified
scheduling_class_3,445,165600,3600,within_recorded_span_not_independently_verified
scheduling_class_3,448,169200,3600,within_recorded_span_not_independently_verified
scheduling_class_3,546,172800,3600,within_recorded_span_not_independently_verified
scheduling_class_3,405,176400,3600,within_recorded_span_not_independently_verified
scheduling_class_3,434,180000,3600,within_recorded_span_not_independently_verified
scheduling_class_3,762,183600,3600,within_recorded_span_not_independently_verified
scheduling_class_3,441,187200,3600,within_recorded_span_not_independently_verified
scheduling_class_3,373,190800,3600,within_recorded_span_not_independently_verified
scheduling_class_3,608,194400,3600,within_recorded_span_not_independently_verified
scheduling_class_3,515,198000,3600,within_recorded_span_not_independently_verified
scheduling_class_3,414,201600,3600,within_recorded_span_not_independently_verified
scheduling_class_3,660,205200,3600,within_recorded_span_not_independently_verified
scheduling_class_3,423,208800,3600,within_recorded_span_not_independently_verified
scheduling_class_3,335,212400,3600,within_recorded_span_not_independently_verified
scheduling_class_3,563,216000,3600,within_recorded_span_not_independently_verified
scheduling_class_3,428,219600,3600,within_recorded_span_not_independently_verified
scheduling_class_3,299,223200,3600,within_recorded_span_not_independently_verified
scheduling_class_3,585,226800,3600,within_recorded_span_not_independently_verified
scheduling_class_3,365,230400,3600,within_recorded_span_not_independently_verified
scheduling_class_3,412,234000,3600,within_recorded_span_not_independently_verified
scheduling_class_3,549,237600,3600,within_recorded_span_not_independently_verified
scheduling_class_3,387,241200,3600,within_recorded_span_not_independently_verified
scheduling_class_3,392,244800,3600,within_recorded_span_not_independently_verified
scheduling_class_3,755,248400,3600,within_recorded_span_not_independently_verified
scheduling_class_3,385,252000,3600,within_recorded_span_not_independently_verified
scheduling_class_3,406,255600,3600,within_recorded_span_not_independently_verified
scheduling_class_3,531,259200,3600,within_recorded_span_not_independently_verified
scheduling_class_3,415,262800,3600,within_recorded_span_not_independently_verified
scheduling_class_3,330,266400,3600,within_recorded_span_not_independently_verified
scheduling_class_3,748,270000,3600,within_recorded_span_not_independently_verified
scheduling_class_3,357,273600,3600,within_recorded_span_not_independently_verified
scheduling_class_3,432,277200,3600,within_recorded_span_not_independently_verified
scheduling_class_3,525,280800,3600,within_recorded_span_not_independently_verified
scheduling_class_3,409,284400,3600,within_recorded_span_not_independently_verified
scheduling_class_3,389,288000,3600,within_recorded_span_not_independently_verified
scheduling_class_3,659,291600,3600,within_recorded_span_not_independently_verified
scheduling_class_3,383,295200,3600,within_recorded_span_not_independently_verified
scheduling_class_3,395,298800,3600,within_recorded_span_not_independently_verified
scheduling_class_3,635,302400,3600,within_recorded_span_not_independently_verified
scheduling_class_3,415,306000,3600,within_recorded_span_not_independently_verified
scheduling_class_3,355,309600,3600,within_recorded_span_not_independently_verified
scheduling_class_3,669,313200,3600,within_recorded_span_not_independently_verified
scheduling_class_3,512,316800,3600,within_recorded_span_not_independently_verified
scheduling_class_3,426,320400,3600,within_recorded_span_not_independently_verified
scheduling_class_3,486,324000,3600,within_recorded_span_not_independently_verified
scheduling_class_3,465,327600,3600,within_recorded_span_not_independently_verified
scheduling_class_3,385,331200,3600,within_recorded_span_not_independently_verified
scheduling_class_3,625,334800,3600,within_recorded_span_not_independently_verified
scheduling_class_3,312,338400,3600,within_recorded_span_not_independently_verified
scheduling_class_3,526,342000,3600,within_recorded_span_not_independently_verified
scheduling_class_3,544,345600,3600,within_recorded_span_not_independently_verified
scheduling_class_3,457,349200,3600,within_recorded_span_not_independently_verified
scheduling_class_3,374,352800,3600,within_recorded_span_not_independently_verified
scheduling_class_3,691,356400,3600,within_recorded_span_not_independently_verified
scheduling_class_3,485,360000,3600,within_recorded_span_not_independently_verified
scheduling_class_3,376,363600,3600,within_recorded_span_not_independently_verified
scheduling_class_3,567,367200,3600,within_recorded_span_not_independently_verified
scheduling_class_3,411,370800,3600,within_recorded_span_not_independently_verified
scheduling_class_3,375,374400,3600,within_recorded_span_not_independently_verified
scheduling_class_3,636,378000,3600,within_recorded_span_not_independently_verified
scheduling_class_3,450,381600,3600,within_recorded_span_not_independently_verified
scheduling_class_3,467,385200,3600,within_recorded_span_not_independently_verified
scheduling_class_3,504,388800,3600,within_recorded_span_not_independently_verified
scheduling_class_3,430,392400,3600,within_recorded_span_not_independently_verified
scheduling_class_3,415,396000,3600,within_recorded_span_not_independently_verified
scheduling_class_3,619,399600,3600,within_recorded_span_not_independently_verified
scheduling_class_3,389,403200,3600,within_recorded_span_not_independently_verified
scheduling_class_3,353,406800,3600,within_recorded_span_not_independently_verified
scheduling_class_3,565,410400,3600,within_recorded_span_not_independently_verified
scheduling_class_3,512,414000,3600,within_recorded_span_not_independently_verified
scheduling_class_3,414,417600,3600,within_recorded_span_not_independently_verified
scheduling_class_3,619,421200,3600,within_recorded_span_not_independently_verified
scheduling_class_3,347,424800,3600,within_recorded_span_not_independently_verified
scheduling_class_3,635,428400,3600,within_recorded_span_not_independently_verified
scheduling_class_3,594,432000,3600,within_recorded_span_not_independently_verified
scheduling_class_3,385,435600,3600,within_recorded_span_not_independently_verified
scheduling_class_3,498,439200,3600,within_recorded_span_not_independently_verified
scheduling_class_3,713,442800,3600,within_recorded_span_not_independently_verified
scheduling_class_3,451,446400,3600,within_recorded_span_not_independently_verified
scheduling_class_3,427,450000,3600,within_recorded_span_not_independently_verified
scheduling_class_3,488,453600,3600,within_recorded_span_not_independently_verified
scheduling_class_3,444,457200,3600,within_recorded_span_not_independently_verified
scheduling_class_3,353,460800,3600,within_recorded_span_not_independently_verified
scheduling_class_3,689,464400,3600,within_recorded_span_not_independently_verified
scheduling_class_3,437,468000,3600,within_recorded_span_not_independently_verified
scheduling_class_3,569,471600,3600,within_recorded_span_not_independently_verified
scheduling_class_3,590,475200,3600,within_recorded_span_not_independently_verified
scheduling_class_3,457,478800,3600,within_recorded_span_not_independently_verified
scheduling_class_3,442,482400,3600,within_recorded_span_not_independently_verified
scheduling_class_3,591,486000,3600,within_recorded_span_not_independently_verified
scheduling_class_3,392,489600,3600,within_recorded_span_not_independently_verified
scheduling_class_3,330,493200,3600,within_recorded_span_not_independently_verified
scheduling_class_3,617,496800,3600,within_recorded_span_not_independently_verified
scheduling_class_3,410,500400,3600,within_recorded_span_not_independently_verified
scheduling_class_3,364,504000,3600,within_recorded_span_not_independently_verified
scheduling_class_3,678,507600,3600,within_recorded_span_not_independently_verified
scheduling_class_3,424,511200,3600,within_recorded_span_not_independently_verified
scheduling_class_3,475,514800,3600,within_recorded_span_not_independently_verified
scheduling_class_3,639,518400,3600,within_recorded_span_not_independently_verified
scheduling_class_3,427,522000,3600,within_recorded_span_not_independently_verified
scheduling_class_3,426,525600,3600,within_recorded_span_not_independently_verified
scheduling_class_3,653,529200,3600,within_recorded_span_not_independently_verified
scheduling_class_3,429,532800,3600,within_recorded_span_not_independently_verified
scheduling_class_3,464,536400,3600,within_recorded_span_not_independently_verified
scheduling_class_3,539,540000,3600,within_recorded_span_not_independently_verified
scheduling_class_3,491,543600,3600,within_recorded_span_not_independently_verified
scheduling_class_3,480,547200,3600,within_recorded_span_not_independently_verified
scheduling_class_3,697,550800,3600,within_recorded_span_not_independently_verified
scheduling_class_3,588,554400,3600,within_recorded_span_not_independently_verified
scheduling_class_3,468,558000,3600,within_recorded_span_not_independently_verified
scheduling_class_3,522,561600,3600,within_recorded_span_not_independently_verified
scheduling_class_3,350,565200,3600,within_recorded_span_not_independently_verified
scheduling_class_3,325,568800,3600,within_recorded_span_not_independently_verified
scheduling_class_3,642,572400,3600,within_recorded_span_not_independently_verified
scheduling_class_3,436,576000,3600,within_recorded_span_not_independently_verified
scheduling_class_3,479,579600,3600,within_recorded_span_not_independently_verified
scheduling_class_3,466,583200,3600,within_recorded_span_not_independently_verified
scheduling_class_3,503,586800,3600,within_recorded_span_not_independently_verified
scheduling_class_3,342,590400,3600,within_recorded_span_not_independently_verified
scheduling_class_3,675,594000,3600,within_recorded_span_not_independently_verified
scheduling_class_3,346,597600,3600,within_recorded_span_not_independently_verified
scheduling_class_3,432,601200,3600,within_recorded_span_not_independently_verified
scheduling_class_3,502,604800,3600,within_recorded_span_not_independently_verified
scheduling_class_3,344,608400,3600,within_recorded_span_not_independently_verified
scheduling_class_3,378,612000,3600,within_recorded_span_not_independently_verified
scheduling_class_3,623,615600,3600,within_recorded_span_not_independently_verified
scheduling_class_3,376,619200,3600,within_recorded_span_not_independently_verified
scheduling_class_3,469,622800,3600,within_recorded_span_not_independently_verified
scheduling_class_3,464,626400,3600,within_recorded_span_not_independently_verified
scheduling_class_3,419,630000,3600,within_recorded_span_not_independently_verified
scheduling_class_3,446,633600,3600,within_recorded_span_not_independently_verified
scheduling_class_3,702,637200,3600,within_recorded_span_not_independently_verified
scheduling_class_3,557,640800,3600,within_recorded_span_not_independently_verified
scheduling_class_3,396,644400,3600,within_recorded_span_not_independently_verified
scheduling_class_3,615,648000,3600,within_recorded_span_not_independently_verified
scheduling_class_3,524,651600,3600,within_recorded_span_not_independently_verified
scheduling_class_3,381,655200,3600,within_recorded_span_not_independently_verified
scheduling_class_3,630,658800,3600,within_recorded_span_not_independently_verified
scheduling_class_3,399,662400,3600,within_recorded_span_not_independently_verified
scheduling_class_3,431,666000,3600,within_recorded_span_not_independently_verified
scheduling_class_3,485,669600,3600,within_recorded_span_not_independently_verified
scheduling_class_3,472,673200,3600,within_recorded_span_not_independently_verified
scheduling_class_3,342,676800,3600,within_recorded_span_not_independently_verified
scheduling_class_3,627,680400,3600,within_recorded_span_not_independently_verified
scheduling_class_3,422,684000,3600,within_recorded_span_not_independently_verified
scheduling_class_3,468,687600,3600,within_recorded_span_not_independently_verified
scheduling_class_3,586,691200,3600,within_recorded_span_not_independently_verified
scheduling_class_3,340,694800,3600,within_recorded_span_not_independently_verified
scheduling_class_3,273,698400,3600,within_recorded_span_not_independently_verified
scheduling_class_3,665,702000,3600,within_recorded_span_not_independently_verified
scheduling_class_3,522,705600,3600,within_recorded_span_not_independently_verified
scheduling_class_3,408,709200,3600,within_recorded_span_not_independently_verified
scheduling_class_3,531,712800,3600,within_recorded_span_not_independently_verified
scheduling_class_3,378,716400,3600,within_recorded_span_not_independently_verified
scheduling_class_3,548,720000,3600,within_recorded_span_not_independently_verified
scheduling_class_3,699,723600,3600,within_recorded_span_not_independently_verified
scheduling_class_3,410,727200,3600,within_recorded_span_not_independently_verified
scheduling_class_3,452,730800,3600,within_recorded_span_not_independently_verified
scheduling_class_3,590,734400,3600,within_recorded_span_not_independently_verified
scheduling_class_3,466,738000,3600,within_recorded_span_not_independently_verified
scheduling_class_3,377,741600,3600,within_recorded_span_not_independently_verified
scheduling_class_3,661,745200,3600,within_recorded_span_not_independently_verified
scheduling_class_3,368,748800,3600,within_recorded_span_not_independently_verified
scheduling_class_3,336,752400,3600,within_recorded_span_not_independently_verified
scheduling_class_3,577,756000,3600,within_recorded_span_not_independently_verified
scheduling_class_3,357,759600,3600,within_recorded_span_not_independently_verified
scheduling_class_3,302,763200,3600,within_recorded_span_not_independently_verified
scheduling_class_3,784,766800,3600,within_recorded_span_not_independently_verified
scheduling_class_3,377,770400,3600,within_recorded_span_not_independently_verified
scheduling_class_3,441,774000,3600,within_recorded_span_not_independently_verified
scheduling_class_3,500,777600,3600,within_recorded_span_not_independently_verified
scheduling_class_3,412,781200,3600,within_recorded_span_not_independently_verified
scheduling_class_3,345,784800,3600,within_recorded_span_not_independently_verified
scheduling_class_3,765,788400,3600,within_recorded_span_not_independently_verified
scheduling_class_3,454,792000,3600,within_recorded_span_not_independently_verified
scheduling_class_3,470,795600,3600,within_recorded_span_not_independently_verified
scheduling_class_3,619,799200,3600,within_recorded_span_not_independently_verified
scheduling_class_3,368,802800,3600,within_recorded_span_not_independently_verified
scheduling_class_3,350,806400,3600,within_recorded_span_not_independently_verified
scheduling_class_3,730,810000,3600,within_recorded_span_not_independently_verified
scheduling_class_3,431,813600,3600,within_recorded_span_not_independently_verified
scheduling_class_3,550,817200,3600,within_recorded_span_not_independently_verified
scheduling_class_3,541,820800,3600,within_recorded_span_not_independently_verified
scheduling_class_3,492,824400,3600,within_recorded_span_not_independently_verified
scheduling_class_3,384,828000,3600,within_recorded_span_not_independently_verified
scheduling_class_3,774,831600,3600,within_recorded_span_not_independently_verified
scheduling_class_3,426,835200,3600,within_recorded_span_not_independently_verified
scheduling_class_3,345,838800,3600,within_recorded_span_not_independently_verified
scheduling_class_3,453,842400,3600,within_recorded_span_not_independently_verified
scheduling_class_3,423,846000,3600,within_recorded_span_not_independently_verified
scheduling_class_3,379,849600,3600,within_recorded_span_not_independently_verified
scheduling_class_3,655,853200,3600,within_recorded_span_not_independently_verified
scheduling_class_3,298,856800,3600,within_recorded_span_not_independently_verified
scheduling_class_3,455,860400,3600,within_recorded_span_not_independently_verified
scheduling_class_3,447,864000,3600,within_recorded_span_not_independently_verified
scheduling_class_3,387,867600,3600,within_recorded_span_not_independently_verified
scheduling_class_3,337,871200,3600,within_recorded_span_not_independently_verified
scheduling_class_3,685,874800,3600,within_recorded_span_not_independently_verified
scheduling_class_3,336,878400,3600,within_recorded_span_not_independently_verified
scheduling_class_3,407,882000,3600,within_recorded_span_not_independently_verified
scheduling_class_3,494,885600,3600,within_recorded_span_not_independently_verified
scheduling_class_3,381,889200,3600,within_recorded_span_not_independently_verified
scheduling_class_3,279,892800,3600,within_recorded_span_not_independently_verified
scheduling_class_3,623,896400,3600,within_recorded_span_not_independently_verified
scheduling_class_3,318,900000,3600,within_recorded_span_not_independently_verified
scheduling_class_3,436,903600,3600,within_recorded_span_not_independently_verified
scheduling_class_3,466,907200,3600,within_recorded_span_not_independently_verified
scheduling_class_3,421,910800,3600,within_recorded_span_not_independently_verified
scheduling_class_3,417,914400,3600,within_recorded_span_not_independently_verified
scheduling_class_3,697,918000,3600,within_recorded_span_not_independently_verified
scheduling_class_3,406,921600,3600,within_recorded_span_not_independently_verified
scheduling_class_3,501,925200,3600,within_recorded_span_not_independently_verified
scheduling_class_3,501,928800,3600,within_recorded_span_not_independently_verified
scheduling_class_3,479,932400,3600,within_recorded_span_not_independently_verified
scheduling_class_3,371,936000,3600,within_recorded_span_not_independently_verified
scheduling_class_3,709,939600,3600,within_recorded_span_not_independently_verified
scheduling_class_3,424,943200,3600,within_recorded_span_not_independently_verified
scheduling_class_3,357,946800,3600,within_recorded_span_not_independently_verified
scheduling_class_3,568,950400,3600,within_recorded_span_not_independently_verified
scheduling_class_3,485,954000,3600,within_recorded_span_not_independently_verified
scheduling_class_3,332,957600,3600,within_recorded_span_not_independently_verified
scheduling_class_3,739,961200,3600,within_recorded_span_not_independently_verified
scheduling_class_3,398,964800,3600,within_recorded_span_not_independently_verified
scheduling_class_3,416,968400,3600,within_recorded_span_not_independently_verified
scheduling_class_3,557,972000,3600,within_recorded_span_not_independently_verified
scheduling_class_3,447,975600,3600,within_recorded_span_not_independently_verified
scheduling_class_3,326,979200,3600,within_recorded_span_not_independently_verified
scheduling_class_3,646,982800,3600,within_recorded_span_not_independently_verified
scheduling_class_3,392,986400,3600,within_recorded_span_not_independently_verified
scheduling_class_3,410,990000,3600,within_recorded_span_not_independently_verified
scheduling_class_3,519,993600,3600,within_recorded_span_not_independently_verified
scheduling_class_3,396,997200,3600,within_recorded_span_not_independently_verified
scheduling_class_3,361,1000800,3600,within_recorded_span_not_independently_verified
scheduling_class_3,680,1004400,3600,within_recorded_span_not_independently_verified
scheduling_class_3,348,1008000,3600,within_recorded_span_not_independently_verified
scheduling_class_3,460,1011600,3600,within_recorded_span_not_independently_verified
scheduling_class_3,471,1015200,3600,within_recorded_span_not_independently_verified
scheduling_class_3,450,1018800,3600,within_recorded_span_not_independently_verified
scheduling_class_3,275,1022400,3600,within_recorded_span_not_independently_verified
scheduling_class_3,628,1026000,3600,within_recorded_span_not_independently_verified
scheduling_class_3,405,1029600,3600,within_recorded_span_not_independently_verified
scheduling_class_3,396,1033200,3600,within_recorded_span_not_independently_verified
scheduling_class_3,422,1036800,3600,within_recorded_span_not_independently_verified
scheduling_class_3,387,1040400,3600,within_recorded_span_not_independently_verified
scheduling_class_3,282,1044000,3600,within_recorded_span_not_independently_verified
scheduling_class_3,567,1047600,3600,within_recorded_span_not_independently_verified
scheduling_class_3,306,1051200,3600,within_recorded_span_not_independently_verified
scheduling_class_3,416,1054800,3600,within_recorded_span_not_independently_verified
scheduling_class_3,502,1058400,3600,within_recorded_span_not_independently_verified
scheduling_class_3,385,1062000,3600,within_recorded_span_not_independently_verified
scheduling_class_3,438,1065600,3600,within_recorded_span_not_independently_verified
scheduling_class_3,832,1069200,3600,within_recorded_span_not_independently_verified
scheduling_class_3,378,1072800,3600,within_recorded_span_not_independently_verified
scheduling_class_3,478,1076400,3600,within_recorded_span_not_independently_verified
scheduling_class_3,479,1080000,3600,within_recorded_span_not_independently_verified
scheduling_class_3,463,1083600,3600,within_recorded_span_not_independently_verified
scheduling_class_3,510,1087200,3600,within_recorded_span_not_independently_verified
scheduling_class_3,662,1090800,3600,within_recorded_span_not_independently_verified
scheduling_class_3,373,1094400,3600,within_recorded_span_not_independently_verified
scheduling_class_3,469,1098000,3600,within_recorded_span_not_independently_verified
scheduling_class_3,473,1101600,3600,within_recorded_span_not_independently_verified
scheduling_class_3,501,1105200,3600,within_recorded_span_not_independently_verified
scheduling_class_3,441,1108800,3600,within_recorded_span_not_independently_verified
scheduling_class_3,668,1112400,3600,within_recorded_span_not_independently_verified
scheduling_class_3,542,1116000,3600,within_recorded_span_not_independently_verified
scheduling_class_3,376,1119600,3600,within_recorded_span_not_independently_verified
scheduling_class_3,508,1123200,3600,within_recorded_span_not_independently_verified
scheduling_class_3,546,1126800,3600,within_recorded_span_not_independently_verified
scheduling_class_3,284,1130400,3600,within_recorded_span_not_independently_verified
scheduling_class_3,620,1134000,3600,within_recorded_span_not_independently_verified
scheduling_class_3,391,1137600,3600,within_recorded_span_not_independently_verified
scheduling_class_3,445,1141200,3600,within_recorded_span_not_independently_verified
scheduling_class_3,498,1144800,3600,within_recorded_span_not_independently_verified
scheduling_class_3,452,1148400,3600,within_recorded_span_not_independently_verified
scheduling_class_3,436,1152000,3600,within_recorded_span_not_independently_verified
scheduling_class_3,709,1155600,3600,within_recorded_span_not_independently_verified
scheduling_class_3,488,1159200,3600,within_recorded_span_not_independently_verified
scheduling_class_3,413,1162800,3600,within_recorded_span_not_independently_verified
scheduling_class_3,670,1166400,3600,within_recorded_span_not_independently_verified
scheduling_class_3,478,1170000,3600,within_recorded_span_not_independently_verified
scheduling_class_3,455,1173600,3600,within_recorded_span_not_independently_verified
scheduling_class_3,689,1177200,3600,within_recorded_span_not_independently_verified
scheduling_class_3,417,1180800,3600,within_recorded_span_not_independently_verified
scheduling_class_3,445,1184400,3600,within_recorded_span_not_independently_verified
scheduling_class_3,487,1188000,3600,within_recorded_span_not_independently_verified
scheduling_class_3,484,1191600,3600,within_recorded_span_not_independently_verified
scheduling_class_3,376,1195200,3600,within_recorded_span_not_independently_verified
scheduling_class_3,672,1198800,3600,within_recorded_span_not_independently_verified
scheduling_class_3,391,1202400,3600,within_recorded_span_not_independently_verified
scheduling_class_3,482,1206000,3600,within_recorded_span_not_independently_verified
scheduling_class_3,514,1209600,3600,within_recorded_span_not_independently_verified
scheduling_class_3,470,1213200,3600,within_recorded_span_not_independently_verified
scheduling_class_3,320,1216800,3600,within_recorded_span_not_independently_verified
scheduling_class_3,754,1220400,3600,within_recorded_span_not_independently_verified
scheduling_class_3,423,1224000,3600,within_recorded_span_not_independently_verified
scheduling_class_3,455,1227600,3600,within_recorded_span_not_independently_verified
scheduling_class_3,558,1231200,3600,within_recorded_span_not_independently_verified
scheduling_class_3,435,1234800,3600,within_recorded_span_not_independently_verified
scheduling_class_3,360,1238400,3600,within_recorded_span_not_independently_verified
scheduling_class_3,819,1242000,3600,within_recorded_span_not_independently_verified
scheduling_class_3,427,1245600,3600,within_recorded_span_not_independently_verified
scheduling_class_3,433,1249200,3600,within_recorded_span_not_independently_verified
scheduling_class_3,580,1252800,3600,within_recorded_span_not_independently_verified
scheduling_class_3,369,1256400,3600,within_recorded_span_not_independently_verified
scheduling_class_3,363,1260000,3600,within_recorded_span_not_independently_verified
scheduling_class_3,649,1263600,3600,within_recorded_span_not_independently_verified
scheduling_class_3,460,1267200,3600,within_recorded_span_not_independently_verified
scheduling_class_3,328,1270800,3600,within_recorded_span_not_independently_verified
scheduling_class_3,474,1274400,3600,within_recorded_span_not_independently_verified
scheduling_class_3,436,1278000,3600,within_recorded_span_not_independently_verified
scheduling_class_3,283,1281600,3600,within_recorded_span_not_independently_verified
scheduling_class_3,649,1285200,3600,within_recorded_span_not_independently_verified
scheduling_class_3,348,1288800,3600,within_recorded_span_not_independently_verified
scheduling_class_3,468,1292400,3600,within_recorded_span_not_independently_verified
scheduling_class_3,519,1296000,3600,within_recorded_span_not_independently_verified
scheduling_class_3,430,1299600,3600,within_recorded_span_not_independently_verified
scheduling_class_3,300,1303200,3600,within_recorded_span_not_independently_verified
scheduling_class_3,595,1306800,3600,within_recorded_span_not_independently_verified
scheduling_class_3,366,1310400,3600,within_recorded_span_not_independently_verified
scheduling_class_3,376,1314000,3600,within_recorded_span_not_independently_verified
scheduling_class_3,470,1317600,3600,within_recorded_span_not_independently_verified
scheduling_class_3,428,1321200,3600,within_recorded_span_not_independently_verified
scheduling_class_3,406,1324800,3600,within_recorded_span_not_independently_verified
scheduling_class_3,631,1328400,3600,within_recorded_span_not_independently_verified
scheduling_class_3,400,1332000,3600,within_recorded_span_not_independently_verified
scheduling_class_3,400,1335600,3600,within_recorded_span_not_independently_verified
scheduling_class_3,464,1339200,3600,within_recorded_span_not_independently_verified
scheduling_class_3,540,1342800,3600,within_recorded_span_not_independently_verified
scheduling_class_3,399,1346400,3600,within_recorded_span_not_independently_verified
scheduling_class_3,512,1350000,3600,within_recorded_span_not_independently_verified
scheduling_class_3,343,1353600,3600,within_recorded_span_not_independently_verified
scheduling_class_3,497,1357200,3600,within_recorded_span_not_independently_verified
scheduling_class_3,580,1360800,3600,within_recorded_span_not_independently_verified
scheduling_class_3,376,1364400,3600,within_recorded_span_not_independently_verified
scheduling_class_3,331,1368000,3600,within_recorded_span_not_independently_verified
scheduling_class_3,636,1371600,3600,within_recorded_span_not_independently_verified
scheduling_class_3,430,1375200,3600,within_recorded_span_not_independently_verified
scheduling_class_3,486,1378800,3600,within_recorded_span_not_independently_verified
scheduling_class_3,659,1382400,3600,within_recorded_span_not_independently_verified
scheduling_class_3,464,1386000,3600,within_recorded_span_not_independently_verified
scheduling_class_3,400,1389600,3600,within_recorded_span_not_independently_verified
scheduling_class_3,789,1393200,3600,within_recorded_span_not_independently_verified
scheduling_class_3,409,1396800,3600,within_recorded_span_not_independently_verified
scheduling_class_3,433,1400400,3600,within_recorded_span_not_independently_verified
scheduling_class_3,459,1404000,3600,within_recorded_span_not_independently_verified
scheduling_class_3,437,1407600,3600,within_recorded_span_not_independently_verified
scheduling_class_3,452,1411200,3600,within_recorded_span_not_independently_verified
scheduling_class_3,726,1414800,3600,within_recorded_span_not_independently_verified
scheduling_class_3,386,1418400,3600,within_recorded_span_not_independently_verified
scheduling_class_3,349,1422000,3600,within_recorded_span_not_independently_verified
scheduling_class_3,521,1425600,3600,within_recorded_span_not_independently_verified
scheduling_class_3,435,1429200,3600,within_recorded_span_not_independently_verified
scheduling_class_3,405,1432800,3600,within_recorded_span_not_independently_verified
scheduling_class_3,568,1436400,3600,within_recorded_span_not_independently_verified
scheduling_class_3,417,1440000,3600,within_recorded_span_not_independently_verified
scheduling_class_3,430,1443600,3600,within_recorded_span_not_independently_verified
scheduling_class_3,552,1447200,3600,within_recorded_span_not_independently_verified
scheduling_class_3,418,1450800,3600,within_recorded_span_not_independently_verified
scheduling_class_3,415,1454400,3600,within_recorded_span_not_independently_verified
scheduling_class_3,684,1458000,3600,within_recorded_span_not_independently_verified
scheduling_class_3,358,1461600,3600,within_recorded_span_not_independently_verified
scheduling_class_3,478,1465200,3600,within_recorded_span_not_independently_verified
scheduling_class_3,584,1468800,3600,within_recorded_span_not_independently_verified
scheduling_class_3,387,1472400,3600,within_recorded_span_not_independently_verified
scheduling_class_3,414,1476000,3600,within_recorded_span_not_independently_verified
scheduling_class_3,756,1479600,3600,within_recorded_span_not_independently_verified
scheduling_class_3,364,1483200,3600,within_recorded_span_not_independently_verified
scheduling_class_3,500,1486800,3600,within_recorded_span_not_independently_verified
scheduling_class_3,518,1490400,3600,within_recorded_span_not_independently_verified
scheduling_class_3,406,1494000,3600,within_recorded_span_not_independently_verified
scheduling_class_3,374,1497600,3600,within_recorded_span_not_independently_verified
scheduling_class_3,704,1501200,3600,within_recorded_span_not_independently_verified
scheduling_class_3,470,1504800,3600,within_recorded_span_not_independently_verified
scheduling_class_3,439,1508400,3600,within_recorded_span_not_independently_verified
scheduling_class_3,482,1512000,3600,within_recorded_span_not_independently_verified
scheduling_class_3,438,1515600,3600,within_recorded_span_not_independently_verified
scheduling_class_3,436,1519200,3600,within_recorded_span_not_independently_verified
scheduling_class_3,685,1522800,3600,within_recorded_span_not_independently_verified
scheduling_class_3,461,1526400,3600,within_recorded_span_not_independently_verified
scheduling_class_3,426,1530000,3600,within_recorded_span_not_independently_verified
scheduling_class_3,578,1533600,3600,within_recorded_span_not_independently_verified
scheduling_class_3,408,1537200,3600,within_recorded_span_not_independently_verified
scheduling_class_3,408,1540800,3600,within_recorded_span_not_independently_verified
scheduling_class_3,664,1544400,3600,within_recorded_span_not_independently_verified
scheduling_class_3,424,1548000,3600,within_recorded_span_not_independently_verified
scheduling_class_3,406,1551600,3600,within_recorded_span_not_independently_verified
scheduling_class_3,523,1555200,3600,within_recorded_span_not_independently_verified
scheduling_class_3,348,1558800,3600,within_recorded_span_not_independently_verified
scheduling_class_3,364,1562400,3600,within_recorded_span_not_independently_verified
scheduling_class_3,728,1566000,3600,within_recorded_span_not_independently_verified
scheduling_class_3,447,1569600,3600,within_recorded_span_not_independently_verified
scheduling_class_3,500,1573200,3600,within_recorded_span_not_independently_verified
scheduling_class_3,484,1576800,3600,within_recorded_span_not_independently_verified
scheduling_class_3,482,1580400,3600,within_recorded_span_not_independently_verified
scheduling_class_3,328,1584000,3600,within_recorded_span_not_independently_verified
scheduling_class_3,661,1587600,3600,within_recorded_span_not_independently_verified
scheduling_class_3,324,1591200,3600,within_recorded_span_not_independently_verified
scheduling_class_3,458,1594800,3600,within_recorded_span_not_independently_verified
scheduling_class_3,509,1598400,3600,within_recorded_span_not_independently_verified
scheduling_class_3,371,1602000,3600,within_recorded_span_not_independently_verified
scheduling_class_3,350,1605600,3600,within_recorded_span_not_independently_verified
scheduling_class_3,664,1609200,3600,within_recorded_span_not_independently_verified
scheduling_class_3,489,1612800,3600,within_recorded_span_not_independently_verified
scheduling_class_3,548,1616400,3600,within_recorded_span_not_independently_verified
scheduling_class_3,562,1620000,3600,within_recorded_span_not_independently_verified
scheduling_class_3,442,1623600,3600,within_recorded_span_not_independently_verified
scheduling_class_3,422,1627200,3600,within_recorded_span_not_independently_verified
scheduling_class_3,698,1630800,3600,within_recorded_span_not_independently_verified
scheduling_class_3,351,1634400,3600,within_recorded_span_not_independently_verified
scheduling_class_3,594,1638000,3600,within_recorded_span_not_independently_verified
scheduling_class_3,525,1641600,3600,within_recorded_span_not_independently_verified
scheduling_class_3,422,1645200,3600,within_recorded_span_not_independently_verified
scheduling_class_3,358,1648800,3600,within_recorded_span_not_independently_verified
scheduling_class_3,673,1652400,3600,within_recorded_span_not_independently_verified
scheduling_class_3,457,1656000,3600,within_recorded_span_not_independently_verified
scheduling_class_3,461,1659600,3600,within_recorded_span_not_independently_verified
scheduling_class_3,539,1663200,3600,within_recorded_span_not_independently_verified
scheduling_class_3,414,1666800,3600,within_recorded_span_not_independently_verified
scheduling_class_3,484,1670400,3600,within_recorded_span_not_independently_verified
scheduling_class_3,717,1674000,3600,within_recorded_span_not_independently_verified
scheduling_class_3,362,1677600,3600,within_recorded_span_not_independently_verified
scheduling_class_3,371,1681200,3600,within_recorded_span_not_independently_verified
scheduling_class_3,434,1684800,3600,within_recorded_span_not_independently_verified
scheduling_class_3,476,1688400,3600,within_recorded_span_not_independently_verified
scheduling_class_3,453,1692000,3600,within_recorded_span_not_independently_verified
scheduling_class_3,513,1695600,3600,within_recorded_span_not_independently_verified
scheduling_class_3,553,1699200,3600,within_recorded_span_not_independently_verified
scheduling_class_3,350,1702800,3600,within_recorded_span_not_independently_verified
scheduling_class_3,486,1706400,3600,within_recorded_span_not_independently_verified
scheduling_class_3,373,1710000,3600,within_recorded_span_not_independently_verified
scheduling_class_3,431,1713600,3600,within_recorded_span_not_independently_verified
scheduling_class_3,700,1717200,3600,within_recorded_span_not_independently_verified
scheduling_class_3,386,1720800,3600,within_recorded_span_not_independently_verified
scheduling_class_3,345,1724400,3600,within_recorded_span_not_independently_verified
scheduling_class_3,582,1728000,3600,within_recorded_span_not_independently_verified
scheduling_class_3,445,1731600,3600,within_recorded_span_not_independently_verified
scheduling_class_3,278,1735200,3600,within_recorded_span_not_independently_verified
scheduling_class_3,801,1738800,3600,within_recorded_span_not_independently_verified
scheduling_class_3,343,1742400,3600,within_recorded_span_not_independently_verified
scheduling_class_3,437,1746000,3600,within_recorded_span_not_independently_verified
scheduling_class_3,525,1749600,3600,within_recorded_span_not_independently_verified
scheduling_class_3,497,1753200,3600,within_recorded_span_not_independently_verified
scheduling_class_3,499,1756800,3600,within_recorded_span_not_independently_verified
scheduling_class_3,598,1760400,3600,within_recorded_span_not_independently_verified
scheduling_class_3,456,1764000,3600,within_recorded_span_not_independently_verified
scheduling_class_3,558,1767600,3600,within_recorded_span_not_independently_verified
scheduling_class_3,498,1771200,3600,within_recorded_span_not_independently_verified
scheduling_class_3,387,1774800,3600,within_recorded_span_not_independently_verified
scheduling_class_3,474,1778400,3600,within_recorded_span_not_independently_verified
scheduling_class_3,571,1782000,3600,within_recorded_span_not_independently_verified
scheduling_class_3,539,1785600,3600,within_recorded_span_not_independently_verified
scheduling_class_3,443,1789200,3600,within_recorded_span_not_independently_verified
scheduling_class_3,539,1792800,3600,within_recorded_span_not_independently_verified
scheduling_class_3,477,1796400,3600,within_recorded_span_not_independently_verified
scheduling_class_3,435,1800000,3600,within_recorded_span_not_independently_verified
scheduling_class_3,704,1803600,3600,within_recorded_span_not_independently_verified
scheduling_class_3,429,1807200,3600,within_recorded_span_not_independently_verified
scheduling_class_3,410,1810800,3600,within_recorded_span_not_independently_verified
scheduling_class_3,693,1814400,3600,within_recorded_span_not_independently_verified
scheduling_class_3,401,1818000,3600,within_recorded_span_not_independently_verified
scheduling_class_3,381,1821600,3600,within_recorded_span_not_independently_verified
scheduling_class_3,591,1825200,3600,within_recorded_span_not_independently_verified
scheduling_class_3,401,1828800,3600,within_recorded_span_not_independently_verified
scheduling_class_3,480,1832400,3600,within_recorded_span_not_independently_verified
scheduling_class_3,601,1836000,3600,within_recorded_span_not_independently_verified
scheduling_class_3,461,1839600,3600,within_recorded_span_not_independently_verified
scheduling_class_3,333,1843200,3600,within_recorded_span_not_independently_verified
scheduling_class_3,882,1846800,3600,within_recorded_span_not_independently_verified
scheduling_class_3,407,1850400,3600,within_recorded_span_not_independently_verified
scheduling_class_3,471,1854000,3600,within_recorded_span_not_independently_verified
scheduling_class_3,528,1857600,3600,within_recorded_span_not_independently_verified
scheduling_class_3,413,1861200,3600,within_recorded_span_not_independently_verified
scheduling_class_3,275,1864800,3600,within_recorded_span_not_independently_verified
scheduling_class_3,584,1868400,3600,within_recorded_span_not_independently_verified
scheduling_class_3,424,1872000,3600,within_recorded_span_not_independently_verified
scheduling_class_3,413,1875600,3600,within_recorded_span_not_independently_verified
scheduling_class_3,541,1879200,3600,within_recorded_span_not_independently_verified
scheduling_class_3,389,1882800,3600,within_recorded_span_not_independently_verified
scheduling_class_3,384,1886400,3600,within_recorded_span_not_independently_verified
scheduling_class_3,731,1890000,3600,within_recorded_span_not_independently_verified
scheduling_class_3,422,1893600,3600,within_recorded_span_not_independently_verified
scheduling_class_3,392,1897200,3600,within_recorded_span_not_independently_verified
scheduling_class_3,506,1900800,3600,within_recorded_span_not_independently_verified
scheduling_class_3,592,1904400,3600,within_recorded_span_not_independently_verified
scheduling_class_3,490,1908000,3600,within_recorded_span_not_independently_verified
scheduling_class_3,736,1911600,3600,within_recorded_span_not_independently_verified
scheduling_class_3,380,1915200,3600,within_recorded_span_not_independently_verified
scheduling_class_3,389,1918800,3600,within_recorded_span_not_independently_verified
scheduling_class_3,552,1922400,3600,within_recorded_span_not_independently_verified
scheduling_class_3,465,1926000,3600,within_recorded_span_not_independently_verified
scheduling_class_3,395,1929600,3600,within_recorded_span_not_independently_verified
scheduling_class_3,631,1933200,3600,within_recorded_span_not_independently_verified
scheduling_class_3,428,1936800,3600,within_recorded_span_not_independently_verified
scheduling_class_3,477,1940400,3600,within_recorded_span_not_independently_verified
scheduling_class_3,427,1944000,3600,within_recorded_span_not_independently_verified
scheduling_class_3,374,1947600,3600,within_recorded_span_not_independently_verified
scheduling_class_3,440,1951200,3600,within_recorded_span_not_independently_verified
scheduling_class_3,789,1954800,3600,within_recorded_span_not_independently_verified
scheduling_class_3,444,1958400,3600,within_recorded_span_not_independently_verified
scheduling_class_3,362,1962000,3600,within_recorded_span_not_independently_verified
scheduling_class_3,559,1965600,3600,within_recorded_span_not_independently_verified
scheduling_class_3,421,1969200,3600,within_recorded_span_not_independently_verified
scheduling_class_3,357,1972800,3600,within_recorded_span_not_independently_verified
scheduling_class_3,625,1976400,3600,within_recorded_span_not_independently_verified
scheduling_class_3,422,1980000,3600,within_recorded_span_not_independently_verified
scheduling_class_3,464,1983600,3600,within_recorded_span_not_independently_verified
scheduling_class_3,518,1987200,3600,within_recorded_span_not_independently_verified
scheduling_class_3,325,1990800,3600,within_recorded_span_not_independently_verified
scheduling_class_3,422,1994400,3600,within_recorded_span_not_independently_verified
scheduling_class_3,759,1998000,3600,within_recorded_span_not_independently_verified
scheduling_class_3,390,2001600,3600,within_recorded_span_not_independently_verified
scheduling_class_3,379,2005200,3600,within_recorded_span_not_independently_verified
scheduling_class_3,600,2008800,3600,within_recorded_span_not_independently_verified
scheduling_class_3,391,2012400,3600,within_recorded_span_not_independently_verified
scheduling_class_3,433,2016000,3600,within_recorded_span_not_independently_verified
scheduling_class_3,654,2019600,3600,within_recorded_span_not_independently_verified
scheduling_class_3,550,2023200,3600,within_recorded_span_not_independently_verified
scheduling_class_3,472,2026800,3600,within_recorded_span_not_independently_verified
scheduling_class_3,563,2030400,3600,within_recorded_span_not_independently_verified
scheduling_class_3,437,2034000,3600,within_recorded_span_not_independently_verified
scheduling_class_3,340,2037600,3600,within_recorded_span_not_independently_verified
scheduling_class_3,616,2041200,3600,within_recorded_span_not_independently_verified
scheduling_class_3,448,2044800,3600,within_recorded_span_not_independently_verified
scheduling_class_3,497,2048400,3600,within_recorded_span_not_independently_verified
scheduling_class_3,530,2052000,3600,within_recorded_span_not_independently_verified
scheduling_class_3,399,2055600,3600,within_recorded_span_not_independently_verified
scheduling_class_3,349,2059200,3600,within_recorded_span_not_independently_verified
scheduling_class_3,704,2062800,3600,within_recorded_span_not_independently_verified
scheduling_class_3,365,2066400,3600,within_recorded_span_not_independently_verified
scheduling_class_3,440,2070000,3600,within_recorded_span_not_independently_verified
scheduling_class_3,657,2073600,3600,within_recorded_span_not_independently_verified
scheduling_class_3,397,2077200,3600,within_recorded_span_not_independently_verified
scheduling_class_3,417,2080800,3600,within_recorded_span_not_independently_verified
scheduling_class_3,675,2084400,3600,within_recorded_span_not_independently_verified
scheduling_class_3,343,2088000,3600,within_recorded_span_not_independently_verified
scheduling_class_3,473,2091600,3600,within_recorded_span_not_independently_verified
scheduling_class_3,642,2095200,3600,within_recorded_span_not_independently_verified
scheduling_class_3,378,2098800,3600,within_recorded_span_not_independently_verified
scheduling_class_3,421,2102400,3600,within_recorded_span_not_independently_verified
scheduling_class_3,708,2106000,3600,within_recorded_span_not_independently_verified
scheduling_class_3,449,2109600,3600,within_recorded_span_not_independently_verified
scheduling_class_3,423,2113200,3600,within_recorded_span_not_independently_verified
scheduling_class_3,618,2116800,3600,within_recorded_span_not_independently_verified
scheduling_class_3,337,2120400,3600,within_recorded_span_not_independently_verified
scheduling_class_3,400,2124000,3600,within_recorded_span_not_independently_verified
scheduling_class_3,676,2127600,3600,within_recorded_span_not_independently_verified
scheduling_class_3,575,2131200,3600,within_recorded_span_not_independently_verified
scheduling_class_3,464,2134800,3600,within_recorded_span_not_independently_verified
scheduling_class_3,553,2138400,3600,within_recorded_span_not_independently_verified
scheduling_class_3,386,2142000,3600,within_recorded_span_not_independently_verified
scheduling_class_3,396,2145600,3600,within_recorded_span_not_independently_verified
scheduling_class_3,679,2149200,3600,within_recorded_span_not_independently_verified
scheduling_class_3,497,2152800,3600,within_recorded_span_not_independently_verified
scheduling_class_3,387,2156400,3600,within_recorded_span_not_independently_verified
scheduling_class_3,571,2160000,3600,within_recorded_span_not_independently_verified
scheduling_class_3,373,2163600,3600,within_recorded_span_not_independently_verified
scheduling_class_3,405,2167200,3600,within_recorded_span_not_independently_verified
scheduling_class_3,717,2170800,3600,within_recorded_span_not_independently_verified
scheduling_class_3,451,2174400,3600,within_recorded_span_not_independently_verified
scheduling_class_3,381,2178000,3600,within_recorded_span_not_independently_verified
scheduling_class_3,570,2181600,3600,within_recorded_span_not_independently_verified
scheduling_class_3,382,2185200,3600,within_recorded_span_not_independently_verified
scheduling_class_3,421,2188800,3600,within_recorded_span_not_independently_verified
scheduling_class_3,636,2192400,3600,within_recorded_span_not_independently_verified
scheduling_class_3,436,2196000,3600,within_recorded_span_not_independently_verified
scheduling_class_3,387,2199600,3600,within_recorded_span_not_independently_verified
scheduling_class_3,518,2203200,3600,within_recorded_span_not_independently_verified
scheduling_class_3,410,2206800,3600,within_recorded_span_not_independently_verified
scheduling_class_3,417,2210400,3600,within_recorded_span_not_independently_verified
scheduling_class_3,661,2214000,3600,within_recorded_span_not_independently_verified
scheduling_class_3,515,2217600,3600,within_recorded_span_not_independently_verified
scheduling_class_3,398,2221200,3600,within_recorded_span_not_independently_verified
scheduling_class_3,602,2224800,3600,within_recorded_span_not_independently_verified
scheduling_class_3,418,2228400,3600,within_recorded_span_not_independently_verified
scheduling_class_3,358,2232000,3600,within_recorded_span_not_independently_verified
scheduling_class_3,685,2235600,3600,within_recorded_span_not_independently_verified
scheduling_class_3,356,2239200,3600,within_recorded_span_not_independently_verified
scheduling_class_3,474,2242800,3600,within_recorded_span_not_independently_verified
scheduling_class_3,575,2246400,3600,within_recorded_span_not_independently_verified
scheduling_class_3,370,2250000,3600,within_recorded_span_not_independently_verified
scheduling_class_3,419,2253600,3600,within_recorded_span_not_independently_verified
scheduling_class_3,643,2257200,3600,within_recorded_span_not_independently_verified
scheduling_class_3,430,2260800,3600,within_recorded_span_not_independently_verified
scheduling_class_3,447,2264400,3600,within_recorded_span_not_independently_verified
scheduling_class_3,618,2268000,3600,within_recorded_span_not_independently_verified
scheduling_class_3,376,2271600,3600,within_recorded_span_not_independently_verified
scheduling_class_3,371,2275200,3600,within_recorded_span_not_independently_verified
scheduling_class_3,727,2278800,3600,within_recorded_span_not_independently_verified
scheduling_class_3,495,2282400,3600,within_recorded_span_not_independently_verified
scheduling_class_3,386,2286000,3600,within_recorded_span_not_independently_verified
scheduling_class_3,578,2289600,3600,within_recorded_span_not_independently_verified
scheduling_class_3,349,2293200,3600,within_recorded_span_not_independently_verified
scheduling_class_3,426,2296800,3600,within_recorded_span_not_independently_verified
scheduling_class_3,666,2300400,3600,within_recorded_span_not_independently_verified
scheduling_class_3,417,2304000,3600,within_recorded_span_not_independently_verified
scheduling_class_3,461,2307600,3600,within_recorded_span_not_independently_verified
scheduling_class_3,760,2311200,3600,within_recorded_span_not_independently_verified
scheduling_class_3,410,2314800,3600,within_recorded_span_not_independently_verified
scheduling_class_3,403,2318400,3600,within_recorded_span_not_independently_verified
scheduling_class_3,631,2322000,3600,within_recorded_span_not_independently_verified
scheduling_class_3,532,2325600,3600,within_recorded_span_not_independently_verified
scheduling_class_3,371,2329200,3600,within_recorded_span_not_independently_verified
scheduling_class_3,666,2332800,3600,within_recorded_span_not_independently_verified
scheduling_class_3,370,2336400,3600,within_recorded_span_not_independently_verified
scheduling_class_3,445,2340000,3600,within_recorded_span_not_independently_verified
scheduling_class_3,675,2343600,3600,within_recorded_span_not_independently_verified
scheduling_class_3,420,2347200,3600,within_recorded_span_not_independently_verified
scheduling_class_3,382,2350800,3600,within_recorded_span_not_independently_verified
scheduling_class_3,607,2354400,3600,within_recorded_span_not_independently_verified
scheduling_class_3,414,2358000,3600,within_recorded_span_not_independently_verified
scheduling_class_3,397,2361600,3600,within_recorded_span_not_independently_verified
scheduling_class_3,716,2365200,3600,within_recorded_span_not_independently_verified
scheduling_class_3,367,2368800,3600,within_recorded_span_not_independently_verified
scheduling_class_3,457,2372400,3600,within_recorded_span_not_independently_verified
scheduling_class_3,494,2376000,3600,within_recorded_span_not_independently_verified
scheduling_class_3,445,2379600,3600,within_recorded_span_not_independently_verified
scheduling_class_3,388,2383200,3600,within_recorded_span_not_independently_verified
scheduling_class_3,623,2386800,3600,within_recorded_span_not_independently_verified
scheduling_class_3,356,2390400,3600,within_recorded_span_not_independently_verified
scheduling_class_3,447,2394000,3600,within_recorded_span_not_independently_verified
scheduling_class_3,541,2397600,3600,within_recorded_span_not_independently_verified
scheduling_class_3,452,2401200,3600,within_recorded_span_not_independently_verified
scheduling_class_3,493,2404800,3600,within_recorded_span_not_independently_verified
scheduling_class_3,615,2408400,3600,within_recorded_span_not_independently_verified
scheduling_class_3,434,2412000,3600,within_recorded_span_not_independently_verified
scheduling_class_3,380,2415600,3600,within_recorded_span_not_independently_verified
scheduling_class_3,433,2419200,3600,within_recorded_span_not_independently_verified
scheduling_class_3,407,2422800,3600,within_recorded_span_not_independently_verified
scheduling_class_3,382,2426400,3600,within_recorded_span_not_independently_verified
scheduling_class_3,650,2430000,3600,within_recorded_span_not_independently_verified
scheduling_class_3,375,2433600,3600,within_recorded_span_not_independently_verified
scheduling_class_3,550,2437200,3600,within_recorded_span_not_independently_verified
scheduling_class_3,517,2440800,3600,within_recorded_span_not_independently_verified
scheduling_class_3,433,2444400,3600,within_recorded_span_not_independently_verified
scheduling_class_3,496,2448000,3600,within_recorded_span_not_independently_verified
scheduling_class_3,678,2451600,3600,within_recorded_span_not_independently_verified
scheduling_class_3,426,2455200,3600,within_recorded_span_not_independently_verified
scheduling_class_3,495,2458800,3600,within_recorded_span_not_independently_verified
scheduling_class_3,597,2462400,3600,within_recorded_span_not_independently_verified
scheduling_class_3,360,2466000,3600,within_recorded_span_not_independently_verified
scheduling_class_3,377,2469600,3600,within_recorded_span_not_independently_verified
scheduling_class_3,603,2473200,3600,within_recorded_span_not_independently_verified
scheduling_class_3,431,2476800,3600,within_recorded_span_not_independently_verified
scheduling_class_3,372,2480400,3600,within_recorded_span_not_independently_verified
scheduling_class_3,433,2484000,3600,within_recorded_span_not_independently_verified
scheduling_class_3,470,2487600,3600,within_recorded_span_not_independently_verified
scheduling_class_3,356,2491200,3600,within_recorded_span_not_independently_verified
scheduling_class_3,571,2494800,3600,within_recorded_span_not_independently_verified
scheduling_class_3,344,2498400,3600,within_recorded_span_not_independently_verified
scheduling_class_3,499,2502000,3600,within_recorded_span_not_independently_verified
scheduling_class_3,455,2505600,3600,within_recorded_span_not_independently_verified
scheduling_class_3,406,2509200,3600,within_recorded_span_not_independently_verified
scheduling_class_3,382,2512800,3600,within_recorded_span_not_independently_verified
scheduling_class_3,755,2516400,3600,within_recorded_span_not_independently_verified
scheduling_class_3,472,2520000,3600,within_recorded_span_not_independently_verified
scheduling_class_3,429,2523600,3600,within_recorded_span_not_independently_verified
scheduling_class_3,634,2527200,3600,within_recorded_span_not_independently_verified
scheduling_class_3,495,2530800,3600,within_recorded_span_not_independently_verified
scheduling_class_3,376,2534400,3600,within_recorded_span_not_independently_verified
scheduling_class_3,952,2538000,3600,within_recorded_span_not_independently_verified
scheduling_class_3,438,2541600,3600,within_recorded_span_not_independently_verified
scheduling_class_3,469,2545200,3600,within_recorded_span_not_independently_verified
scheduling_class_3,576,2548800,3600,within_recorded_span_not_independently_verified
scheduling_class_3,371,2552400,3600,within_recorded_span_not_independently_verified
scheduling_class_3,366,2556000,3600,within_recorded_span_not_independently_verified
scheduling_class_3,614,2559600,3600,within_recorded_span_not_independently_verified
scheduling_class_3,426,2563200,3600,within_recorded_span_not_independently_verified
scheduling_class_3,436,2566800,3600,within_recorded_span_not_independently_verified
scheduling_class_3,549,2570400,3600,within_recorded_span_not_independently_verified
scheduling_class_3,430,2574000,3600,within_recorded_span_not_independently_verified
scheduling_class_3,450,2577600,3600,within_recorded_span_not_independently_verified
scheduling_class_3,665,2581200,3600,within_recorded_span_not_independently_verified
scheduling_class_3,439,2584800,3600,within_recorded_span_not_independently_verified
scheduling_class_3,417,2588400,3600,within_recorded_span_not_independently_verified
scheduling_class_3,468,2592000,3600,within_recorded_span_not_independently_verified
scheduling_class_3,430,2595600,3600,within_recorded_span_not_independently_verified
scheduling_class_3,403,2599200,3600,within_recorded_span_not_independently_verified
scheduling_class_3,703,2602800,3600,within_recorded_span_not_independently_verified
scheduling_class_3,419,2606400,3600,within_recorded_span_not_independently_verified
scheduling_class_3,428,2610000,3600,within_recorded_span_not_independently_verified
scheduling_class_3,785,2613600,3600,within_recorded_span_not_independently_verified
scheduling_class_3,446,2617200,3600,within_recorded_span_not_independently_verified
scheduling_class_3,455,2620800,3600,within_recorded_span_not_independently_verified
scheduling_class_3,860,2624400,3600,within_recorded_span_not_independently_verified
scheduling_class_3,499,2628000,3600,within_recorded_span_not_independently_verified
scheduling_class_3,402,2631600,3600,within_recorded_span_not_independently_verified
scheduling_class_3,682,2635200,3600,within_recorded_span_not_independently_verified
scheduling_class_3,485,2638800,3600,within_recorded_span_not_independently_verified
scheduling_class_3,521,2642400,3600,within_recorded_span_not_independently_verified
scheduling_class_3,630,2646000,3600,within_recorded_span_not_independently_verified
scheduling_class_3,448,2649600,3600,within_recorded_span_not_independently_verified
scheduling_class_3,421,2653200,3600,within_recorded_span_not_independently_verified
scheduling_class_3,531,2656800,3600,within_recorded_span_not_independently_verified
scheduling_class_3,381,2660400,3600,within_recorded_span_not_independently_verified
scheduling_class_3,419,2664000,3600,within_recorded_span_not_independently_verified
scheduling_class_3,589,2667600,3600,within_recorded_span_not_independently_verified
scheduling_class_3,491,2671200,3600,within_recorded_span_not_independently_verified
scheduling_class_3,486,2674800,3600,within_recorded_span_not_independently_verified
scheduling_class_3,27,2678400,3600,partial_boundary
