task_type,arrival_count,window_start_s,window_seconds,coverage
scheduling_class_0,213,0,3600,partial_boundary
scheduling_class_0,276,3600,3600,within_recorded_span_not_independently_verified
scheduling_class_0,229,7200,3600,within_recorded_span_not_independently_verified
scheduling_class_0,300,10800,3600,within_recorded_span_not_independently_verified
scheduling_class_0,295,14400,3600,within_recorded_span_not_independently_verified
scheduling_class_0,449,18000,3600,within_recorded_span_not_independently_verified
scheduling_class_0,403,21600,3600,within_recorded_span_not_independently_verified
scheduling_class_0,264,25200,3600,within_recorded_span_not_independently_verified
scheduling_class_0,212,28800,3600,within_recorded_span_not_independently_verified
scheduling_class_0,268,32400,3600,within_recorded_span_not_independently_verified
scheduling_class_0,276,36000,3600,within_recorded_span_not_independently_verified
scheduling_class_0,225,39600,3600,within_recorded_span_not_independently_verified
scheduling_class_0,267,43200,3600,within_recorded_span_not_independently_verified
scheduling_class_0,305,46800,3600,within_recorded_span_not_independently_verified
scheduling_class_0,225,50400,3600,within_recorded_span_not_independently_verified
scheduling_class_0,302,54000,3600,within_recorded_span_not_independently_verified
scheduling_class_0,355,57600,3600,within_recorded_span_not_independently_verified
scheduling_class_0,362,61200,3600,within_recorded_span_not_independently_verified
scheduling_class_0,337,64800,3600,within_recorded_span_not_independently_verified
scheduling_class_0,410,68400,3600,within_recorded_span_not_independently_verified
scheduling_class_0,356,72000,3600,within_recorded_span_not_independently_verified
scheduling_class_0,589,75600,3600,within_recorded_span_not_independently_verified
scheduling_class_0,392,79200,3600,within_recorded_span_not_independently_verified
scheduling_class_0,333,82800,3600,within_recorded_span_not_independently_verified
scheduling_class_0,331,86400,3600,within_recorded_span_not_independently_verified
scheduling_class_0,341,90000,3600,within_recorded_span_not_independently_verified
scheduling_class_0,379,93600,3600,within_recorded_span_not_independently_verified
scheduling_class_0,401,97200,3600,within_recorded_span_not_independently_verified
scheduling_class_0,406,100800,3600,within_recorded_span_not_independently_verified
scheduling_class_0,492,104400,3600,within_recorded_span_not_independently_verified
scheduling_class_0,356,108000,3600,within_recorded_span_not_independently_verified
scheduling_class_0,404,111600,3600,within_recorded_span_not_independently_verified
scheduling_class_0,385,115200,3600,within_recorded_span_not_independently_verified
scheduling_class_0,380,118800,3600,within_recorded_span_not_independently_verified
scheduling_class_0,429,122400,3600,within_recorded_span_not_independently_verified
scheduling_class_0,382,126000,3600,within_recorded_span_not_independently_verified
scheduling_class_0,393,129600,3600,within_recorded_span_not_independently_verified
scheduling_class_0,402,133200,3600,within_recorded_span_not_independently_verified
scheduling_class_0,364,136800,3600,within_recorded_span_not_independently_verified
scheduling_class_0,362,140400,3600,within_recorded_span_not_independently_verified
scheduling_class_0,410,144000,3600,within_recorded_span_not_independently_verified
scheduling_class_0,469,147600,3600,within_recorded_span_not_independently_verified
scheduling_class_0,490,151200,3600,within_recorded_span_not_independently_verified
scheduling_class_0,413,154800,3600,within_recorded_span_not_independently_verified
scheduling_class_0,485,158400,3600,within_recorded_span_not_independently_verified
scheduling_class_0,404,162000,3600,within_recorded_span_not_independently_verified
scheduling_class_0,446,165600,3600,within_recorded_span_not_independently_verified
scheduling_class_0,394,169200,3600,within_recorded_span_not_independently_verified
scheduling_class_0,307,172800,3600,within_recorded_span_not_independently_verified
scheduling_class_0,368,176400,3600,within_recorded_span_not_independently_verified
scheduling_class_0,372,180000,3600,within_recorded_span_not_independently_verified
scheduling_class_0,289,183600,3600,within_recorded_span_not_independently_verified
scheduling_class_0,294,187200,3600,within_recorded_span_not_independently_verified
scheduling_class_0,426,190800,3600,within_recorded_span_not_independently_verified
scheduling_class_0,359,194400,3600,within_recorded_span_not_independently_verified
scheduling_class_0,264,198000,3600,within_recorded_span_not_independently_verified
scheduling_class_0,313,201600,3600,within_recorded_span_not_independently_verified
scheduling_class_0,310,205200,3600,within_recorded_span_not_independently_verified
scheduling_class_0,300,208800,3600,within_recorded_span_not_independently_verified
scheduling_class_0,285,212400,3600,within_recorded_span_not_independently_verified
scheduling_class_0,301,216000,3600,within_recorded_span_not_independently_verified
scheduling_class_0,367,219600,3600,within_recorded_span_not_independently_verified
scheduling_class_0,310,223200,3600,within_recorded_span_not_independently_verified
scheduling_class_0,379,226800,3600,within_recorded_span_not_independently_verified
scheduling_class_0,354,230400,3600,within_recorded_span_not_independently_verified
scheduling_class_0,410,234000,3600,within_recorded_span_not_independently_verified
scheduling_class_0,427,237600,3600,within_recorded_span_not_independently_verified
scheduling_class_0,321,241200,3600,within_recorded_span_not_independently_verified
scheduling_class_0,421,244800,3600,within_recorded_span_not_independently_verified
scheduling_class_0,414,248400,3600,within_recorded_span_not_independently_verified
scheduling_class_0,449,252000,3600,within_recorded_span_not_independently_verified
scheduling_class_0,453,255600,3600,within_recorded_span_not_independently_verified
scheduling_class_0,454,259200,3600,within_recorded_span_not_independently_verified
scheduling_class_0,482,262800,3600,within_recorded_span_not_independently_verified
scheduling_class_0,409,266400,3600,within_recorded_span_not_independently_verified
scheduling_class_0,304,270000,3600,within_recorded_span_not_independently_verified
scheduling_class_0,386,273600,3600,within_recorded_span_not_independently_verified
scheduling_class_0,506,277200,3600,within_recorded_span_not_independently_verified
scheduling_class_0,336,280800,3600,within_recorded_span_not_independently_verified
scheduling_class_0,297,284400,3600,within_recorded_span_not_independently_verified
scheduling_class_0,292,288000,3600,within_recorded_span_not_independently_verified
scheduling_class_0,258,291600,3600,within_recorded_span_not_independently_verified
scheduling_class_0,278,295200,3600,within_recorded_span_not_independently_verified
scheduling_class_0,250,298800,3600,within_recorded_span_not_independently_verified
scheduling_class_0,246,302400,3600,within_recorded_span_not_independently_verified
scheduling_class_0,459,306000,3600,within_recorded_span_not_independently_verified
scheduling_class_0,391,309600,3600,within_recorded_span_not_independently_verified
scheduling_class_0,295,313200,3600,within_recorded_span_not_independently_verified
scheduling_class_0,372,316800,3600,within_recorded_span_not_independently_verified
scheduling_class_0,388,320400,3600,within_recorded_span_not_independently_verified
scheduling_class_0,385,324000,3600,within_recorded_span_not_independently_verified
scheduling_class_0,349,327600,3600,within_recorded_span_not_independently_verified
scheduling_class_0,464,331200,3600,within_recorded_span_not_independently_verified
scheduling_class_0,376,334800,3600,within_recorded_span_not_independently_verified
scheduling_class_0,395,338400,3600,within_recorded_span_not_independently_verified
scheduling_class_0,355,342000,3600,within_recorded_span_not_independently_verified
scheduling_class_0,341,345600,3600,within_recorded_span_not_independently_verified
scheduling_class_0,353,349200,3600,within_recorded_span_not_independently_verified
scheduling_class_0,381,352800,3600,within_recorded_span_not_independently_verified
scheduling_class_0,273,356400,3600,within_recorded_span_not_independently_verified
scheduling_class_0,362,360000,3600,within_recorded_span_not_independently_verified
scheduling_class_0,486,363600,3600,within_recorded_span_not_independently_verified
scheduling_class_0,333,367200,3600,within_recorded_span_not_independently_verified
scheduling_class_0,267,370800,3600,within_recorded_span_not_independently_verified
scheduling_class_0,315,374400,3600,within_recorded_span_not_independently_verified
scheduling_class_0,254,378000,3600,within_recorded_span_not_independently_verified
scheduling_class_0,301,381600,3600,within_recorded_span_not_independently_verified
scheduling_class_0,264,385200,3600,within_recorded_span_not_independently_verified
scheduling_class_0,248,388800,3600,within_recorded_span_not_independently_verified
scheduling_class_0,385,392400,3600,within_recorded_span_not_independently_verified
scheduling_class_0,373,396000,3600,within_recorded_span_not_independently_verified
scheduling_class_0,383,399600,3600,within_recorded_span_not_independently_verified
scheduling_class_0,474,403200,3600,within_recorded_span_not_independently_verified
scheduling_class_0,525,406800,3600,within_recorded_span_not_independently_verified
scheduling_class_0,437,410400,3600,within_recorded_span_not_independently_verified
scheduling_class_0,380,414000,3600,within_recorded_span_not_independently_verified
scheduling_class_0,396,417600,3600,within_recorded_span_not_independently_verified
scheduling_class_0,404,421200,3600,within_recorded_span_not_independently_verified
scheduling_class_0,460,424800,3600,within_recorded_span_not_independently_verified
scheduling_class_0,366,428400,3600,within_recorded_span_not_independently_verified
scheduling_class_0,402,432000,3600,within_recorded_span_not_independently_verified
scheduling_class_0,352,435600,3600,within_recorded_span_not_independently_verified
scheduling_class_0,303,439200,3600,within_recorded_span_not_independently_verified
scheduling_class_0,473,442800,3600,within_recorded_span_not_independently_verified
scheduling_class_0,273,446400,3600,within_recorded_span_not_independently_verified
scheduling_class_0,493,450000,3600,within_recorded_span_not_independently_verified
scheduling_class_0,514,453600,3600,within_recorded_span_not_independently_verified
scheduling_class_0,476,457200,3600,within_recorded_span_not_independently_verified
scheduling_class_0,487,460800,3600,within_recorded_span_not_independently_verified
scheduling_class_0,507,464400,3600,within_recorded_span_not_independently_verified
scheduling_class_0,361,468000,3600,within_recorded_span_not_independently_verified
scheduling_class_0,223,471600,3600,within_recorded_span_not_independently_verified
scheduling_class_0,233,475200,3600,within_recorded_span_not_independently_verified
scheduling_class_0,259,478800,3600,within_recorded_span_not_independently_verified
scheduling_class_0,292,482400,3600,within_recorded_span_not_independently_verified
scheduling_class_0,240,486000,3600,within_recorded_span_not_independently_verified
scheduling_class_0,290,489600,3600,within_recorded_span_not_independently_verified
scheduling_class_0,256,493200,3600,within_recorded_span_not_independently_verified
scheduling_class_0,270,496800,3600,within_recorded_span_not_independently_verified
scheduling_class_0,250,500400,3600,within_recorded_span_not_independently_verified
scheduling_class_0,256,504000,3600,within_recorded_span_not_independently_verified
scheduling_class_0,320,507600,3600,within_recorded_span_not_independently_verified
scheduling_class_0,243,511200,3600,within_recorded_span_not_independently_verified
scheduling_class_0,192,514800,3600,within_recorded_span_not_independently_verified
scheduling_class_0,258,518400,3600,within_recorded_span_not_independently_verified
scheduling_class_0,306,522000,3600,within_recorded_span_not_independently_verified
scheduling_class_0,268,525600,3600,within_recorded_span_not_independently_verified
scheduling_class_0,276,529200,3600,within_recorded_span_not_independently_verified
scheduling_class_0,310,532800,3600,within_recorded_span_not_independently_verified
scheduling_class_0,513,536400,3600,within_recorded_span_not_independently_verified
scheduling_class_0,373,540000,3600,within_recorded_span_not_independently_verified
scheduling_class_0,250,543600,3600,within_recorded_span_not_independently_verified
scheduling_class_0,306,547200,3600,within_recorded_span_not_independently_verified
scheduling_class_0,295,550800,3600,within_recorded_span_not_independently_verified
scheduling_class_0,332,554400,3600,within_recorded_span_not_independently_verified
scheduling_class_0,235,558000,3600,within_recorded_span_not_independently_verified
scheduling_class_0,305,561600,3600,within_recorded_span_not_independently_verified
scheduling_class_0,265,565200,3600,within_recorded_span_not_independently_verified
scheduling_class_0,420,568800,3600,within_recorded_span_not_independently_verified
scheduling_class_0,240,572400,3600,within_recorded_span_not_independently_verified
scheduling_class_0,277,576000,3600,within_recorded_span_not_independently_verified
scheduling_class_0,259,579600,3600,within_recorded_span_not_independently_verified
scheduling_class_0,246,583200,3600,within_recorded_span_not_independently_verified
scheduling_class_0,216,586800,3600,within_recorded_span_not_independently_verified
scheduling_class_0,259,590400,3600,within_recorded_span_not_independently_verified
scheduling_class_0,298,594000,3600,within_recorded_span_not_independently_verified
scheduling_class_0,241,597600,3600,within_recorded_span_not_independently_verified
scheduling_class_0,228,601200,3600,within_recorded_span_not_independently_verified
scheduling_class_0,303,604800,3600,within_recorded_span_not_independently_verified
scheduling_class_0,361,608400,3600,within_recorded_span_not_independently_verified
scheduling_class_0,320,612000,3600,within_recorded_span_not_independently_verified
scheduling_class_0,303,615600,3600,within_recorded_span_not_independently_verified
scheduling_class_0,321,619200,3600,within_recorded_span_not_independently_verified
scheduling_class_0,474,622800,3600,within_recorded_span_not_independently_verified
scheduling_class_0,360,626400,3600,within_recorded_span_not_independently_verified
scheduling_class_0,294,630000,3600,within_recorded_span_not_independently_verified
scheduling_class_0,332,633600,3600,within_recorded_span_not_independently_verified
scheduling_class_0,333,637200,3600,within_recorded_span_not_independently_verified
scheduling_class_0,346,640800,3600,within_recorded_span_not_independently_verified
scheduling_class_0,287,644400,3600,within_recorded_span_not_independently_verified
scheduling_class_0,342,648000,3600,within_recorded_span_not_independently_verified
scheduling_class_0,294,651600,3600,within_recorded_span_not_independently_verified
scheduling_class_0,347,655200,3600,within_recorded_span_not_independently_verified
scheduling_class_0,394,658800,3600,within_recorded_span_not_independently_verified
scheduling_class_0,382,662400,3600,within_recorded_span_not_independently_verified
scheduling_class_0,392,666000,3600,within_recorded_span_not_independently_verified
scheduling_class_0,511,669600,3600,within_recorded_span_not_independently_verified
scheduling_class_0,391,673200,3600,within_recorded_span_not_independently_verified
scheduling_class_0,540,676800,3600,within_recorded_span_not_independently_verified
scheduling_class_0,422,680400,3600,within_recorded_span_not_independently_verified
scheduling_class_0,373,684000,3600,within_recorded_span_not_independently_verified
scheduling_class_0,385,687600,3600,within_recorded_span_not_independently_verified
scheduling_class_0,342,691200,3600,within_recorded_span_not_independently_verified
scheduling_class_0,418,694800,3600,within_recorded_span_not_independently_verified
scheduling_class_0,382,698400,3600,within_recorded_span_not_independently_verified
scheduling_class_0,341,702000,3600,within_recorded_span_not_independently_verified
scheduling_class_0,369,705600,3600,within_recorded_span_not_independently_verified
scheduling_class_0,482,709200,3600,within_recorded_span_not_independently_verified
scheduling_class_0,318,712800,3600,within_recorded_span_not_independently_verified
scheduling_class_0,277,716400,3600,within_recorded_span_not_independently_verified
scheduling_class_0,297,720000,3600,within_recorded_span_not_independently_verified
scheduling_class_0,283,723600,3600,within_recorded_span_not_independently_verified
scheduling_class_0,312,727200,3600,within_recorded_span_not_independently_verified
scheduling_class_0,289,730800,3600,within_recorded_span_not_independently_verified
scheduling_class_0,278,734400,3600,within_recorded_span_not_independently_verified
scheduling_class_0,331,738000,3600,within_recorded_span_not_independently_verified
scheduling_class_0,289,741600,3600,within_recorded_span_not_independently_verified
scheduling_class_0,346,745200,3600,within_recorded_span_not_independently_verified
scheduling_class_0,384,748800,3600,within_recorded_span_not_independently_verified
scheduling_class_0,329,752400,3600,within_recorded_span_not_independently_verified
scheduling_class_0,379,756000,3600,within_recorded_span_not_independently_verified
scheduling_class_0,406,759600,3600,within_recorded_span_not_independently_verified
scheduling_class_0,444,763200,3600,within_recorded_span_not_independently_verified
scheduling_class_0,448,766800,3600,within_recorded_span_not_independently_verified
scheduling_class_0,616,770400,3600,within_recorded_span_not_independently_verified
scheduling_class_0,484,774000,3600,within_recorded_span_not_independently_verified
scheduling_class_0,274,777600,3600,within_recorded_span_not_independently_verified
scheduling_class_0,395,781200,3600,within_recorded_span_not_independently_verified
scheduling_class_0,487,784800,3600,within_recorded_span_not_independently_verified
scheduling_class_0,348,788400,3600,within_recorded_span_not_independently_verified
scheduling_class_0,490,792000,3600,within_recorded_span_not_independently_verified
scheduling_class_0,723,795600,3600,within_recorded_span_not_independently_verified
scheduling_class_0,515,799200,3600,within_recorded_span_not_independently_verified
scheduling_class_0,286,802800,3600,within_recorded_span_not_independently_verified
scheduling_class_0,332,806400,3600,within_recorded_span_not_independently_verified
scheduling_class_0,290,810000,3600,within_recorded_span_not_independently_verified
scheduling_class_0,345,813600,3600,within_recorded_span_not_independently_verified
scheduling_class_0,313,817200,3600,within_recorded_span_not_independently_verified
scheduling_class_0,295,820800,3600,within_recorded_span_not_independently_verified
scheduling_class_0,373,824400,3600,within_recorded_span_not_independently_verified
scheduling_class_0,338,828000,3600,within_recorded_span_not_independently_verified
scheduling_class_0,301,831600,3600,within_recorded_span_not_independently_verified
scheduling_class_0,482,835200,3600,within_recorded_span_not_independently_verified
scheduling_class_0,487,838800,3600,within_recorded_span_not_independently_verified
scheduling_class_0,399,842400,3600,within_recorded_span_not_independently_verified
scheduling_class_0,418,846000,3600,within_recorded_span_not_independently_verified
scheduling_class_0,451,849600,3600,within_recorded_span_not_independently_verified
scheduling_class_0,514,853200,3600,within_recorded_span_not_independently_verified
scheduling_class_0,532,856800,3600,within_recorded_span_not_independently_verified
scheduling_class_0,436,860400,3600,within_recorded_span_not_independently_verified
scheduling_class_0,422,864000,3600,within_recorded_span_not_independently_verified
scheduling_class_0,464,867600,3600,within_recorded_span_not_independently_verified
scheduling_class_0,610,871200,3600,within_recorded_span_not_independently_verified
scheduling_class_0,489,874800,3600,within_recorded_span_not_independently_verified
scheduling_class_0,434,878400,3600,within_recorded_span_not_independently_verified
scheduling_class_0,504,882000,3600,within_recorded_span_not_independently_verified
scheduling_class_0,422,885600,3600,within_recorded_span_not_independently_verified
scheduling_class_0,392,889200,3600,within_recorded_span_not_independently_verified
scheduling_class_0,378,892800,3600,within_recorded_span_not_independently_verified
scheduling_class_0,409,896400,3600,within_recorded_span_not_independently_verified
scheduling_class_0,399,900000,3600,within_recorded_span_not_independently_verified
scheduling_class_0,386,903600,3600,within_recorded_span_not_independently_verified
scheduling_class_0,343,907200,3600,within_recorded_span_not_independently_verified
scheduling_class_0,400,910800,3600,within_recorded_span_not_independently_verified
scheduling_class_0,498,914400,3600,within_recorded_span_not_independently_verified
scheduling_class_0,419,918000,3600,within_recorded_span_not_independently_verified
scheduling_class_0,511,921600,3600,within_recorded_span_not_independently_verified
scheduling_class_0,441,925200,3600,within_recorded_span_not_independently_verified
scheduling_class_0,495,928800,3600,within_recorded_span_not_independently_verified
scheduling_class_0,460,932400,3600,within_recorded_span_not_independently_verified
scheduling_class_0,453,936000,3600,within_recorded_span_not_independently_verified
scheduling_class_0,422,939600,3600,within_recorded_span_not_independently_verified
scheduling_class_0,461,943200,3600,within_recorded_span_not_independently_verified
scheduling_class_0,344,946800,3600,within_recorded_span_not_independently_verified
scheduling_class_0,325,950400,3600,within_recorded_span_not_independently_verified
scheduling_class_0,333,954000,3600,within_recorded_span_not_independently_verified
scheduling_class_0,365,957600,3600,within_recorded_span_not_independently_verified
scheduling_class_0,318,961200,3600,within_recorded_span_not_independently_verified
scheduling_class_0,376,964800,3600,within_recorded_span_not_independently_verified
scheduling_class_0,480,968400,3600,within_recorded_span_not_independently_verified
scheduling_class_0,417,972000,3600,within_recorded_span_not_independently_verified
scheduling_class_0,372,975600,3600,within_recorded_span_not_independently_verified
scheduling_class_0,311,979200,3600,within_recorded_span_not_independently_verified
scheduling_class_0,304,982800,3600,within_recorded_span_not_independently_verified
scheduling_class_0,341,986400,3600,within_recorded_span_not_independently_verified
scheduling_class_0,288,990000,3600,within_recorded_span_not_independently_verified
scheduling_class_0,324,993600,3600,within_recorded_span_not_independently_verified
scheduling_class_0,458,997200,3600,within_recorded_span_not_independently_verified
scheduling_class_0,372,1000800,3600,within_recorded_span_not_independently_verified
scheduling_class_0,371,1004400,3600,within_recorded_span_not_independently_verified
scheduling_class_0,426,1008000,3600,within_recorded_span_not_independently_verified
scheduling_class_0,379,1011600,3600,within_recorded_span_not_independently_verified
scheduling_class_0,405,1015200,3600,within_recorded_span_not_independently_verified
scheduling_class_0,397,1018800,3600,within_recorded_span_not_independently_verified
scheduling_class_0,468,1022400,3600,within_recorded_span_not_independently_verified
scheduling_class_0,566,1026000,3600,within_recorded_span_not_independently_verified
scheduling_class_0,505,1029600,3600,within_recorded_span_not_independently_verified
scheduling_class_0,417,1033200,3600,within_recorded_span_not_independently_verified
scheduling_class_0,339,1036800,3600,within_recorded_span_not_independently_verified
scheduling_class_0,356,1040400,3600,within_recorded_span_not_independently_verified
scheduling_class_0,381,1044000,3600,within_recorded_span_not_independently_verified
scheduling_class_0,261,1047600,3600,within_recorded_span_not_independently_verified
scheduling_class_0,259,1051200,3600,within_recorded_span_not_independently_verified
scheduling_class_0,509,1054800,3600,within_recorded_span_not_independently_verified
scheduling_class_0,494,1058400,3600,within_recorded_span_not_independently_verified
scheduling_class_0,483,1062000,3600,within_recorded_span_not_independently_verified
scheduling_class_0,502,1065600,3600,within_recorded_span_not_independently_verified
scheduling_class_0,408,1069200,3600,within_recorded_span_not_independently_verified
scheduling_class_0,263,1072800,3600,within_recorded_span_not_independently_verified
scheduling_class_0,250,1076400,3600,within_recorded_span_not_independently_verified
scheduling_class_0,253,1080000,3600,within_recorded_span_not_independently_verified
scheduling_class_0,259,1083600,3600,within_recorded_span_not_independently_verified
scheduling_class_0,268,1087200,3600,within_recorded_span_not_independently_verified
scheduling_class_0,222,1090800,3600,within_recorded_span_not_independently_verified
scheduling_class_0,294,1094400,3600,within_recorded_span_not_independently_verified
scheduling_class_0,280,1098000,3600,within_recorded_span_not_independently_verified
scheduling_class_0,244,1101600,3600,within_recorded_span_not_independently_verified
scheduling_class_0,229,1105200,3600,within_recorded_span_not_independently_verified
scheduling_class_0,262,1108800,3600,within_recorded_span_not_independently_verified
scheduling_class_0,294,1112400,3600,within_recorded_span_not_independently_verified
scheduling_class_0,196,1116000,3600,within_recorded_span_not_independently_verified
scheduling_class_0,222,1119600,3600,within_recorded_span_not_independently_verified
scheduling_class_0,274,1123200,3600,within_recorded_span_not_independently_verified
scheduling_class_0,271,1126800,3600,within_recorded_span_not_independently_verified
scheduling_class_0,307,1130400,3600,within_recorded_span_not_independently_verified
scheduling_class_0,277,1134000,3600,within_recorded_span_not_independently_verified
scheduling_class_0,241,1137600,3600,within_recorded_span_not_independently_verified
scheduling_class_0,403,1141200,3600,within_recorded_span_not_independently_verified
scheduling_class_0,317,1144800,3600,within_recorded_span_not_independently_verified
scheduling_class_0,181,1148400,3600,within_recorded_span_not_independently_verified
scheduling_class_0,269,1152000,3600,within_recorded_span_not_independently_verified
scheduling_class_0,258,1155600,3600,within_recorded_span_not_independently_verified
scheduling_class_0,257,1159200,3600,within_recorded_span_not_independently_verified
scheduling_class_0,248,1162800,3600,within_recorded_span_not_independently_verified
scheduling_class_0,287,1166400,3600,within_recorded_span_not_independently_verified
scheduling_class_0,250,1170000,3600,within_recorded_span_not_independently_verified
scheduling_class_0,249,1173600,3600,within_recorded_span_not_independently_verified
scheduling_class_0,251,1177200,3600,within_recorded_span_not_independently_verified
scheduling_class_0,251,1180800,3600,within_recorded_span_not_independently_verified
scheduling_class_0,328,1184400,3600,within_recorded_span_not_independently_verified
scheduling_class_0,263,1188000,3600,within_recorded_span_not_independently_verified
scheduling_class_0,218,1191600,3600,within_recorded_span_not_independently_verified
scheduling_class_0,262,1195200,3600,within_recorded_span_not_independently_verified
scheduling_class_0,286,1198800,3600,within_recorded_span_not_independently_verified
scheduling_class_0,239,1202400,3600,within_recorded_span_not_independently_verified
scheduling_class_0,218,1206000,3600,within_recorded_span_not_independently_verified
scheduling_class_0,248,1209600,3600,within_recorded_span_not_independently_verified
scheduling_class_0,262,1213200,3600,within_recorded_span_not_independently_verified
scheduling_class_0,369,1216800,3600,within_recorded_span_not_independently_verified
scheduling_class_0,283,1220400,3600,within_recorded_span_not_independently_verified
scheduling_class_0,389,1224000,3600,within_recorded_span_not_independently_verified
scheduling_class_0,442,1227600,3600,within_recorded_span_not_independently_verified
scheduling_class_0,290,1231200,3600,within_recorded_span_not_independently_verified
scheduling_class_0,280,1234800,3600,within_recorded_span_not_independently_verified
scheduling_class_0,258,1238400,3600,within_recorded_span_not_independently_verified
scheduling_class_0,261,1242000,3600,within_recorded_span_not_independently_verified
scheduling_class_0,299,1245600,3600,within_recorded_span_not_independently_verified
scheduling_class_0,251,1249200,3600,within_recorded_span_not_independently_verified
scheduling_class_0,257,1252800,3600,within_recorded_span_not_independently_verified
scheduling_class_0,300,1256400,3600,within_recorded_span_not_independently_verified
scheduling_class_0,293,1260000,3600,within_recorded_span_not_independently_verified
scheduling_class_0,355,1263600,3600,within_recorded_span_not_independently_verified
scheduling_class_0,469,1267200,3600,within_recorded_span_not_independently_verified
scheduling_class_0,412,1270800,3600,within_recorded_span_not_independently_verified
scheduling_class_0,344,1274400,3600,within_recorded_span_not_independently_verified
scheduling_class_0,453,1278000,3600,within_recorded_span_not_independently_verified
scheduling_class_0,355,1281600,3600,within_recorded_span_not_independently_verified
scheduling_class_0,336,1285200,3600,within_recorded_span_not_independently_verified
scheduling_class_0,421,1288800,3600,within_recorded_span_not_independently_verified
scheduling_class_0,405,1292400,3600,within_recorded_span_not_independently_verified
scheduling_class_0,516,1296000,3600,within_recorded_span_not_independently_verified
scheduling_class_0,555,1299600,3600,within_recorded_span_not_independently_verified
scheduling_class_0,402,1303200,3600,within_recorded_span_not_independently_verified
scheduling_class_0,281,1306800,3600,within_recorded_span_not_independently_verified
scheduling_class_0,333,1310400,3600,within_recorded_span_not_independently_verified
scheduling_class_0,597,1314000,3600,within_recorded_span_not_independently_verified
scheduling_class_0,582,1317600,3600,within_recorded_span_not_independently_verified
scheduling_class_0,534,1321200,3600,within_recorded_span_not_independently_verified
scheduling_class_0,571,1324800,3600,within_recorded_span_not_independently_verified
scheduling_class_0,438,1328400,3600,within_recorded_span_not_independently_verified
scheduling_class_0,285,1332000,3600,within_recorded_span_not_independently_verified
scheduling_class_0,271,1335600,3600,within_recorded_span_not_independently_verified
scheduling_class_0,261,1339200,3600,within_recorded_span_not_independently_verified
scheduling_class_0,304,1342800,3600,within_recorded_span_not_independently_verified
scheduling_class_0,313,1346400,3600,within_recorded_span_not_independently_verified
scheduling_class_0,364,1350000,3600,within_recorded_span_not_independently_verified
scheduling_class_0,500,1353600,3600,within_recorded_span_not_independently_verified
scheduling_class_0,525,1357200,3600,within_recorded_span_not_independently_verified
scheduling_class_0,431,1360800,3600,within_recorded_span_not_independently_verified
scheduling_class_0,410,1364400,3600,within_recorded_span_not_independently_verified
scheduling_class_0,397,1368000,3600,within_recorded_span_not_independently_verified
scheduling_class_0,372,1371600,3600,within_recorded_span_not_independently_verified
scheduling_class_0,436,1375200,3600,within_recorded_span_not_independently_verified
scheduling_class_0,384,1378800,3600,within_recorded_span_not_independently_verified
scheduling_class_0,314,1382400,3600,within_recorded_span_not_independently_verified
scheduling_class_0,407,1386000,3600,within_recorded_span_not_independently_verified
scheduling_class_0,394,1389600,3600,within_recorded_span_not_independently_verified
scheduling_class_0,267,1393200,3600,within_recorded_span_not_independently_verified
scheduling_class_0,271,1396800,3600,within_recorded_span_not_independently_verified
scheduling_class_0,436,1400400,3600,within_recorded_span_not_independently_verified
scheduling_class_0,313,1404000,3600,within_recorded_span_not_independently_verified
scheduling_class_0,311,1407600,3600,within_recorded_span_not_independently_verified
scheduling_class_0,351,1411200,3600,within_recorded_span_not_independently_verified
scheduling_class_0,318,1414800,3600,within_recorded_span_not_independently_verified
scheduling_class_0,334,1418400,3600,within_recorded_span_not_independently_verified
scheduling_class_0,287,1422000,3600,within_recorded_span_not_independently_verified
scheduling_class_0,307,1425600,3600,within_recorded_span_not_independently_verified
scheduling_class_0,340,1429200,3600,within_recorded_span_not_independently_verified
scheduling_class_0,319,1432800,3600,within_recorded_span_not_independently_verified
scheduling_class_0,412,1436400,3600,within_recorded_span_not_independently_verified
scheduling_class_0,518,1440000,3600,within_recorded_span_not_independently_verified
scheduling_class_0,401,1443600,3600,within_recorded_span_not_independently_verified
scheduling_class_0,509,1447200,3600,within_recorded_span_not_independently_verified
scheduling_class_0,461,1450800,3600,within_recorded_span_not_independently_verified
scheduling_class_0,608,1454400,3600,within_recorded_span_not_independently_verified
scheduling_class_0,422,1458000,3600,within_recorded_span_not_independently_verified
scheduling_class_0,434,1461600,3600,within_recorded_span_not_independently_verified
scheduling_class_0,360,1465200,3600,within_recorded_span_not_independently_verified
scheduling_class_0,422,1468800,3600,within_recorded_span_not_independently_verified
scheduling_class_0,416,1472400,3600,within_recorded_span_not_independently_verified
scheduling_class_0,368,1476000,3600,within_recorded_span_not_independently_verified
scheduling_class_0,275,1479600,3600,within_recorded_span_not_independently_verified
scheduling_class_0,301,1483200,3600,within_recorded_span_not_independently_verified
scheduling_class_0,523,1486800,3600,within_recorded_span_not_independently_verified
scheduling_class_0,1206,1490400,3600,within_recorded_span_not_independently_verified
scheduling_class_0,1348,1494000,3600,within_recorded_span_not_independently_verified
scheduling_class_0,1360,1497600,3600,within_recorded_span_not_independently_verified
scheduling_class_0,1122,1501200,3600,within_recorded_span_not_independently_verified
scheduling_class_0,985,1504800,3600,within_recorded_span_not_independently_verified
scheduling_class_0,1062,1508400,3600,within_recorded_span_not_independently_verified
scheduling_class_0,1084,1512000,3600,within_recorded_span_not_independently_verified
scheduling_class_0,1072,1515600,3600,within_recorded_span_not_independently_verified
scheduling_class_0,1138,1519200,3600,within_recorded_span_not_independently_verified
scheduling_class_0,1226,1522800,3600,within_recorded_span_not_independently_verified
scheduling_class_0,523,1526400,3600,within_recorded_span_not_independently_verified
scheduling_class_0,410,1530000,3600,within_recorded_span_not_independently_verified
scheduling_class_0,459,1533600,3600,within_recorded_span_not_independently_verified
scheduling_class_0,348,1537200,3600,within_recorded_span_not_independently_verified
scheduling_class_0,467,1540800,3600,within_recorded_span_not_independently_verified
scheduling_class_0,797,1544400,3600,within_recorded_span_not_independently_verified
scheduling_class_0,1088,1548000,3600,within_recorded_span_not_independently_verified
scheduling_class_0,794,1551600,3600,within_recorded_span_not_independently_verified
scheduling_class_0,609,1555200,3600,within_recorded_span_not_independently_verified
scheduling_class_0,279,1558800,3600,within_recorded_span_not_independently_verified
scheduling_class_0,402,1562400,3600,within_recorded_span_not_independently_verified
scheduling_class_0,285,1566000,3600,within_recorded_span_not_independently_verified
scheduling_class_0,274,1569600,3600,within_recorded_span_not_independently_verified
scheduling_class_0,484,1573200,3600,within_recorded_span_not_independently_verified
scheduling_class_0,468,1576800,3600,within_recorded_span_not_independently_verified
scheduling_class_0,258,1580400,3600,within_recorded_span_not_independently_verified
scheduling_class_0,349,1584000,3600,within_recorded_span_not_independently_verified
scheduling_class_0,355,1587600,3600,within_recorded_span_not_independently_verified
scheduling_class_0,288,1591200,3600,within_recorded_span_not_independently_verified
scheduling_class_0,279,1594800,3600,within_recorded_span_not_independently_verified
scheduling_class_0,297,1598400,3600,within_recorded_span_not_independently_verified
scheduling_class_0,257,1602000,3600,within_recorded_span_not_independently_verified
scheduling_class_0,325,1605600,3600,within_recorded_span_not_independently_verified
scheduling_class_0,453,1609200,3600,within_recorded_span_not_independently_verified
scheduling_class_0,442,1612800,3600,within_recorded_span_not_independently_verified
scheduling_class_0,392,1616400,3600,within_recorded_span_not_independently_verified
scheduling_class_0,449,1620000,3600,within_recorded_span_not_independently_verified
scheduling_class_0,329,1623600,3600,within_recorded_span_not_independently_verified
scheduling_class_0,484,1627200,3600,within_recorded_span_not_independently_verified
scheduling_class_0,575,1630800,3600,within_recorded_span_not_independently_verified
scheduling_class_0,573,1634400,3600,within_recorded_span_not_independently_verified
scheduling_class_0,442,1638000,3600,within_recorded_span_not_independently_verified
scheduling_class_0,317,1641600,3600,within_recorded_span_not_independently_verified
scheduling_class_0,319,1645200,3600,within_recorded_span_not_independently_verified
scheduling_class_0,341,1648800,3600,within_recorded_span_not_independently_verified
scheduling_class_0,270,1652400,3600,within_recorded_span_not_independently_verified
scheduling_class_0,285,1656000,3600,within_recorded_span_not_independently_verified
scheduling_class_0,504,1659600,3600,within_recorded_span_not_independently_verified
scheduling_class_0,512,1663200,3600,within_recorded_span_not_independently_verified
scheduling_class_0,581,1666800,3600,within_recorded_span_not_independently_verified
scheduling_class_0,360,1670400,3600,within_recorded_span_not_independently_verified
scheduling_class_0,309,1674000,3600,within_recorded_span_not_independently_verified
scheduling_class_0,304,1677600,3600,within_recorded_span_not_independently_verified
scheduling_class_0,268,1681200,3600,within_recorded_span_not_independently_verified
scheduling_class_0,275,1684800,3600,within_recorded_span_not_independently_verified
scheduling_class_0,309,1688400,3600,within_recorded_span_not_independently_verified
scheduling_class_0,272,1692000,3600,within_recorded_span_not_independently_verified
scheduling_class_0,401,1695600,3600,within_recorded_span_not_independently_verified
scheduling_class_0,274,1699200,3600,within_recorded_span_not_independently_verified
scheduling_class_0,288,1702800,3600,within_recorded_span_not_independently_verified
scheduling_class_0,264,1706400,3600,within_recorded_span_not_independently_verified
scheduling_class_0,281,1710000,3600,within_recorded_span_not_independently_verified
scheduling_class_0,298,1713600,3600,within_recorded_span_not_independently_verified
scheduling_class_0,266,1717200,3600,within_recorded_span_not_independently_verified
scheduling_class_0,261,1720800,3600,within_recorded_span_not_independently_verified
scheduling_class_0,244,1724400,3600,within_recorded_span_not_independently_verified
scheduling_class_0,251,1728000,3600,within_recorded_span_not_independently_verified
scheduling_class_0,261,1731600,3600,within_recorded_span_not_independently_verified
scheduling_class_0,346,1735200,3600,within_recorded_span_not_independently_verified
scheduling_class_0,246,1738800,3600,within_recorded_span_not_independently_verified
scheduling_class_0,263,1742400,3600,within_recorded_span_not_independently_verified
scheduling_class_0,407,1746000,3600,within_recorded_span_not_independently_verified
scheduling_class_0,233,1749600,3600,within_recorded_span_not_independently_verified
scheduling_class_0,264,1753200,3600,within_recorded_span_not_independently_verified
scheduling_class_0,312,1756800,3600,within_recorded_span_not_independently_verified
scheduling_class_0,254,1760400,3600,within_recorded_span_not_independently_verified
scheduling_class_0,322,1764000,3600,within_recorded_span_not_independently_verified
scheduling_class_0,267,1767600,3600,within_recorded_span_not_independently_verified
scheduling_class_0,235,1771200,3600,within_recorded_span_not_independently_verified
scheduling_class_0,364,1774800,3600,within_recorded_span_not_independently_verified
scheduling_class_0,281,1778400,3600,within_recorded_span_not_independently_verified
scheduling_class_0,232,1782000,3600,within_recorded_span_not_independently_verified
scheduling_class_0,262,1785600,3600,within_recorded_span_not_independently_verified
scheduling_class_0,319,1789200,3600,within_recorded_span_not_independently_verified
scheduling_class_0,235,1792800,3600,within_recorded_span_not_independently_verified
scheduling_class_0,246,1796400,3600,within_recorded_span_not_independently_verified
scheduling_class_0,309,1800000,3600,within_recorded_span_not_independently_verified
scheduling_class_0,265,1803600,3600,within_recorded_span_not_independently_verified
scheduling_class_0,247,1807200,3600,within_recorded_span_not_independently_verified
scheduling_class_0,252,1810800,3600,within_recorded_span_not_independently_verified
scheduling_class_0,268,1814400,3600,within_recorded_span_not_independently_verified
scheduling_class_0,295,1818000,3600,within_recorded_span_not_independently_verified
scheduling_class_0,321,1821600,3600,within_recorded_span_not_independently_verified
scheduling_class_0,229,1825200,3600,within_recorded_span_not_independently_verified
scheduling_class_0,299,1828800,3600,within_recorded_span_not_independently_verified
scheduling_class_0,397,1832400,3600,within_recorded_span_not_independently_verified
scheduling_class_0,274,1836000,3600,within_recorded_span_not_independently_verified
scheduling_class_0,247,1839600,3600,within_recorded_span_not_independently_verified
scheduling_class_0,323,1843200,3600,within_recorded_span_not_independently_verified
scheduling_class_0,269,1846800,3600,within_recorded_span_not_independently_verified
scheduling_class_0,298,1850400,3600,within_recorded_span_not_independently_verified
scheduling_class_0,286,1854000,3600,within_recorded_span_not_independently_verified
scheduling_class_0,294,1857600,3600,within_recorded_span_not_independently_verified
scheduling_class_0,320,1861200,3600,within_recorded_span_not_independently_verified
scheduling_class_0,310,1864800,3600,within_recorded_span_not_independently_verified
scheduling_class_0,251,1868400,3600,within_recorded_span_not_independently_verified
scheduling_class_0,260,1872000,3600,within_recorded_span_not_independently_verified
scheduling_class_0,316,1875600,3600,within_recorded_span_not_independently_verified
scheduling_class_0,385,1879200,3600,within_recorded_span_not_independently_verified
scheduling_class_0,357,1882800,3600,within_recorded_span_not_independently_verified
scheduling_class_0,507,1886400,3600,within_recorded_span_not_independently_verified
scheduling_class_0,451,1890000,3600,within_recorded_span_not_independently_verified
scheduling_class_0,403,1893600,3600,within_recorded_span_not_independently_verified
scheduling_class_0,300,1897200,3600,within_recorded_span_not_independently_verified
scheduling_class_0,385,1900800,3600,within_recorded_span_not_independently_verified
scheduling_class_0,365,1904400,3600,within_recorded_span_not_independently_verified
scheduling_class_0,280,1908000,3600,within_recorded_span_not_independently_verified
scheduling_class_0,266,1911600,3600,within_recorded_span_not_independently_verified
scheduling_class_0,298,1915200,3600,within_recorded_span_not_independently_verified
scheduling_class_0,410,1918800,3600,within_recorded_span_not_independently_verified
scheduling_class_0,289,1922400,3600,within_recorded_span_not_independently_verified
scheduling_class_0,288,1926000,3600,within_recorded_span_not_independently_verified
scheduling_class_0,278,1929600,3600,within_recorded_span_not_independently_verified
scheduling_class_0,311,1933200,3600,within_recorded_span_not_independently_verified
scheduling_class_0,337,1936800,3600,within_recorded_span_not_independently_verified
scheduling_class_0,283,1940400,3600,within_recorded_span_not_independently_verified
scheduling_class_0,296,1944000,3600,within_recorded_span_not_independently_verified
scheduling_class_0,361,1947600,3600,within_recorded_span_not_independently_verified
scheduling_class_0,333,1951200,3600,within_recorded_span_not_independently_verified
scheduling_class_0,356,1954800,3600,within_recorded_span_not_independently_verified
scheduling_class_0,383,1958400,3600,within_recorded_span_not_independently_verified
scheduling_class_0,350,1962000,3600,within_recorded_span_not_independently_verified
scheduling_class_0,280,1965600,3600,within_recorded_span_not_independently_verified
scheduling_class_0,355,1969200,3600,within_recorded_span_not_independently_verified
scheduling_class_0,466,1972800,3600,within_recorded_span_not_independently_verified
scheduling_class_0,850,1976400,3600,within_recorded_span_not_independently_verified
scheduling_class_0,866,1980000,3600,within_recorded_span_not_independently_verified
scheduling_class_0,762,1983600,3600,within_recorded_span_not_independently_verified
scheduling_class_0,717,1987200,3600,within_recorded_span_not_independently_verified
scheduling_class_0,517,1990800,3600,within_recorded_span_not_independently_verified
scheduling_class_0,517,1994400,3600,within_recorded_span_not_independently_verified
scheduling_class_0,460,1998000,3600,within_recorded_span_not_independently_verified
scheduling_class_0,336,2001600,3600,within_recorded_span_not_independently_verified
scheduling_class_0,528,2005200,3600,within_recorded_span_not_independently_verified
scheduling_class_0,355,2008800,3600,within_recorded_span_not_independently_verified
scheduling_class_0,326,2012400,3600,within_recorded_span_not_independently_verified
scheduling_class_0,404,2016000,3600,within_recorded_span_not_independently_verified
scheduling_class_0,379,2019600,3600,within_recorded_span_not_independently_verified
scheduling_class_0,351,2023200,3600,within_recorded_span_not_independently_verified
scheduling_class_0,295,2026800,3600,within_recorded_span_not_independently_verified
scheduling_class_0,351,2030400,3600,within_recorded_span_not_independently_verified
scheduling_class_0,340,2034000,3600,within_recorded_span_not_independently_verified
scheduling_class_0,335,2037600,3600,within_recorded_span_not_independently_verified
scheduling_class_0,420,2041200,3600,within_recorded_span_not_independently_verified
scheduling_class_0,403,2044800,3600,within_recorded_span_not_independently_verified
scheduling_class_0,382,2048400,3600,within_recorded_span_not_independently_verified
scheduling_class_0,377,2052000,3600,within_recorded_span_not_independently_verified
scheduling_class_0,293,2055600,3600,within_recorded_span_not_independently_verified
scheduling_class_0,375,2059200,3600,within_recorded_span_not_independently_verified
scheduling_class_0,405,2062800,3600,within_recorded_span_not_independently_verified
scheduling_class_0,393,2066400,3600,within_recorded_span_not_independently_verified
scheduling_class_0,374,2070000,3600,within_recorded_span_not_independently_verified
scheduling_class_0,304,2073600,3600,within_recorded_span_not_independently_verified
scheduling_class_0,296,2077200,3600,within_recorded_span_not_independently_verified
scheduling_class_0,371,2080800,3600,within_recorded_span_not_independently_verified
scheduling_class_0,260,2084400,3600,within_recorded_span_not_independently_verified
scheduling_class_0,261,2088000,3600,within_recorded_span_not_independently_verified
scheduling_class_0,409,2091600,3600,within_recorded_span_not_independently_verified
scheduling_class_0,260,2095200,3600,within_recorded_span_not_independently_verified
scheduling_class_0,220,2098800,3600,within_recorded_span_not_independently_verified
scheduling_class_0,276,2102400,3600,within_recorded_span_not_independently_verified
scheduling_class_0,279,2106000,3600,within_recorded_span_not_independently_verified
scheduling_class_0,294,2109600,3600,within_recorded_span_not_independently_verified
scheduling_class_0,244,2113200,3600,within_recorded_span_not_independently_verified
scheduling_class_0,261,2116800,3600,within_recorded_span_not_independently_verified
scheduling_class_0,273,2120400,3600,within_recorded_span_not_independently_verified
scheduling_class_0,267,2124000,3600,within_recorded_span_not_independently_verified
scheduling_class_0,376,2127600,3600,within_recorded_span_not_independently_verified
scheduling_class_0,425,2131200,3600,within_recorded_span_not_independently_verified
scheduling_class_0,353,2134800,3600,within_recorded_span_not_independently_verified
scheduling_class_0,389,2138400,3600,within_recorded_span_not_independently_verified
scheduling_class_0,316,2142000,3600,within_recorded_span_not_independently_verified
scheduling_class_0,340,2145600,3600,within_recorded_span_not_independently_verified
scheduling_class_0,394,2149200,3600,within_recorded_span_not_independently_verified
scheduling_class_0,363,2152800,3600,within_recorded_span_not_independently_verified
scheduling_class_0,421,2156400,3600,within_recorded_span_not_independently_verified
scheduling_class_0,529,2160000,3600,within_recorded_span_not_independently_verified
scheduling_class_0,408,2163600,3600,within_recorded_span_not_independently_verified
scheduling_class_0,271,2167200,3600,within_recorded_span_not_independently_verified
scheduling_class_0,212,2170800,3600,within_recorded_span_not_independently_verified
scheduling_class_0,229,2174400,3600,within_recorded_span_not_independently_verified
scheduling_class_0,453,2178000,3600,within_recorded_span_not_independently_verified
scheduling_class_0,456,2181600,3600,within_recorded_span_not_independently_verified
scheduling_class_0,491,2185200,3600,within_recorded_span_not_independently_verified
scheduling_class_0,570,2188800,3600,within_recorded_span_not_independently_verified
scheduling_class_0,263,2192400,3600,within_recorded_span_not_independently_verified
scheduling_class_0,394,2196000,3600,within_recorded_span_not_independently_verified
scheduling_class_0,408,2199600,3600,within_recorded_span_not_independently_verified
scheduling_class_0,393,2203200,3600,within_recorded_span_not_independently_verified
scheduling_class_0,450,2206800,3600,within_recorded_span_not_independently_verified
scheduling_class_0,424,2210400,3600,within_recorded_span_not_independently_verified
scheduling_class_0,345,2214000,3600,within_recorded_span_not_independently_verified
scheduling_class_0,349,2217600,3600,within_recorded_span_not_independently_verified
scheduling_class_0,425,2221200,3600,within_recorded_span_not_independently_verified
scheduling_class_0,339,2224800,3600,within_recorded_span_not_independently_verified
scheduling_class_0,388,2228400,3600,within_recorded_span_not_independently_verified
scheduling_class_0,520,2232000,3600,within_recorded_span_not_independently_verified
scheduling_class_0,696,2235600,3600,within_recorded_span_not_independently_verified
scheduling_class_0,602,2239200,3600,within_recorded_span_not_independently_verified
scheduling_class_0,581,2242800,3600,within_recorded_span_not_independently_verified
scheduling_class_0,660,2246400,3600,within_recorded_span_not_independently_verified
scheduling_class_0,664,2250000,3600,within_recorded_span_not_independently_verified
scheduling_class_0,498,2253600,3600,within_recorded_span_not_independently_verified
scheduling_class_0,558,2257200,3600,within_recorded_span_not_independently_verified
scheduling_class_0,416,2260800,3600,within_recorded_span_not_independently_verified
scheduling_class_0,438,2264400,3600,within_recorded_span_not_independently_verified
scheduling_class_0,275,2268000,3600,within_recorded_span_not_independently_verified
scheduling_class_0,283,2271600,3600,within_recorded_span_not_independently_verified
scheduling_class_0,291,2275200,3600,within_recorded_span_not_independently_verified
scheduling_class_0,280,2278800,3600,within_recorded_span_not_independently_verified
scheduling_class_0,272,2282400,3600,within_recorded_span_not_independently_verified
scheduling_class_0,274,2286000,3600,within_recorded_span_not_independently_verified
scheduling_class_0,240,2289600,3600,within_recorded_span_not_independently_verified
scheduling_class_0,333,2293200,3600,within_recorded_span_not_independently_verified
scheduling_class_0,283,2296800,3600,within_recorded_span_not_independently_verified
scheduling_class_0,272,2300400,3600,within_recorded_span_not_independently_verified
scheduling_class_0,263,2304000,3600,within_recorded_span_not_independently_verified
scheduling_class_0,299,2307600,3600,within_recorded_span_not_independently_verified
scheduling_class_0,247,2311200,3600,within_recorded_span_not_independently_verified
scheduling_class_0,239,2314800,3600,within_recorded_span_not_independently_verified
scheduling_class_0,310,2318400,3600,within_recorded_span_not_independently_verified
scheduling_class_0,313,2322000,3600,within_recorded_span_not_independently_verified
scheduling_class_0,234,2325600,3600,within_recorded_span_not_independently_verified
scheduling_class_0,210,2329200,3600,within_recorded_span_not_independently_verified
scheduling_class_0,272,2332800,3600,within_recorded_span_not_independently_verified
scheduling_class_0,289,2336400,3600,within_recorded_span_not_independently_verified
scheduling_class_0,268,2340000,3600,within_recorded_span_not_independently_verified
scheduling_class_0,228,2343600,3600,within_recorded_span_not_independently_verified
scheduling_class_0,256,2347200,3600,within_recorded_span_not_independently_verified
scheduling_class_0,360,2350800,3600,within_recorded_span_not_independently_verified
scheduling_class_0,242,2354400,3600,within_recorded_span_not_independently_verified
scheduling_class_0,242,2358000,3600,within_recorded_span_not_independently_verified
scheduling_class_0,251,2361600,3600,within_recorded_span_not_independently_verified
scheduling_class_0,327,2365200,3600,within_recorded_span_not_independently_verified
scheduling_class_0,370,2368800,3600,within_recorded_span_not_independently_verified
scheduling_class_0,539,2372400,3600,within_recorded_span_not_independently_verified
scheduling_class_0,666,2376000,3600,within_recorded_span_not_independently_verified
scheduling_class_0,717,2379600,3600,within_recorded_span_not_independently_verified
scheduling_class_0,573,2383200,3600,within_recorded_span_not_independently_verified
scheduling_class_0,491,2386800,3600,within_recorded_span_not_independently_verified
scheduling_class_0,469,2390400,3600,within_recorded_span_not_independently_verified
scheduling_class_0,362,2394000,3600,within_recorded_span_not_independently_verified
scheduling_class_0,247,2397600,3600,within_recorded_span_not_independently_verified
scheduling_class_0,259,2401200,3600,within_recorded_span_not_independently_verified
scheduling_class_0,238,2404800,3600,within_recorded_span_not_independently_verified
scheduling_class_0,268,2408400,3600,within_recorded_span_not_independently_verified
scheduling_class_0,224,2412000,3600,within_recorded_span_not_independently_verified
scheduling_class_0,199,2415600,3600,within_recorded_span_not_independently_verified
scheduling_class_0,255,2419200,3600,within_recorded_span_not_independently_verified
scheduling_class_0,272,2422800,3600,within_recorded_span_not_independently_verified
scheduling_class_0,305,2426400,3600,within_recorded_span_not_independently_verified
scheduling_class_0,216,2430000,3600,within_recorded_span_not_independently_verified
scheduling_class_0,275,2433600,3600,within_recorded_span_not_independently_verified
scheduling_class_0,388,2437200,3600,within_recorded_span_not_independently_verified
scheduling_class_0,218,2440800,3600,within_recorded_span_not_independently_verified
scheduling_class_0,246,2444400,3600,within_recorded_span_not_independently_verified
scheduling_class_0,257,2448000,3600,within_recorded_span_not_independently_verified
scheduling_class_0,230,2451600,3600,within_recorded_span_not_independently_verified
scheduling_class_0,283,2455200,3600,within_recorded_span_not_independently_verified
scheduling_class_0,221,2458800,3600,within_recorded_span_not_independently_verified
scheduling_class_0,245,2462400,3600,within_recorded_span_not_independently_verified
scheduling_class_0,236,2466000,3600,within_recorded_span_not_independently_verified
scheduling_class_0,201,2469600,3600,within_recorded_span_not_independently_verified
scheduling_class_0,266,2473200,3600,within_recorded_span_not_independently_verified
scheduling_class_0,332,2476800,3600,within_recorded_span_not_independently_verified
scheduling_class_0,233,2480400,3600,within_recorded_span_not_independently_verified
scheduling_class_0,259,2484000,3600,within_recorded_span_not_independently_verified
scheduling_class_0,242,2487600,3600,within_recorded_span_not_independently_verified
scheduling_class_0,279,2491200,3600,within_recorded_span_not_independently_verified
scheduling_class_0,251,2494800,3600,within_recorded_span_not_independently_verified
scheduling_class_0,296,2498400,3600,within_recorded_span_not_independently_verified
scheduling_class_0,191,2502000,3600,within_recorded_span_not_independently_verified
scheduling_class_0,28,2505600,3600,partial_boundary
scheduling_class_1,225,0,3600,partial_boundary
scheduling_class_1,299,3600,3600,within_recorded_span_not_independently_verified
scheduling_class_1,327,7200,3600,within_recorded_span_not_independently_verified
scheduling_class_1,345,10800,3600,within_recorded_span_not_independently_verified
scheduling_class_1,275,14400,3600,within_recorded_span_not_independently_verified
scheduling_class_1,250,18000,3600,within_recorded_span_not_independently_verified
scheduling_class_1,239,21600,3600,within_recorded_span_not_independently_verified
scheduling_class_1,334,25200,3600,within_recorded_span_not_independently_verified
scheduling_class_1,211,28800,3600,within_recorded_span_not_independently_verified
scheduling_class_1,255,32400,3600,within_recorded_span_not_independently_verified
scheduling_class_1,280,36000,3600,within_recorded_span_not_independently_verified
scheduling_class_1,236,39600,3600,within_recorded_span_not_independently_verified
scheduling_class_1,293,43200,3600,within_recorded_span_not_independently_verified
scheduling_class_1,306,46800,3600,within_recorded_span_not_independently_verified
scheduling_class_1,298,50400,3600,within_recorded_span_not_independently_verified
scheduling_class_1,327,54000,3600,within_recorded_span_not_independently_verified
scheduling_class_1,293,57600,3600,within_recorded_span_not_independently_verified
scheduling_class_1,317,61200,3600,within_recorded_span_not_independently_verified
scheduling_class_1,285,64800,3600,within_recorded_span_not_independently_verified
scheduling_class_1,346,68400,3600,within_recorded_span_not_independently_verified
scheduling_class_1,315,72000,3600,within_recorded_span_not_independently_verified
scheduling_class_1,557,75600,3600,within_recorded_span_not_independently_verified
scheduling_class_1,320,79200,3600,within_recorded_span_not_independently_verified
scheduling_class_1,235,82800,3600,within_recorded_span_not_independently_verified
scheduling_class_1,250,86400,3600,within_recorded_span_not_independently_verified
scheduling_class_1,301,90000,3600,within_recorded_span_not_independently_verified
scheduling_class_1,241,93600,3600,within_recorded_span_not_independently_verified
scheduling_class_1,316,97200,3600,within_recorded_span_not_independently_verified
scheduling_class_1,214,100800,3600,within_recorded_span_not_independently_verified
scheduling_class_1,314,104400,3600,within_recorded_span_not_independently_verified
scheduling_class_1,240,108000,3600,within_recorded_span_not_independently_verified
scheduling_class_1,351,111600,3600,within_recorded_span_not_independently_verified
scheduling_class_1,265,115200,3600,within_recorded_span_not_independently_verified
scheduling_class_1,627,118800,3600,within_recorded_span_not_independently_verified
scheduling_class_1,273,122400,3600,within_recorded_span_not_independently_verified
scheduling_class_1,271,126000,3600,within_recorded_span_not_independently_verified
scheduling_class_1,302,129600,3600,within_recorded_span_not_independently_verified
scheduling_class_1,296,133200,3600,within_recorded_span_not_independently_verified
scheduling_class_1,341,136800,3600,within_recorded_span_not_independently_verified
scheduling_class_1,304,140400,3600,within_recorded_span_not_independently_verified
scheduling_class_1,249,144000,3600,within_recorded_span_not_independently_verified
scheduling_class_1,321,147600,3600,within_recorded_span_not_independently_verified
scheduling_class_1,278,151200,3600,within_recorded_span_not_independently_verified
scheduling_class_1,315,154800,3600,within_recorded_span_not_independently_verified
scheduling_class_1,364,158400,3600,within_recorded_span_not_independently_verified
scheduling_class_1,508,162000,3600,within_recorded_span_not_independently_verified
scheduling_class_1,322,165600,3600,within_recorded_span_not_independently_verified
scheduling_class_1,268,169200,3600,within_recorded_span_not_independently_verified
scheduling_class_1,375,172800,3600,within_recorded_span_not_independently_verified
scheduling_class_1,313,176400,3600,within_recorded_span_not_independently_verified
scheduling_class_1,296,180000,3600,within_recorded_span_not_independently_verified
scheduling_class_1,311,183600,3600,within_recorded_span_not_independently_verified
scheduling_class_1,210,187200,3600,within_recorded_span_not_independently_verified
scheduling_class_1,268,190800,3600,within_recorded_span_not_independently_verified
scheduling_class_1,277,194400,3600,within_recorded_span_not_independently_verified
scheduling_class_1,289,198000,3600,within_recorded_span_not_independently_verified
scheduling_class_1,276,201600,3600,within_recorded_span_not_independently_verified
scheduling_class_1,713,205200,3600,within_recorded_span_not_independently_verified
scheduling_class_1,365,208800,3600,within_recorded_span_not_independently_verified
scheduling_class_1,310,212400,3600,within_recorded_span_not_independently_verified
scheduling_class_1,342,216000,3600,within_recorded_span_not_independently_verified
scheduling_class_1,280,219600,3600,within_recorded_span_not_independently_verified
scheduling_class_1,343,223200,3600,within_recorded_span_not_independently_verified
scheduling_class_1,340,226800,3600,within_recorded_span_not_independently_verified
scheduling_class_1,205,230400,3600,within_recorded_span_not_independently_verified
scheduling_class_1,263,234000,3600,within_recorded_span_not_independently_verified
scheduling_class_1,269,237600,3600,within_recorded_span_not_independently_verified
scheduling_class_1,300,241200,3600,within_recorded_span_not_independently_verified
scheduling_class_1,296,244800,3600,within_recorded_span_not_independently_verified
scheduling_class_1,496,248400,3600,within_recorded_span_not_independently_verified
scheduling_class_1,323,252000,3600,within_recorded_span_not_independently_verified
scheduling_class_1,218,255600,3600,within_recorded_span_not_independently_verified
scheduling_class_1,265,259200,3600,within_recorded_span_not_independently_verified
scheduling_class_1,289,262800,3600,within_recorded_span_not_independently_verified
scheduling_class_1,232,266400,3600,within_recorded_span_not_independently_verified
scheduling_class_1,299,270000,3600,within_recorded_span_not_independently_verified
scheduling_class_1,242,273600,3600,within_recorded_span_not_independently_verified
scheduling_class_1,385,277200,3600,within_recorded_span_not_independently_verified
scheduling_class_1,274,280800,3600,within_recorded_span_not_independently_verified
scheduling_class_1,383,284400,3600,within_recorded_span_not_independently_verified
scheduling_class_1,248,288000,3600,within_recorded_span_not_independently_verified
scheduling_class_1,625,291600,3600,within_recorded_span_not_independently_verified
scheduling_class_1,261,295200,3600,within_recorded_span_not_independently_verified
scheduling_class_1,229,298800,3600,within_recorded_span_not_independently_verified
scheduling_class_1,320,302400,3600,within_recorded_span_not_independently_verified
scheduling_class_1,301,306000,3600,within_recorded_span_not_independently_verified
scheduling_class_1,334,309600,3600,within_recorded_span_not_independently_verified
scheduling_class_1,266,313200,3600,within_recorded_span_not_independently_verified
scheduling_class_1,295,316800,3600,within_recorded_span_not_independently_verified
scheduling_class_1,332,320400,3600,within_recorded_span_not_independently_verified
scheduling_class_1,242,324000,3600,within_recorded_span_not_independently_verified
scheduling_class_1,344,327600,3600,within_recorded_span_not_independently_verified
scheduling_class_1,309,331200,3600,within_recorded_span_not_independently_verified
scheduling_class_1,450,334800,3600,within_recorded_span_not_independently_verified
scheduling_class_1,362,338400,3600,within_recorded_span_not_independently_verified
scheduling_class_1,281,342000,3600,within_recorded_span_not_independently_verified
scheduling_class_1,196,345600,3600,within_recorded_span_not_independently_verified
scheduling_class_1,285,349200,3600,within_recorded_span_not_independently_verified
scheduling_class_1,373,352800,3600,within_recorded_span_not_independently_verified
scheduling_class_1,288,356400,3600,within_recorded_span_not_independently_verified
scheduling_class_1,342,360000,3600,within_recorded_span_not_independently_verified
scheduling_class_1,256,363600,3600,within_recorded_span_not_independently_verified
scheduling_class_1,263,367200,3600,within_recorded_span_not_independently_verified
scheduling_class_1,247,370800,3600,within_recorded_span_not_independently_verified
scheduling_class_1,289,374400,3600,within_recorded_span_not_independently_verified
scheduling_class_1,221,378000,3600,within_recorded_span_not_independently_verified
scheduling_class_1,250,381600,3600,within_recorded_span_not_independently_verified
scheduling_class_1,258,385200,3600,within_recorded_span_not_independently_verified
scheduling_class_1,300,388800,3600,within_recorded_span_not_independently_verified
scheduling_class_1,290,392400,3600,within_recorded_span_not_independently_verified
scheduling_class_1,376,396000,3600,within_recorded_span_not_independently_verified
scheduling_class_1,320,399600,3600,within_recorded_span_not_independently_verified
scheduling_class_1,281,403200,3600,within_recorded_span_not_independently_verified
scheduling_class_1,288,406800,3600,within_recorded_span_not_independently_verified
scheduling_class_1,287,410400,3600,within_recorded_span_not_independently_verified
scheduling_class_1,307,414000,3600,within_recorded_span_not_independently_verified
scheduling_class_1,306,417600,3600,within_recorded_span_not_independently_verified
scheduling_class_1,441,421200,3600,within_recorded_span_not_independently_verified
scheduling_class_1,430,424800,3600,within_recorded_span_not_independently_verified
scheduling_class_1,251,428400,3600,within_recorded_span_not_independently_verified
scheduling_class_1,252,432000,3600,within_recorded_span_not_independently_verified
scheduling_class_1,278,435600,3600,within_recorded_span_not_independently_verified
scheduling_class_1,258,439200,3600,within_recorded_span_not_independently_verified
scheduling_class_1,403,442800,3600,within_recorded_span_not_independently_verified
scheduling_class_1,355,446400,3600,within_recorded_span_not_independently_verified
scheduling_class_1,176,450000,3600,within_recorded_span_not_independently_verified
scheduling_class_1,192,453600,3600,within_recorded_span_not_independently_verified
scheduling_class_1,239,457200,3600,within_recorded_span_not_independently_verified
scheduling_class_1,195,460800,3600,within_recorded_span_not_independently_verified
scheduling_class_1,595,464400,3600,within_recorded_span_not_independently_verified
scheduling_class_1,245,468000,3600,within_recorded_span_not_independently_verified
scheduling_class_1,192,471600,3600,within_recorded_span_not_independently_verified
scheduling_class_1,319,475200,3600,within_recorded_span_not_independently_verified
scheduling_class_1,279,478800,3600,within_recorded_span_not_independently_verified
scheduling_class_1,293,482400,3600,within_recorded_span_not_independently_verified
scheduling_class_1,314,486000,3600,within_recorded_span_not_independently_verified
scheduling_class_1,272,489600,3600,within_recorded_span_not_independently_verified
scheduling_class_1,220,493200,3600,within_recorded_span_not_independently_verified
scheduling_class_1,268,496800,3600,within_recorded_span_not_independently_verified
scheduling_class_1,280,500400,3600,within_recorded_span_not_independently_verified
scheduling_class_1,221,504000,3600,within_recorded_span_not_independently_verified
scheduling_class_1,389,507600,3600,within_recorded_span_not_independently_verified
scheduling_class_1,531,511200,3600,within_recorded_span_not_independently_verified
scheduling_class_1,250,514800,3600,within_recorded_span_not_independently_verified
scheduling_class_1,237,518400,3600,within_recorded_span_not_independently_verified
scheduling_class_1,243,522000,3600,within_recorded_span_not_independently_verified
scheduling_class_1,227,525600,3600,within_recorded_span_not_independently_verified
scheduling_class_1,328,529200,3600,within_recorded_span_not_independently_verified
scheduling_class_1,295,532800,3600,within_recorded_span_not_independently_verified
scheduling_class_1,321,536400,3600,within_recorded_span_not_independently_verified
scheduling_class_1,231,540000,3600,within_recorded_span_not_independently_verified
scheduling_class_1,226,543600,3600,within_recorded_span_not_independently_verified
scheduling_class_1,204,547200,3600,within_recorded_span_not_independently_verified
scheduling_class_1,573,550800,3600,within_recorded_span_not_independently_verified
scheduling_class_1,222,554400,3600,within_recorded_span_not_independently_verified
scheduling_class_1,215,558000,3600,within_recorded_span_not_independently_verified
scheduling_class_1,333,561600,3600,within_recorded_span_not_independently_verified
scheduling_class_1,257,565200,3600,within_recorded_span_not_independently_verified
scheduling_class_1,326,568800,3600,within_recorded_span_not_independently_verified
scheduling_class_1,280,572400,3600,within_recorded_span_not_independently_verified
scheduling_class_1,245,576000,3600,within_recorded_span_not_independently_verified
scheduling_class_1,252,579600,3600,within_recorded_span_not_independently_verified
scheduling_class_1,256,583200,3600,within_recorded_span_not_independently_verified
scheduling_class_1,254,586800,3600,within_recorded_span_not_independently_verified
scheduling_class_1,259,590400,3600,within_recorded_span_not_independently_verified
scheduling_class_1,379,594000,3600,within_recorded_span_not_independently_verified
scheduling_class_1,454,597600,3600,within_recorded_span_not_independently_verified
scheduling_class_1,215,601200,3600,within_recorded_span_not_independently_verified
scheduling_class_1,234,604800,3600,within_recorded_span_not_independently_verified
scheduling_class_1,209,608400,3600,within_recorded_span_not_independently_verified
scheduling_class_1,287,612000,3600,within_recorded_span_not_independently_verified
scheduling_class_1,343,615600,3600,within_recorded_span_not_independently_verified
scheduling_class_1,270,619200,3600,within_recorded_span_not_independently_verified
scheduling_class_1,362,622800,3600,within_recorded_span_not_independently_verified
scheduling_class_1,238,626400,3600,within_recorded_span_not_independently_verified
scheduling_class_1,203,630000,3600,within_recorded_span_not_independently_verified
scheduling_class_1,238,633600,3600,within_recorded_span_not_independently_verified
scheduling_class_1,249,637200,3600,within_recorded_span_not_independently_verified
scheduling_class_1,221,640800,3600,within_recorded_span_not_independently_verified
scheduling_class_1,227,644400,3600,within_recorded_span_not_independently_verified
scheduling_class_1,364,648000,3600,within_recorded_span_not_independently_verified
scheduling_class_1,277,651600,3600,within_recorded_span_not_independently_verified
scheduling_class_1,377,655200,3600,within_recorded_span_not_independently_verified
scheduling_class_1,324,658800,3600,within_recorded_span_not_independently_verified
scheduling_class_1,257,662400,3600,within_recorded_span_not_independently_verified
scheduling_class_1,274,666000,3600,within_recorded_span_not_independently_verified
scheduling_class_1,273,669600,3600,within_recorded_span_not_independently_verified
scheduling_class_1,275,673200,3600,within_recorded_span_not_independently_verified
scheduling_class_1,312,676800,3600,within_recorded_span_not_independently_verified
scheduling_class_1,390,680400,3600,within_recorded_span_not_independently_verified
scheduling_class_1,555,684000,3600,within_recorded_span_not_independently_verified
scheduling_class_1,253,687600,3600,within_recorded_span_not_independently_verified
scheduling_class_1,324,691200,3600,within_recorded_span_not_independently_verified
scheduling_class_1,319,694800,3600,within_recorded_span_not_independently_verified
scheduling_class_1,262,698400,3600,within_recorded_span_not_independently_verified
scheduling_class_1,310,702000,3600,within_recorded_span_not_independently_verified
scheduling_class_1,256,705600,3600,within_recorded_span_not_independently_verified
scheduling_class_1,198,709200,3600,within_recorded_span_not_independently_verified
scheduling_class_1,208,712800,3600,within_recorded_span_not_independently_verified
scheduling_class_1,270,716400,3600,within_recorded_span_not_independently_verified
scheduling_class_1,224,720000,3600,within_recorded_span_not_independently_verified
scheduling_class_1,584,723600,3600,within_recorded_span_not_independently_verified
scheduling_class_1,293,727200,3600,within_recorded_span_not_independently_verified
scheduling_class_1,229,730800,3600,within_recorded_span_not_independently_verified
scheduling_class_1,305,734400,3600,within_recorded_span_not_independently_verified
scheduling_class_1,300,738000,3600,within_recorded_span_not_independently_verified
scheduling_class_1,308,741600,3600,within_recorded_span_not_independently_verified
scheduling_class_1,281,745200,3600,within_recorded_span_not_independently_verified
scheduling_class_1,333,748800,3600,within_recorded_span_not_independently_verified
scheduling_class_1,276,752400,3600,within_recorded_span_not_independently_verified
scheduling_class_1,286,756000,3600,within_recorded_span_not_independently_verified
scheduling_class_1,281,759600,3600,within_recorded_span_not_independently_verified
scheduling_class_1,429,763200,3600,within_recorded_span_not_independently_verified
scheduling_class_1,334,766800,3600,within_recorded_span_not_independently_verified
scheduling_class_1,521,770400,3600,within_recorded_span_not_independently_verified
scheduling_class_1,488,774000,3600,within_recorded_span_not_independently_verified
scheduling_class_1,341,777600,3600,within_recorded_span_not_independently_verified
scheduling_class_1,265,781200,3600,within_recorded_span_not_independently_verified
scheduling_class_1,277,784800,3600,within_recorded_span_not_independently_verified
scheduling_class_1,212,788400,3600,within_recorded_span_not_independently_verified
scheduling_class_1,246,792000,3600,within_recorded_span_not_independently_verified
scheduling_class_1,250,795600,3600,within_recorded_span_not_independently_verified
scheduling_class_1,281,799200,3600,within_recorded_span_not_independently_verified
scheduling_class_1,334,802800,3600,within_recorded_span_not_independently_verified
scheduling_class_1,392,806400,3600,within_recorded_span_not_independently_verified
scheduling_class_1,575,810000,3600,within_recorded_span_not_independently_verified
scheduling_class_1,330,813600,3600,within_recorded_span_not_independently_verified
scheduling_class_1,254,817200,3600,within_recorded_span_not_independently_verified
scheduling_class_1,299,820800,3600,within_recorded_span_not_independently_verified
scheduling_class_1,303,824400,3600,within_recorded_span_not_independently_verified
scheduling_class_1,349,828000,3600,within_recorded_span_not_independently_verified
scheduling_class_1,302,831600,3600,within_recorded_span_not_independently_verified
scheduling_class_1,315,835200,3600,within_recorded_span_not_independently_verified
scheduling_class_1,295,838800,3600,within_recorded_span_not_independently_verified
scheduling_class_1,277,842400,3600,within_recorded_span_not_independently_verified
scheduling_class_1,302,846000,3600,within_recorded_span_not_independently_verified
scheduling_class_1,371,849600,3600,within_recorded_span_not_independently_verified
scheduling_class_1,285,853200,3600,within_recorded_span_not_independently_verified
scheduling_class_1,421,856800,3600,within_recorded_span_not_independently_verified
scheduling_class_1,677,860400,3600,within_recorded_span_not_independently_verified
scheduling_class_1,269,864000,3600,within_recorded_span_not_independently_verified
scheduling_class_1,303,867600,3600,within_recorded_span_not_independently_verified
scheduling_class_1,310,871200,3600,within_recorded_span_not_independently_verified
scheduling_class_1,237,874800,3600,within_recorded_span_not_independently_verified
scheduling_class_1,270,878400,3600,within_recorded_span_not_independently_verified
scheduling_class_1,223,882000,3600,within_recorded_span_not_independently_verified
scheduling_class_1,199,885600,3600,within_recorded_span_not_independently_verified
scheduling_class_1,254,889200,3600,within_recorded_span_not_independently_verified
scheduling_class_1,223,892800,3600,within_recorded_span_not_independently_verified
scheduling_class_1,588,896400,3600,within_recorded_span_not_independently_verified
scheduling_class_1,249,900000,3600,within_recorded_span_not_independently_verified
scheduling_class_1,218,903600,3600,within_recorded_span_not_independently_verified
scheduling_class_1,321,907200,3600,within_recorded_span_not_independently_verified
scheduling_class_1,304,910800,3600,within_recorded_span_not_independently_verified
scheduling_class_1,321,914400,3600,within_recorded_span_not_independently_verified
scheduling_class_1,351,918000,3600,within_recorded_span_not_independently_verified
scheduling_class_1,304,921600,3600,within_recorded_span_not_independently_verified
scheduling_class_1,248,925200,3600,within_recorded_span_not_independently_verified
scheduling_class_1,309,928800,3600,within_recorded_span_not_independently_verified
scheduling_class_1,329,932400,3600,within_recorded_span_not_independently_verified
scheduling_class_1,298,936000,3600,within_recorded_span_not_independently_verified
scheduling_class_1,323,939600,3600,within_recorded_span_not_independently_verified
scheduling_class_1,367,943200,3600,within_recorded_span_not_independently_verified
scheduling_class_1,461,946800,3600,within_recorded_span_not_independently_verified
scheduling_class_1,384,950400,3600,within_recorded_span_not_independently_verified
scheduling_class_1,316,954000,3600,within_recorded_span_not_independently_verified
scheduling_class_1,277,957600,3600,within_recorded_span_not_independently_verified
scheduling_class_1,282,961200,3600,within_recorded_span_not_independently_verified
scheduling_class_1,250,964800,3600,within_recorded_span_not_independently_verified
scheduling_class_1,213,968400,3600,within_recorded_span_not_independently_verified
scheduling_class_1,291,972000,3600,within_recorded_span_not_independently_verified
scheduling_class_1,278,975600,3600,within_recorded_span_not_independently_verified
scheduling_class_1,237,979200,3600,within_recorded_span_not_independently_verified
scheduling_class_1,598,982800,3600,within_recorded_span_not_independently_verified
scheduling_class_1,273,986400,3600,within_recorded_span_not_independently_verified
scheduling_class_1,219,990000,3600,within_recorded_span_not_independently_verified
scheduling_class_1,300,993600,3600,within_recorded_span_not_independently_verified
scheduling_class_1,299,997200,3600,within_recorded_span_not_independently_verified
scheduling_class_1,269,1000800,3600,within_recorded_span_not_independently_verified
scheduling_class_1,320,1004400,3600,within_recorded_span_not_independently_verified
scheduling_class_1,288,1008000,3600,within_recorded_span_not_independently_verified
scheduling_class_1,267,1011600,3600,within_recorded_span_not_independently_verified
scheduling_class_1,261,1015200,3600,within_recorded_span_not_independently_verified
scheduling_class_1,258,1018800,3600,within_recorded_span_not_independently_verified
scheduling_class_1,319,1022400,3600,within_recorded_span_not_independently_verified
scheduling_class_1,259,1026000,3600,within_recorded_span_not_independently_verified
scheduling_class_1,320,1029600,3600,within_recorded_span_not_independently_verified
scheduling_class_1,473,1033200,3600,within_recorded_span_not_independently_verified
scheduling_class_1,325,1036800,3600,within_recorded_span_not_independently_verified
scheduling_class_1,311,1040400,3600,within_recorded_span_not_independently_verified
scheduling_class_1,273,1044000,3600,within_recorded_span_not_independently_verified
scheduling_class_1,191,1047600,3600,within_recorded_span_not_independently_verified
scheduling_class_1,197,1051200,3600,within_recorded_span_not_independently_verified
scheduling_class_1,199,1054800,3600,within_recorded_span_not_independently_verified
scheduling_class_1,200,1058400,3600,within_recorded_span_not_independently_verified
scheduling_class_1,255,1062000,3600,within_recorded_span_not_independently_verified
scheduling_class_1,231,1065600,3600,within_recorded_span_not_independently_verified
scheduling_class_1,564,1069200,3600,within_recorded_span_not_independently_verified
scheduling_class_1,202,1072800,3600,within_recorded_span_not_independently_verified
scheduling_class_1,241,1076400,3600,within_recorded_span_not_independently_verified
scheduling_class_1,303,1080000,3600,within_recorded_span_not_independently_verified
scheduling_class_1,238,1083600,3600,within_recorded_span_not_independently_verified
scheduling_class_1,285,1087200,3600,within_recorded_span_not_independently_verified
scheduling_class_1,281,1090800,3600,within_recorded_span_not_independently_verified
scheduling_class_1,270,1094400,3600,within_recorded_span_not_independently_verified
scheduling_class_1,269,1098000,3600,within_recorded_span_not_independently_verified
scheduling_class_1,252,1101600,3600,within_recorded_span_not_independently_verified
scheduling_class_1,183,1105200,3600,within_recorded_span_not_independently_verified
scheduling_class_1,279,1108800,3600,within_recorded_span_not_independently_verified
scheduling_class_1,266,1112400,3600,within_recorded_span_not_independently_verified
scheduling_class_1,177,1116000,3600,within_recorded_span_not_independently_verified
scheduling_class_1,437,1119600,3600,within_recorded_span_not_independently_verified
scheduling_class_1,347,1123200,3600,within_recorded_span_not_independently_verified
scheduling_class_1,184,1126800,3600,within_recorded_span_not_independently_verified
scheduling_class_1,237,1130400,3600,within_recorded_span_not_independently_verified
scheduling_class_1,228,1134000,3600,within_recorded_span_not_independently_verified
scheduling_class_1,158,1137600,3600,within_recorded_span_not_independently_verified
scheduling_class_1,221,1141200,3600,within_recorded_span_not_independently_verified
scheduling_class_1,211,1144800,3600,within_recorded_span_not_independently_verified
scheduling_class_1,159,1148400,3600,within_recorded_span_not_independently_verified
scheduling_class_1,208,1152000,3600,within_recorded_span_not_independently_verified
scheduling_class_1,236,1155600,3600,within_recorded_span_not_independently_verified
scheduling_class_1,179,1159200,3600,within_recorded_span_not_independently_verified
scheduling_class_1,222,1162800,3600,within_recorded_span_not_independently_verified
scheduling_class_1,323,1166400,3600,within_recorded_span_not_independently_verified
scheduling_class_1,245,1170000,3600,within_recorded_span_not_independently_verified
scheduling_class_1,252,1173600,3600,within_recorded_span_not_independently_verified
scheduling_class_1,301,1177200,3600,within_recorded_span_not_independently_verified
scheduling_class_1,272,1180800,3600,within_recorded_span_not_independently_verified
scheduling_class_1,269,1184400,3600,within_recorded_span_not_independently_verified
scheduling_class_1,270,1188000,3600,within_recorded_span_not_independently_verified
scheduling_class_1,196,1191600,3600,within_recorded_span_not_independently_verified
scheduling_class_1,275,1195200,3600,within_recorded_span_not_independently_verified
scheduling_class_1,222,1198800,3600,within_recorded_span_not_independently_verified
scheduling_class_1,216,1202400,3600,within_recorded_span_not_independently_verified
scheduling_class_1,365,1206000,3600,within_recorded_span_not_independently_verified
scheduling_class_1,369,1209600,3600,within_recorded_span_not_independently_verified
scheduling_class_1,226,1213200,3600,within_recorded_span_not_independently_verified
scheduling_class_1,244,1216800,3600,within_recorded_span_not_independently_verified
scheduling_class_1,212,1220400,3600,within_recorded_span_not_independently_verified
scheduling_class_1,241,1224000,3600,within_recorded_span_not_independently_verified
scheduling_class_1,221,1227600,3600,within_recorded_span_not_independently_verified
scheduling_class_1,177,1231200,3600,within_recorded_span_not_independently_verified
scheduling_class_1,228,1234800,3600,within_recorded_span_not_independently_verified
scheduling_class_1,229,1238400,3600,within_recorded_span_not_independently_verified
scheduling_class_1,213,1242000,3600,within_recorded_span_not_independently_verified
scheduling_class_1,237,1245600,3600,within_recorded_span_not_independently_verified
scheduling_class_1,237,1249200,3600,within_recorded_span_not_independently_verified
scheduling_class_1,290,1252800,3600,within_recorded_span_not_independently_verified
scheduling_class_1,289,1256400,3600,within_recorded_span_not_independently_verified
scheduling_class_1,302,1260000,3600,within_recorded_span_not_independently_verified
scheduling_class_1,330,1263600,3600,within_recorded_span_not_independently_verified
scheduling_class_1,336,1267200,3600,within_recorded_span_not_independently_verified
scheduling_class_1,292,1270800,3600,within_recorded_span_not_independently_verified
scheduling_class_1,253,1274400,3600,within_recorded_span_not_independently_verified
scheduling_class_1,244,1278000,3600,within_recorded_span_not_independently_verified
scheduling_class_1,284,1281600,3600,within_recorded_span_not_independently_verified
scheduling_class_1,233,1285200,3600,within_recorded_span_not_independently_verified
scheduling_class_1,254,1288800,3600,within_recorded_span_not_independently_verified
scheduling_class_1,401,1292400,3600,within_recorded_span_not_independently_verified
scheduling_class_1,348,1296000,3600,within_recorded_span_not_independently_verified
scheduling_class_1,325,1299600,3600,within_recorded_span_not_independently_verified
scheduling_class_1,291,1303200,3600,within_recorded_span_not_independently_verified
scheduling_class_1,194,1306800,3600,within_recorded_span_not_independently_verified
scheduling_class_1,246,1310400,3600,within_recorded_span_not_independently_verified
scheduling_class_1,236,1314000,3600,within_recorded_span_not_independently_verified
scheduling_class_1,187,1317600,3600,within_recorded_span_not_independently_verified
scheduling_class_1,216,1321200,3600,within_recorded_span_not_independently_verified
scheduling_class_1,217,1324800,3600,within_recorded_span_not_independently_verified
scheduling_class_1,189,1328400,3600,within_recorded_span_not_independently_verified
scheduling_class_1,213,1332000,3600,within_recorded_span_not_independently_verified
scheduling_class_1,215,1335600,3600,within_recorded_span_not_independently_verified
scheduling_class_1,278,1339200,3600,within_recorded_span_not_independently_verified
scheduling_class_1,274,1342800,3600,within_recorded_span_not_independently_verified
scheduling_class_1,262,1346400,3600,within_recorded_span_not_independently_verified
scheduling_class_1,319,1350000,3600,within_recorded_span_not_independently_verified
scheduling_class_1,270,1353600,3600,within_recorded_span_not_independently_verified
scheduling_class_1,283,1357200,3600,within_recorded_span_not_independently_verified
scheduling_class_1,254,1360800,3600,within_recorded_span_not_independently_verified
scheduling_class_1,288,1364400,3600,within_recorded_span_not_independently_verified
scheduling_class_1,341,1368000,3600,within_recorded_span_not_independently_verified
scheduling_class_1,298,1371600,3600,within_recorded_span_not_independently_verified
scheduling_class_1,301,1375200,3600,within_recorded_span_not_independently_verified
scheduling_class_1,409,1378800,3600,within_recorded_span_not_independently_verified
scheduling_class_1,408,1382400,3600,within_recorded_span_not_independently_verified
scheduling_class_1,420,1386000,3600,within_recorded_span_not_independently_verified
scheduling_class_1,243,1389600,3600,within_recorded_span_not_independently_verified
scheduling_class_1,309,1393200,3600,within_recorded_span_not_independently_verified
scheduling_class_1,263,1396800,3600,within_recorded_span_not_independently_verified
scheduling_class_1,434,1400400,3600,within_recorded_span_not_independently_verified
scheduling_class_1,244,1404000,3600,within_recorded_span_not_independently_verified
scheduling_class_1,282,1407600,3600,within_recorded_span_not_independently_verified
scheduling_class_1,249,1411200,3600,within_recorded_span_not_independently_verified
scheduling_class_1,621,1414800,3600,within_recorded_span_not_independently_verified
scheduling_class_1,292,1418400,3600,within_recorded_span_not_independently_verified
scheduling_class_1,249,1422000,3600,within_recorded_span_not_independently_verified
scheduling_class_1,320,1425600,3600,within_recorded_span_not_independently_verified
scheduling_class_1,351,1429200,3600,within_recorded_span_not_independently_verified
scheduling_class_1,296,1432800,3600,within_recorded_span_not_independently_verified
scheduling_class_1,341,1436400,3600,within_recorded_span_not_independently_verified
scheduling_class_1,313,1440000,3600,within_recorded_span_not_independently_verified
scheduling_class_1,295,1443600,3600,within_recorded_span_not_independently_verified
scheduling_class_1,321,1447200,3600,within_recorded_span_not_independently_verified
scheduling_class_1,299,1450800,3600,within_recorded_span_not_independently_verified
scheduling_class_1,272,1454400,3600,within_recorded_span_not_independently_verified
scheduling_class_1,337,1458000,3600,within_recorded_span_not_independently_verified
scheduling_class_1,265,1461600,3600,within_recorded_span_not_independently_verified
scheduling_class_1,402,1465200,3600,within_recorded_span_not_independently_verified
scheduling_class_1,443,1468800,3600,within_recorded_span_not_independently_verified
scheduling_class_1,407,1472400,3600,within_recorded_span_not_independently_verified
scheduling_class_1,298,1476000,3600,within_recorded_span_not_independently_verified
scheduling_class_1,345,1479600,3600,within_recorded_span_not_independently_verified
scheduling_class_1,508,1483200,3600,within_recorded_span_not_independently_verified
scheduling_class_1,251,1486800,3600,within_recorded_span_not_independently_verified
scheduling_class_1,196,1490400,3600,within_recorded_span_not_independently_verified
scheduling_class_1,271,1494000,3600,within_recorded_span_not_independently_verified
scheduling_class_1,232,1497600,3600,within_recorded_span_not_independently_verified
scheduling_class_1,608,1501200,3600,within_recorded_span_not_independently_verified
scheduling_class_1,263,1504800,3600,within_recorded_span_not_independently_verified
scheduling_class_1,266,1508400,3600,within_recorded_span_not_independently_verified
scheduling_class_1,281,1512000,3600,within_recorded_span_not_independently_verified
scheduling_class_1,329,1515600,3600,within_recorded_span_not_independently_verified
scheduling_class_1,361,1519200,3600,within_recorded_span_not_independently_verified
scheduling_class_1,346,1522800,3600,within_recorded_span_not_independently_verified
scheduling_class_1,308,1526400,3600,within_recorded_span_not_independently_verified
scheduling_class_1,349,1530000,3600,within_recorded_span_not_independently_verified
scheduling_class_1,286,1533600,3600,within_recorded_span_not_independently_verified
scheduling_class_1,276,1537200,3600,within_recorded_span_not_independently_verified
scheduling_class_1,307,1540800,3600,within_recorded_span_not_independently_verified
scheduling_class_1,352,1544400,3600,within_recorded_span_not_independently_verified
scheduling_class_1,297,1548000,3600,within_recorded_span_not_independently_verified
scheduling_class_1,430,1551600,3600,within_recorded_span_not_independently_verified
scheduling_class_1,486,1555200,3600,within_recorded_span_not_independently_verified
scheduling_class_1,383,1558800,3600,within_recorded_span_not_independently_verified
scheduling_class_1,311,1562400,3600,within_recorded_span_not_independently_verified
scheduling_class_1,343,1566000,3600,within_recorded_span_not_independently_verified
scheduling_class_1,293,1569600,3600,within_recorded_span_not_independently_verified
scheduling_class_1,381,1573200,3600,within_recorded_span_not_independently_verified
scheduling_class_1,291,1576800,3600,within_recorded_span_not_independently_verified
scheduling_class_1,294,1580400,3600,within_recorded_span_not_independently_verified
scheduling_class_1,335,1584000,3600,within_recorded_span_not_independently_verified
scheduling_class_1,669,1587600,3600,within_recorded_span_not_independently_verified
scheduling_class_1,265,1591200,3600,within_recorded_span_not_independently_verified
scheduling_class_1,330,1594800,3600,within_recorded_span_not_independently_verified
scheduling_class_1,364,1598400,3600,within_recorded_span_not_independently_verified
scheduling_class_1,343,1602000,3600,within_recorded_span_not_independently_verified
scheduling_class_1,407,1605600,3600,within_recorded_span_not_independently_verified
scheduling_class_1,410,1609200,3600,within_recorded_span_not_independently_verified
scheduling_class_1,341,1612800,3600,within_recorded_span_not_independently_verified
scheduling_class_1,402,1616400,3600,within_recorded_span_not_independently_verified
scheduling_class_1,366,1620000,3600,within_recorded_span_not_independently_verified
scheduling_class_1,293,1623600,3600,within_recorded_span_not_independently_verified
scheduling_class_1,294,1627200,3600,within_recorded_span_not_independently_verified
scheduling_class_1,327,1630800,3600,within_recorded_span_not_independently_verified
scheduling_class_1,282,1634400,3600,within_recorded_span_not_independently_verified
scheduling_class_1,356,1638000,3600,within_recorded_span_not_independently_verified
scheduling_class_1,504,1641600,3600,within_recorded_span_not_independently_verified
scheduling_class_1,370,1645200,3600,within_recorded_span_not_independently_verified
scheduling_class_1,258,1648800,3600,within_recorded_span_not_independently_verified
scheduling_class_1,334,1652400,3600,within_recorded_span_not_independently_verified
scheduling_class_1,260,1656000,3600,within_recorded_span_not_independently_verified
scheduling_class_1,408,1659600,3600,within_recorded_span_not_independently_verified
scheduling_class_1,275,1663200,3600,within_recorded_span_not_independently_verified
scheduling_class_1,269,1666800,3600,within_recorded_span_not_independently_verified
scheduling_class_1,219,1670400,3600,within_recorded_span_not_independently_verified
scheduling_class_1,612,1674000,3600,within_recorded_span_not_independently_verified
scheduling_class_1,283,1677600,3600,within_recorded_span_not_independently_verified
scheduling_class_1,234,1681200,3600,within_recorded_span_not_independently_verified
scheduling_class_1,271,1684800,3600,within_recorded_span_not_independently_verified
scheduling_class_1,373,1688400,3600,within_recorded_span_not_independently_verified
scheduling_class_1,323,1692000,3600,within_recorded_span_not_independently_verified
scheduling_class_1,331,1695600,3600,within_recorded_span_not_independently_verified
scheduling_class_1,319,1699200,3600,within_recorded_span_not_independently_verified
scheduling_class_1,336,1702800,3600,within_recorded_span_not_independently_verified
scheduling_class_1,273,1706400,3600,within_recorded_span_not_independently_verified
scheduling_class_1,332,1710000,3600,within_recorded_span_not_independently_verified
scheduling_class_1,269,1713600,3600,within_recorded_span_not_independently_verified
scheduling_class_1,252,1717200,3600,within_recorded_span_not_independently_verified
scheduling_class_1,269,1720800,3600,within_recorded_span_not_independently_verified
scheduling_class_1,345,1724400,3600,within_recorded_span_not_independently_verified
scheduling_class_1,376,1728000,3600,within_recorded_span_not_independently_verified
scheduling_class_1,365,1731600,3600,within_recorded_span_not_independently_verified
scheduling_class_1,262,1735200,3600,within_recorded_span_not_independently_verified
scheduling_class_1,275,1738800,3600,within_recorded_span_not_independently_verified
scheduling_class_1,253,1742400,3600,within_recorded_span_not_independently_verified
scheduling_class_1,501,1746000,3600,within_recorded_span_not_independently_verified
scheduling_class_1,152,1749600,3600,within_recorded_span_not_independently_verified
scheduling_class_1,253,1753200,3600,within_recorded_span_not_independently_verified
scheduling_class_1,267,1756800,3600,within_recorded_span_not_independently_verified
scheduling_class_1,543,1760400,3600,within_recorded_span_not_independently_verified
scheduling_class_1,280,1764000,3600,within_recorded_span_not_independently_verified
scheduling_class_1,267,1767600,3600,within_recorded_span_not_independently_verified
scheduling_class_1,247,1771200,3600,within_recorded_span_not_independently_verified
scheduling_class_1,336,1774800,3600,within_recorded_span_not_independently_verified
scheduling_class_1,369,1778400,3600,within_recorded_span_not_independently_verified
scheduling_class_1,304,1782000,3600,within_recorded_span_not_independently_verified
scheduling_class_1,255,1785600,3600,within_recorded_span_not_independently_verified
scheduling_class_1,370,1789200,3600,within_recorded_span_not_independently_verified
scheduling_class_1,247,1792800,3600,within_recorded_span_not_independently_verified
scheduling_class_1,272,1796400,3600,within_recorded_span_not_independently_verified
scheduling_class_1,279,1800000,3600,within_recorded_span_not_independently_verified
scheduling_class_1,287,1803600,3600,within_recorded_span_not_independently_verified
scheduling_class_1,252,1807200,3600,within_recorded_span_not_independently_verified
scheduling_class_1,360,1810800,3600,within_recorded_span_not_independently_verified
scheduling_class_1,410,1814400,3600,within_recorded_span_not_independently_verified
scheduling_class_1,341,1818000,3600,within_recorded_span_not_independently_verified
scheduling_class_1,256,1821600,3600,within_recorded_span_not_independently_verified
scheduling_class_1,418,1825200,3600,within_recorded_span_not_independently_verified
scheduling_class_1,381,1828800,3600,within_recorded_span_not_independently_verified
scheduling_class_1,277,1832400,3600,within_recorded_span_not_independently_verified
scheduling_class_1,233,1836000,3600,within_recorded_span_not_independently_verified
scheduling_class_1,251,1839600,3600,within_recorded_span_not_independently_verified
scheduling_class_1,255,1843200,3600,within_recorded_span_not_independently_verified
scheduling_class_1,603,1846800,3600,within_recorded_span_not_independently_verified
scheduling_class_1,260,1850400,3600,within_recorded_span_not_independently_verified
scheduling_class_1,235,1854000,3600,within_recorded_span_not_independently_verified
scheduling_class_1,320,1857600,3600,within_recorded_span_not_independently_verified
scheduling_class_1,341,1861200,3600,within_recorded_span_not_independently_verified
scheduling_class_1,357,1864800,3600,within_recorded_span_not_independently_verified
scheduling_class_1,332,1868400,3600,within_recorded_span_not_independently_verified
scheduling_class_1,334,1872000,3600,within_recorded_span_not_independently_verified
scheduling_class_1,322,1875600,3600,within_recorded_span_not_independently_verified
scheduling_class_1,331,1879200,3600,within_recorded_span_not_independently_verified
scheduling_class_1,323,1882800,3600,within_recorded_span_not_independently_verified
scheduling_class_1,259,1886400,3600,within_recorded_span_not_independently_verified
scheduling_class_1,401,1890000,3600,within_recorded_span_not_independently_verified
scheduling_class_1,285,1893600,3600,within_recorded_span_not_independently_verified
scheduling_class_1,446,1897200,3600,within_recorded_span_not_independently_verified
scheduling_class_1,561,1900800,3600,within_recorded_span_not_independently_verified
scheduling_class_1,406,1904400,3600,within_recorded_span_not_independently_verified
scheduling_class_1,240,1908000,3600,within_recorded_span_not_independently_verified
scheduling_class_1,282,1911600,3600,within_recorded_span_not_independently_verified
scheduling_class_1,266,1915200,3600,within_recorded_span_not_independently_verified
scheduling_class_1,213,1918800,3600,within_recorded_span_not_independently_verified
scheduling_class_1,238,1922400,3600,within_recorded_span_not_independently_verified
scheduling_class_1,259,1926000,3600,within_recorded_span_not_independently_verified
scheduling_class_1,228,1929600,3600,within_recorded_span_not_independently_verified
scheduling_class_1,613,1933200,3600,within_recorded_span_not_independently_verified
scheduling_class_1,350,1936800,3600,within_recorded_span_not_independently_verified
scheduling_class_1,235,1940400,3600,within_recorded_span_not_independently_verified
scheduling_class_1,306,1944000,3600,within_recorded_span_not_independently_verified
scheduling_class_1,365,1947600,3600,within_recorded_span_not_independently_verified
scheduling_class_1,326,1951200,3600,within_recorded_span_not_independently_verified
scheduling_class_1,353,1954800,3600,within_recorded_span_not_independently_verified
scheduling_class_1,323,1958400,3600,within_recorded_span_not_independently_verified
scheduling_class_1,331,1962000,3600,within_recorded_span_not_independently_verified
scheduling_class_1,308,1965600,3600,within_recorded_span_not_independently_verified
scheduling_class_1,302,1969200,3600,within_recorded_span_not_independently_verified
scheduling_class_1,316,1972800,3600,within_recorded_span_not_independently_verified
scheduling_class_1,319,1976400,3600,within_recorded_span_not_independently_verified
scheduling_class_1,288,1980000,3600,within_recorded_span_not_independently_verified
scheduling_class_1,372,1983600,3600,within_recorded_span_not_independently_verified
scheduling_class_1,403,1987200,3600,within_recorded_span_not_independently_verified
scheduling_class_1,398,1990800,3600,within_recorded_span_not_independently_verified
scheduling_class_1,304,1994400,3600,within_recorded_span_not_independently_verified
scheduling_class_1,277,1998000,3600,within_recorded_span_not_independently_verified
scheduling_class_1,234,2001600,3600,within_recorded_span_not_independently_verified
scheduling_class_1,257,2005200,3600,within_recorded_span_not_independently_verified
scheduling_class_1,237,2008800,3600,within_recorded_span_not_independently_verified
scheduling_class_1,279,2012400,3600,within_recorded_span_not_independently_verified
scheduling_class_1,297,2016000,3600,within_recorded_span_not_independently_verified
scheduling_class_1,634,2019600,3600,within_recorded_span_not_independently_verified
scheduling_class_1,239,2023200,3600,within_recorded_span_not_independently_verified
scheduling_class_1,262,2026800,3600,within_recorded_span_not_independently_verified
scheduling_class_1,327,2030400,3600,within_recorded_span_not_independently_verified
scheduling_class_1,331,2034000,3600,within_recorded_span_not_independently_verified
scheduling_class_1,309,2037600,3600,within_recorded_span_not_independently_verified
scheduling_class_1,384,2041200,3600,within_recorded_span_not_independently_verified
scheduling_class_1,291,2044800,3600,within_recorded_span_not_independently_verified
scheduling_class_1,392,2048400,3600,within_recorded_span_not_independently_verified
scheduling_class_1,301,2052000,3600,within_recorded_span_not_independently_verified
scheduling_class_1,331,2055600,3600,within_recorded_span_not_independently_verified
scheduling_class_1,339,2059200,3600,within_recorded_span_not_independently_verified
scheduling_class_1,411,2062800,3600,within_recorded_span_not_independently_verified
scheduling_class_1,304,2066400,3600,within_recorded_span_not_independently_verified
scheduling_class_1,480,2070000,3600,within_recorded_span_not_independently_verified
scheduling_class_1,458,2073600,3600,within_recorded_span_not_independently_verified
scheduling_class_1,399,2077200,3600,within_recorded_span_not_independently_verified
scheduling_class_1,266,2080800,3600,within_recorded_span_not_independently_verified
scheduling_class_1,280,2084400,3600,within_recorded_span_not_independently_verified
scheduling_class_1,245,2088000,3600,within_recorded_span_not_independently_verified
scheduling_class_1,232,2091600,3600,within_recorded_span_not_independently_verified
scheduling_class_1,234,2095200,3600,within_recorded_span_not_independently_verified
scheduling_class_1,230,2098800,3600,within_recorded_span_not_independently_verified
scheduling_class_1,230,2102400,3600,within_recorded_span_not_independently_verified
scheduling_class_1,603,2106000,3600,within_recorded_span_not_independently_verified
scheduling_class_1,231,2109600,3600,within_recorded_span_not_independently_verified
scheduling_class_1,228,2113200,3600,within_recorded_span_not_independently_verified
scheduling_class_1,268,2116800,3600,within_recorded_span_not_independently_verified
scheduling_class_1,363,2120400,3600,within_recorded_span_not_independently_verified
scheduling_class_1,293,2124000,3600,within_recorded_span_not_independently_verified
scheduling_class_1,292,2127600,3600,within_recorded_span_not_independently_verified
scheduling_class_1,329,2131200,3600,within_recorded_span_not_independently_verified
scheduling_class_1,350,2134800,3600,within_recorded_span_not_independently_verified
scheduling_class_1,255,2138400,3600,within_recorded_span_not_independently_verified
scheduling_class_1,273,2142000,3600,within_recorded_span_not_independently_verified
scheduling_class_1,253,2145600,3600,within_recorded_span_not_independently_verified
scheduling_class_1,328,2149200,3600,within_recorded_span_not_independently_verified
scheduling_class_1,267,2152800,3600,within_recorded_span_not_independently_verified
scheduling_class_1,321,2156400,3600,within_recorded_span_not_independently_verified
scheduling_class_1,378,2160000,3600,within_recorded_span_not_independently_verified
scheduling_class_1,415,2163600,3600,within_recorded_span_not_independently_verified
scheduling_class_1,220,2167200,3600,within_recorded_span_not_independently_verified
scheduling_class_1,328,2170800,3600,within_recorded_span_not_independently_verified
scheduling_class_1,337,2174400,3600,within_recorded_span_not_independently_verified
scheduling_class_1,349,2178000,3600,within_recorded_span_not_independently_verified
scheduling_class_1,214,2181600,3600,within_recorded_span_not_independently_verified
scheduling_class_1,243,2185200,3600,within_recorded_span_not_independently_verified
scheduling_class_1,262,2188800,3600,within_recorded_span_not_independently_verified
scheduling_class_1,539,2192400,3600,within_recorded_span_not_independently_verified
scheduling_class_1,245,2196000,3600,within_recorded_span_not_independently_verified
scheduling_class_1,233,2199600,3600,within_recorded_span_not_independently_verified
scheduling_class_1,233,2203200,3600,within_recorded_span_not_independently_verified
scheduling_class_1,367,2206800,3600,within_recorded_span_not_independently_verified
scheduling_class_1,349,2210400,3600,within_recorded_span_not_independently_verified
scheduling_class_1,311,2214000,3600,within_recorded_span_not_independently_verified
scheduling_class_1,317,2217600,3600,within_recorded_span_not_independently_verified
scheduling_class_1,342,2221200,3600,within_recorded_span_not_independently_verified
scheduling_class_1,227,2224800,3600,within_recorded_span_not_independently_verified
scheduling_class_1,321,2228400,3600,within_recorded_span_not_independently_verified
scheduling_class_1,387,2232000,3600,within_recorded_span_not_independently_verified
scheduling_class_1,252,2235600,3600,within_recorded_span_not_independently_verified
scheduling_class_1,381,2239200,3600,within_recorded_span_not_independently_verified
scheduling_class_1,384,2242800,3600,within_recorded_span_not_independently_verified
scheduling_class_1,419,2246400,3600,within_recorded_span_not_independently_verified
scheduling_class_1,421,2250000,3600,within_recorded_span_not_independently_verified
scheduling_class_1,278,2253600,3600,within_recorded_span_not_independently_verified
scheduling_class_1,313,2257200,3600,within_recorded_span_not_independently_verified
scheduling_class_1,330,2260800,3600,within_recorded_span_not_independently_verified
scheduling_class_1,400,2264400,3600,within_recorded_span_not_independently_verified
scheduling_class_1,182,2268000,3600,within_recorded_span_not_independently_verified
scheduling_class_1,240,2271600,3600,within_recorded_span_not_independently_verified
scheduling_class_1,245,2275200,3600,within_recorded_span_not_independently_verified
scheduling_class_1,586,2278800,3600,within_recorded_span_not_independently_verified
scheduling_class_1,243,2282400,3600,within_recorded_span_not_independently_verified
scheduling_class_1,230,2286000,3600,within_recorded_span_not_independently_verified
scheduling_class_1,247,2289600,3600,within_recorded_span_not_independently_verified
scheduling_class_1,414,2293200,3600,within_recorded_span_not_independently_verified
scheduling_class_1,299,2296800,3600,within_recorded_span_not_independently_verified
scheduling_class_1,296,2300400,3600,within_recorded_span_not_independently_verified
scheduling_class_1,315,2304000,3600,within_recorded_span_not_independently_verified
scheduling_class_1,322,2307600,3600,within_recorded_span_not_independently_verified
scheduling_class_1,306,2311200,3600,within_recorded_span_not_independently_verified
scheduling_class_1,290,2314800,3600,within_recorded_span_not_independently_verified
scheduling_class_1,288,2318400,3600,within_recorded_span_not_independently_verified
scheduling_class_1,304,2322000,3600,within_recorded_span_not_independently_verified
scheduling_class_1,303,2325600,3600,within_recorded_span_not_independently_verified
scheduling_class_1,312,2329200,3600,within_recorded_span_not_independently_verified
scheduling_class_1,449,2332800,3600,within_recorded_span_not_independently_verified
scheduling_class_1,418,2336400,3600,within_recorded_span_not_independently_verified
scheduling_class_1,244,2340000,3600,within_recorded_span_not_independently_verified
scheduling_class_1,379,2343600,3600,within_recorded_span_not_independently_verified
scheduling_class_1,325,2347200,3600,within_recorded_span_not_independently_verified
scheduling_class_1,341,2350800,3600,within_recorded_span_not_independently_verified
scheduling_class_1,275,2354400,3600,within_recorded_span_not_independently_verified
scheduling_class_1,323,2358000,3600,within_recorded_span_not_independently_verified
scheduling_class_1,191,2361600,3600,within_recorded_span_not_independently_verified
scheduling_class_1,599,2365200,3600,within_recorded_span_not_independently_verified
scheduling_class_1,281,2368800,3600,within_recorded_span_not_independently_verified
scheduling_class_1,195,2372400,3600,within_recorded_span_not_independently_verified
scheduling_class_1,281,2376000,3600,within_recorded_span_not_independently_verified
scheduling_class_1,418,2379600,3600,within_recorded_span_not_independently_verified
scheduling_class_1,261,2383200,3600,within_recorded_span_not_independently_verified
scheduling_class_1,287,2386800,3600,within_recorded_span_not_independently_verified
scheduling_class_1,316,2390400,3600,within_recorded_span_not_independently_verified
scheduling_class_1,251,2394000,3600,within_recorded_span_not_independently_verified
scheduling_class_1,242,2397600,3600,within_recorded_span_not_independently_verified
scheduling_class_1,311,2401200,3600,within_recorded_span_not_independently_verified
scheduling_class_1,237,2404800,3600,within_recorded_span_not_independently_verified
scheduling_class_1,243,2408400,3600,within_recorded_span_not_independently_verified
scheduling_class_1,290,2412000,3600,within_recorded_span_not_independently_verified
scheduling_class_1,266,2415600,3600,within_recorded_span_not_independently_verified
scheduling_class_1,386,2419200,3600,within_recorded_span_not_independently_verified
scheduling_class_1,423,2422800,3600,within_recorded_span_not_independently_verified
scheduling_class_1,223,2426400,3600,within_recorded_span_not_independently_verified
scheduling_class_1,341,2430000,3600,within_recorded_span_not_independently_verified
scheduling_class_1,444,2433600,3600,within_recorded_span_not_independently_verified
scheduling_class_1,300,2437200,3600,within_recorded_span_not_independently_verified
scheduling_class_1,210,2440800,3600,within_recorded_span_not_independently_verified
scheduling_class_1,258,2444400,3600,within_recorded_span_not_independently_verified
scheduling_class_1,233,2448000,3600,within_recorded_span_not_independently_verified
scheduling_class_1,216,2451600,3600,within_recorded_span_not_independently_verified
scheduling_class_1,295,2455200,3600,within_recorded_span_not_independently_verified
scheduling_class_1,265,2458800,3600,within_recorded_span_not_independently_verified
scheduling_class_1,218,2462400,3600,within_recorded_span_not_independently_verified
scheduling_class_1,320,2466000,3600,within_recorded_span_not_independently_verified
scheduling_class_1,375,2469600,3600,within_recorded_span_not_independently_verified
scheduling_class_1,338,2473200,3600,within_recorded_span_not_independently_verified
scheduling_class_1,363,2476800,3600,within_recorded_span_not_independently_verified
scheduling_class_1,393,2480400,3600,within_recorded_span_not_independently_verified
scheduling_class_1,300,2484000,3600,within_recorded_span_not_independently_verified
scheduling_class_1,358,2487600,3600,within_recorded_span_not_independently_verified
scheduling_class_1,309,2491200,3600,within_recorded_span_not_independently_verified
scheduling_class_1,336,2494800,3600,within_recorded_span_not_independently_verified
scheduling_class_1,308,2498400,3600,within_recorded_span_not_independently_verified
scheduling_class_1,357,2502000,3600,within_recorded_span_not_independently_verified
scheduling_class_1,60,2505600,3600,partial_boundary
scheduling_class_2,128,0,3600,partial_boundary
scheduling_class_2,158,3600,3600,within_recorded_span_not_independently_verified
scheduling_class_2,120,7200,3600,within_recorded_span_not_independently_verified
scheduling_class_2,207,10800,3600,within_recorded_span_not_independently_verified
scheduling_class_2,176,14400,3600,within_recorded_span_not_independently_verified
scheduling_class_2,439,18000,3600,within_recorded_span_not_independently_verified
scheduling_class_2,359,21600,3600,within_recorded_span_not_independently_verified
scheduling_class_2,175,25200,3600,within_recorded_span_not_independently_verified
scheduling_class_2,86,28800,3600,within_recorded_span_not_independently_verified
scheduling_class_2,126,32400,3600,within_recorded_span_not_independently_verified
scheduling_class_2,134,36000,3600,within_recorded_span_not_independently_verified
scheduling_class_2,102,39600,3600,within_recorded_span_not_independently_verified
scheduling_class_2,129,43200,3600,within_recorded_span_not_independently_verified
scheduling_class_2,143,46800,3600,within_recorded_span_not_independently_verified
scheduling_class_2,101,50400,3600,within_recorded_span_not_independently_verified
scheduling_class_2,171,54000,3600,within_recorded_span_not_independently_verified
scheduling_class_2,233,57600,3600,within_recorded_span_not_independently_verified
scheduling_class_2,255,61200,3600,within_recorded_span_not_independently_verified
scheduling_class_2,206,64800,3600,within_recorded_span_not_independently_verified
scheduling_class_2,277,68400,3600,within_recorded_span_not_independently_verified
scheduling_class_2,230,72000,3600,within_recorded_span_not_independently_verified
scheduling_class_2,324,75600,3600,within_recorded_span_not_independently_verified
scheduling_class_2,209,79200,3600,within_recorded_span_not_independently_verified
scheduling_class_2,196,82800,3600,within_recorded_span_not_independently_verified
scheduling_class_2,190,86400,3600,within_recorded_span_not_independently_verified
scheduling_class_2,201,90000,3600,within_recorded_span_not_independently_verified
scheduling_class_2,202,93600,3600,within_recorded_span_not_independently_verified
scheduling_class_2,282,97200,3600,within_recorded_span_not_independently_verified
scheduling_class_2,281,100800,3600,within_recorded_span_not_independently_verified
scheduling_class_2,438,104400,3600,within_recorded_span_not_independently_verified
scheduling_class_2,276,108000,3600,within_recorded_span_not_independently_verified
scheduling_class_2,288,111600,3600,within_recorded_span_not_independently_verified
scheduling_class_2,209,115200,3600,within_recorded_span_not_independently_verified
scheduling_class_2,195,118800,3600,within_recorded_span_not_independently_verified
scheduling_class_2,246,122400,3600,within_recorded_span_not_independently_verified
scheduling_class_2,204,126000,3600,within_recorded_span_not_independently_verified
scheduling_class_2,219,129600,3600,within_recorded_span_not_independently_verified
scheduling_class_2,200,133200,3600,within_recorded_span_not_independently_verified
scheduling_class_2,199,136800,3600,within_recorded_span_not_independently_verified
scheduling_class_2,172,140400,3600,within_recorded_span_not_independently_verified
scheduling_class_2,217,144000,3600,within_recorded_span_not_independently_verified
scheduling_class_2,237,147600,3600,within_recorded_span_not_independently_verified
scheduling_class_2,309,151200,3600,within_recorded_span_not_independently_verified
scheduling_class_2,263,154800,3600,within_recorded_span_not_independently_verified
scheduling_class_2,378,158400,3600,within_recorded_span_not_independently_verified
scheduling_class_2,268,162000,3600,within_recorded_span_not_independently_verified
scheduling_class_2,328,165600,3600,within_recorded_span_not_independently_verified
scheduling_class_2,279,169200,3600,within_recorded_span_not_independently_verified
scheduling_class_2,174,172800,3600,within_recorded_span_not_independently_verified
scheduling_class_2,226,176400,3600,within_recorded_span_not_independently_verified
scheduling_class_2,302,180000,3600,within_recorded_span_not_independently_verified
scheduling_class_2,170,183600,3600,within_recorded_span_not_independently_verified
scheduling_class_2,176,187200,3600,within_recorded_span_not_independently_verified
scheduling_class_2,362,190800,3600,within_recorded_span_not_independently_verified
scheduling_class_2,268,194400,3600,within_recorded_span_not_independently_verified
scheduling_class_2,164,198000,3600,within_recorded_span_not_independently_verified
scheduling_class_2,181,201600,3600,within_recorded_span_not_independently_verified
scheduling_class_2,178,205200,3600,within_recorded_span_not_independently_verified
scheduling_class_2,157,208800,3600,within_recorded_span_not_independently_verified
scheduling_class_2,171,212400,3600,within_recorded_span_not_independently_verified
scheduling_class_2,180,216000,3600,within_recorded_span_not_independently_verified
scheduling_class_2,151,219600,3600,within_recorded_span_not_independently_verified
scheduling_class_2,155,223200,3600,within_recorded_span_not_independently_verified
scheduling_class_2,347,226800,3600,within_recorded_span_not_independently_verified
scheduling_class_2,283,230400,3600,within_recorded_span_not_independently_verified
scheduling_class_2,245,234000,3600,within_recorded_span_not_independently_verified
scheduling_class_2,327,237600,3600,within_recorded_span_not_independently_verified
scheduling_class_2,214,241200,3600,within_recorded_span_not_independently_verified
scheduling_class_2,294,244800,3600,within_recorded_span_not_independently_verified
scheduling_class_2,355,248400,3600,within_recorded_span_not_independently_verified
scheduling_class_2,340,252000,3600,within_recorded_span_not_independently_verified
scheduling_class_2,380,255600,3600,within_recorded_span_not_independently_verified
scheduling_class_2,280,259200,3600,within_recorded_span_not_independently_verified
scheduling_class_2,339,262800,3600,within_recorded_span_not_independently_verified
scheduling_class_2,287,266400,3600,within_recorded_span_not_independently_verified
scheduling_class_2,194,270000,3600,within_recorded_span_not_independently_verified
scheduling_class_2,235,273600,3600,within_recorded_span_not_independently_verified
scheduling_class_2,487,277200,3600,within_recorded_span_not_independently_verified
scheduling_class_2,234,280800,3600,within_recorded_span_not_independently_verified
scheduling_class_2,191,284400,3600,within_recorded_span_not_independently_verified
scheduling_class_2,130,288000,3600,within_recorded_span_not_independently_verified
scheduling_class_2,129,291600,3600,within_recorded_span_not_independently_verified
scheduling_class_2,158,295200,3600,within_recorded_span_not_independently_verified
scheduling_class_2,146,298800,3600,within_recorded_span_not_independently_verified
scheduling_class_2,127,302400,3600,within_recorded_span_not_independently_verified
scheduling_class_2,270,306000,3600,within_recorded_span_not_independently_verified
scheduling_class_2,226,309600,3600,within_recorded_span_not_independently_verified
scheduling_class_2,161,313200,3600,within_recorded_span_not_independently_verified
scheduling_class_2,273,316800,3600,within_recorded_span_not_independently_verified
scheduling_class_2,274,320400,3600,within_recorded_span_not_independently_verified
scheduling_class_2,308,324000,3600,within_recorded_span_not_independently_verified
scheduling_class_2,277,327600,3600,within_recorded_span_not_independently_verified
scheduling_class_2,373,331200,3600,within_recorded_span_not_independently_verified
scheduling_class_2,250,334800,3600,within_recorded_span_not_independently_verified
scheduling_class_2,326,338400,3600,within_recorded_span_not_independently_verified
scheduling_class_2,227,342000,3600,within_recorded_span_not_independently_verified
scheduling_class_2,167,345600,3600,within_recorded_span_not_independently_verified
scheduling_class_2,230,349200,3600,within_recorded_span_not_independently_verified
scheduling_class_2,368,352800,3600,within_recorded_span_not_independently_verified
scheduling_class_2,188,356400,3600,within_recorded_span_not_independently_verified
scheduling_class_2,223,360000,3600,within_recorded_span_not_independently_verified
scheduling_class_2,517,363600,3600,within_recorded_span_not_independently_verified
scheduling_class_2,254,367200,3600,within_recorded_span_not_independently_verified
scheduling_class_2,157,370800,3600,within_recorded_span_not_independently_verified
scheduling_class_2,188,374400,3600,within_recorded_span_not_independently_verified
scheduling_class_2,135,378000,3600,within_recorded_span_not_independently_verified
scheduling_class_2,150,381600,3600,within_recorded_span_not_independently_verified
scheduling_class_2,145,385200,3600,within_recorded_span_not_independently_verified
scheduling_class_2,111,388800,3600,within_recorded_span_not_independently_verified
scheduling_class_2,181,392400,3600,within_recorded_span_not_independently_verified
scheduling_class_2,224,396000,3600,within_recorded_span_not_independently_verified
scheduling_class_2,349,399600,3600,within_recorded_span_not_independently_verified
scheduling_class_2,445,403200,3600,within_recorded_span_not_independently_verified
scheduling_class_2,575,406800,3600,within_recorded_span_not_independently_verified
scheduling_class_2,379,410400,3600,within_recorded_span_not_independently_verified
scheduling_class_2,247,414000,3600,within_recorded_span_not_independently_verified
scheduling_class_2,328,417600,3600,within_recorded_span_not_independently_verified
scheduling_class_2,368,421200,3600,within_recorded_span_not_independently_verified
scheduling_class_2,475,424800,3600,within_recorded_span_not_independently_verified
scheduling_class_2,332,428400,3600,within_recorded_span_not_independently_verified
scheduling_class_2,246,432000,3600,within_recorded_span_not_independently_verified
scheduling_class_2,265,435600,3600,within_recorded_span_not_independently_verified
scheduling_class_2,206,439200,3600,within_recorded_span_not_independently_verified
scheduling_class_2,584,442800,3600,within_recorded_span_not_independently_verified
scheduling_class_2,130,446400,3600,within_recorded_span_not_independently_verified
scheduling_class_2,589,450000,3600,within_recorded_span_not_independently_verified
scheduling_class_2,622,453600,3600,within_recorded_span_not_independently_verified
scheduling_class_2,616,457200,3600,within_recorded_span_not_independently_verified
scheduling_class_2,586,460800,3600,within_recorded_span_not_independently_verified
scheduling_class_2,614,464400,3600,within_recorded_span_not_independently_verified
scheduling_class_2,308,468000,3600,within_recorded_span_not_independently_verified
scheduling_class_2,126,471600,3600,within_recorded_span_not_independently_verified
scheduling_class_2,97,475200,3600,within_recorded_span_not_independently_verified
scheduling_class_2,103,478800,3600,within_recorded_span_not_independently_verified
scheduling_class_2,94,482400,3600,within_recorded_span_not_independently_verified
scheduling_class_2,124,486000,3600,within_recorded_span_not_independently_verified
scheduling_class_2,107,489600,3600,within_recorded_span_not_independently_verified
scheduling_class_2,83,493200,3600,within_recorded_span_not_independently_verified
scheduling_class_2,132,496800,3600,within_recorded_span_not_independently_verified
scheduling_class_2,121,500400,3600,within_recorded_span_not_independently_verified
scheduling_class_2,146,504000,3600,within_recorded_span_not_independently_verified
scheduling_class_2,211,507600,3600,within_recorded_span_not_independently_verified
scheduling_class_2,102,511200,3600,within_recorded_span_not_independently_verified
scheduling_class_2,75,514800,3600,within_recorded_span_not_independently_verified
scheduling_class_2,139,518400,3600,within_recorded_span_not_independently_verified
scheduling_class_2,216,522000,3600,within_recorded_span_not_independently_verified
scheduling_class_2,177,525600,3600,within_recorded_span_not_independently_verified
scheduling_class_2,191,529200,3600,within_recorded_span_not_independently_verified
scheduling_class_2,152,532800,3600,within_recorded_span_not_independently_verified
scheduling_class_2,496,536400,3600,within_recorded_span_not_independently_verified
scheduling_class_2,254,540000,3600,within_recorded_span_not_independently_verified
scheduling_class_2,157,543600,3600,within_recorded_span_not_independently_verified
scheduling_class_2,195,547200,3600,within_recorded_span_not_independently_verified
scheduling_class_2,200,550800,3600,within_recorded_span_not_independently_verified
scheduling_class_2,227,554400,3600,within_recorded_span_not_independently_verified
scheduling_class_2,119,558000,3600,within_recorded_span_not_independently_verified
scheduling_class_2,115,561600,3600,within_recorded_span_not_independently_verified
scheduling_class_2,105,565200,3600,within_recorded_span_not_independently_verified
scheduling_class_2,290,568800,3600,within_recorded_span_not_independently_verified
scheduling_class_2,128,572400,3600,within_recorded_span_not_independently_verified
scheduling_class_2,104,576000,3600,within_recorded_span_not_independently_verified
scheduling_class_2,104,579600,3600,within_recorded_span_not_independently_verified
scheduling_class_2,109,583200,3600,within_recorded_span_not_independently_verified
scheduling_class_2,93,586800,3600,within_recorded_span_not_independently_verified
scheduling_class_2,116,590400,3600,within_recorded_span_not_independently_verified
scheduling_class_2,203,594000,3600,within_recorded_span_not_independently_verified
scheduling_class_2,110,597600,3600,within_recorded_span_not_independently_verified
scheduling_class_2,127,601200,3600,within_recorded_span_not_independently_verified
scheduling_class_2,164,604800,3600,within_recorded_span_not_independently_verified
scheduling_class_2,267,608400,3600,within_recorded_span_not_independently_verified
scheduling_class_2,222,612000,3600,within_recorded_span_not_independently_verified
scheduling_class_2,255,615600,3600,within_recorded_span_not_independently_verified
scheduling_class_2,201,619200,3600,within_recorded_span_not_independently_verified
scheduling_class_2,457,622800,3600,within_recorded_span_not_independently_verified
scheduling_class_2,252,626400,3600,within_recorded_span_not_independently_verified
scheduling_class_2,230,630000,3600,within_recorded_span_not_independently_verified
scheduling_class_2,209,633600,3600,within_recorded_span_not_independently_verified
scheduling_class_2,225,637200,3600,within_recorded_span_not_independently_verified
scheduling_class_2,194,640800,3600,within_recorded_span_not_independently_verified
scheduling_class_2,165,644400,3600,within_recorded_span_not_independently_verified
scheduling_class_2,155,648000,3600,within_recorded_span_not_independently_verified
scheduling_class_2,161,651600,3600,within_recorded_span_not_independently_verified
scheduling_class_2,156,655200,3600,within_recorded_span_not_independently_verified
scheduling_class_2,343,658800,3600,within_recorded_span_not_independently_verified
scheduling_class_2,325,662400,3600,within_recorded_span_not_independently_verified
scheduling_class_2,218,666000,3600,within_recorded_span_not_independently_verified
scheduling_class_2,424,669600,3600,within_recorded_span_not_independently_verified
scheduling_class_2,225,673200,3600,within_recorded_span_not_independently_verified
scheduling_class_2,500,676800,3600,within_recorded_span_not_independently_verified
scheduling_class_2,290,680400,3600,within_recorded_span_not_independently_verified
scheduling_class_2,298,684000,3600,within_recorded_span_not_independently_verified
scheduling_class_2,262,687600,3600,within_recorded_span_not_independently_verified
scheduling_class_2,197,691200,3600,within_recorded_span_not_independently_verified
scheduling_class_2,306,694800,3600,within_recorded_span_not_independently_verified
scheduling_class_2,275,698400,3600,within_recorded_span_not_independently_verified
scheduling_class_2,233,702000,3600,within_recorded_span_not_independently_verified
scheduling_class_2,233,705600,3600,within_recorded_span_not_independently_verified
scheduling_class_2,468,709200,3600,within_recorded_span_not_independently_verified
scheduling_class_2,236,712800,3600,within_recorded_span_not_independently_verified
scheduling_class_2,185,716400,3600,within_recorded_span_not_independently_verified
scheduling_class_2,162,720000,3600,within_recorded_span_not_independently_verified
scheduling_class_2,142,723600,3600,within_recorded_span_not_independently_verified
scheduling_class_2,178,727200,3600,within_recorded_span_not_independently_verified
scheduling_class_2,214,730800,3600,within_recorded_span_not_independently_verified
scheduling_class_2,127,734400,3600,within_recorded_span_not_independently_verified
scheduling_class_2,150,738000,3600,within_recorded_span_not_independently_verified
scheduling_class_2,155,741600,3600,within_recorded_span_not_independently_verified
scheduling_class_2,298,745200,3600,within_recorded_span_not_independently_verified
scheduling_class_2,381,748800,3600,within_recorded_span_not_independently_verified
scheduling_class_2,228,752400,3600,within_recorded_span_not_independently_verified
scheduling_class_2,286,756000,3600,within_recorded_span_not_independently_verified
scheduling_class_2,364,759600,3600,within_recorded_span_not_independently_verified
scheduling_class_2,391,763200,3600,within_recorded_span_not_independently_verified
scheduling_class_2,307,766800,3600,within_recorded_span_not_independently_verified
scheduling_class_2,488,770400,3600,within_recorded_span_not_independently_verified
scheduling_class_2,383,774000,3600,within_recorded_span_not_independently_verified
scheduling_class_2,162,777600,3600,within_recorded_span_not_independently_verified
scheduling_class_2,232,781200,3600,within_recorded_span_not_independently_verified
scheduling_class_2,453,784800,3600,within_recorded_span_not_independently_verified
scheduling_class_2,247,788400,3600,within_recorded_span_not_independently_verified
scheduling_class_2,303,792000,3600,within_recorded_span_not_independently_verified
scheduling_class_2,621,795600,3600,within_recorded_span_not_independently_verified
scheduling_class_2,373,799200,3600,within_recorded_span_not_independently_verified
scheduling_class_2,150,802800,3600,within_recorded_span_not_independently_verified
scheduling_class_2,192,806400,3600,within_recorded_span_not_independently_verified
scheduling_class_2,158,810000,3600,within_recorded_span_not_independently_verified
scheduling_class_2,175,813600,3600,within_recorded_span_not_independently_verified
scheduling_class_2,188,817200,3600,within_recorded_span_not_independently_verified
scheduling_class_2,160,820800,3600,within_recorded_span_not_independently_verified
scheduling_class_2,162,824400,3600,within_recorded_span_not_independently_verified
scheduling_class_2,184,828000,3600,within_recorded_span_not_independently_verified
scheduling_class_2,168,831600,3600,within_recorded_span_not_independently_verified
scheduling_class_2,341,835200,3600,within_recorded_span_not_independently_verified
scheduling_class_2,325,838800,3600,within_recorded_span_not_independently_verified
scheduling_class_2,295,842400,3600,within_recorded_span_not_independently_verified
scheduling_class_2,281,846000,3600,within_recorded_span_not_independently_verified
scheduling_class_2,300,849600,3600,within_recorded_span_not_independently_verified
scheduling_class_2,387,853200,3600,within_recorded_span_not_independently_verified
scheduling_class_2,420,856800,3600,within_recorded_span_not_independently_verified
scheduling_class_2,303,860400,3600,within_recorded_span_not_independently_verified
scheduling_class_2,251,864000,3600,within_recorded_span_not_independently_verified
scheduling_class_2,292,867600,3600,within_recorded_span_not_independently_verified
scheduling_class_2,492,871200,3600,within_recorded_span_not_independently_verified
scheduling_class_2,340,874800,3600,within_recorded_span_not_independently_verified
scheduling_class_2,289,878400,3600,within_recorded_span_not_independently_verified
scheduling_class_2,437,882000,3600,within_recorded_span_not_independently_verified
scheduling_class_2,319,885600,3600,within_recorded_span_not_independently_verified
scheduling_class_2,294,889200,3600,within_recorded_span_not_independently_verified
scheduling_class_2,212,892800,3600,within_recorded_span_not_independently_verified
scheduling_class_2,271,896400,3600,within_recorded_span_not_independently_verified
scheduling_class_2,282,900000,3600,within_recorded_span_not_independently_verified
scheduling_class_2,253,903600,3600,within_recorded_span_not_independently_verified
scheduling_class_2,205,907200,3600,within_recorded_span_not_independently_verified
scheduling_class_2,235,910800,3600,within_recorded_span_not_independently_verified
scheduling_class_2,263,914400,3600,within_recorded_span_not_independently_verified
scheduling_class_2,346,918000,3600,within_recorded_span_not_independently_verified
scheduling_class_2,431,921600,3600,within_recorded_span_not_independently_verified
scheduling_class_2,311,925200,3600,within_recorded_span_not_independently_verified
scheduling_class_2,396,928800,3600,within_recorded_span_not_independently_verified
scheduling_class_2,360,932400,3600,within_recorded_span_not_independently_verified
scheduling_class_2,296,936000,3600,within_recorded_span_not_independently_verified
scheduling_class_2,290,939600,3600,within_recorded_span_not_independently_verified
scheduling_class_2,357,943200,3600,within_recorded_span_not_independently_verified
scheduling_class_2,264,946800,3600,within_recorded_span_not_independently_verified
scheduling_class_2,183,950400,3600,within_recorded_span_not_independently_verified
scheduling_class_2,226,954000,3600,within_recorded_span_not_independently_verified
scheduling_class_2,304,957600,3600,within_recorded_span_not_independently_verified
scheduling_class_2,201,961200,3600,within_recorded_span_not_independently_verified
scheduling_class_2,238,964800,3600,within_recorded_span_not_independently_verified
scheduling_class_2,492,968400,3600,within_recorded_span_not_independently_verified
scheduling_class_2,318,972000,3600,within_recorded_span_not_independently_verified
scheduling_class_2,214,975600,3600,within_recorded_span_not_independently_verified
scheduling_class_2,174,979200,3600,within_recorded_span_not_independently_verified
scheduling_class_2,159,982800,3600,within_recorded_span_not_independently_verified
scheduling_class_2,197,986400,3600,within_recorded_span_not_independently_verified
scheduling_class_2,171,990000,3600,within_recorded_span_not_independently_verified
scheduling_class_2,147,993600,3600,within_recorded_span_not_independently_verified
scheduling_class_2,299,997200,3600,within_recorded_span_not_independently_verified
scheduling_class_2,224,1000800,3600,within_recorded_span_not_independently_verified
scheduling_class_2,332,1004400,3600,within_recorded_span_not_independently_verified
scheduling_class_2,404,1008000,3600,within_recorded_span_not_independently_verified
scheduling_class_2,270,1011600,3600,within_recorded_span_not_independently_verified
scheduling_class_2,298,1015200,3600,within_recorded_span_not_independently_verified
scheduling_class_2,350,1018800,3600,within_recorded_span_not_independently_verified
scheduling_class_2,445,1022400,3600,within_recorded_span_not_independently_verified
scheduling_class_2,552,1026000,3600,within_recorded_span_not_independently_verified
scheduling_class_2,473,1029600,3600,within_recorded_span_not_independently_verified
scheduling_class_2,356,1033200,3600,within_recorded_span_not_independently_verified
scheduling_class_2,187,1036800,3600,within_recorded_span_not_independently_verified
scheduling_class_2,222,1040400,3600,within_recorded_span_not_independently_verified
scheduling_class_2,324,1044000,3600,within_recorded_span_not_independently_verified
scheduling_class_2,170,1047600,3600,within_recorded_span_not_independently_verified
scheduling_class_2,138,1051200,3600,within_recorded_span_not_independently_verified
scheduling_class_2,601,1054800,3600,within_recorded_span_not_independently_verified
scheduling_class_2,590,1058400,3600,within_recorded_span_not_independently_verified
scheduling_class_2,567,1062000,3600,within_recorded_span_not_independently_verified
scheduling_class_2,568,1065600,3600,within_recorded_span_not_independently_verified
scheduling_class_2,436,1069200,3600,within_recorded_span_not_independently_verified
scheduling_class_2,118,1072800,3600,within_recorded_span_not_independently_verified
scheduling_class_2,131,1076400,3600,within_recorded_span_not_independently_verified
scheduling_class_2,145,1080000,3600,within_recorded_span_not_independently_verified
scheduling_class_2,104,1083600,3600,within_recorded_span_not_independently_verified
scheduling_class_2,126,1087200,3600,within_recorded_span_not_independently_verified
scheduling_class_2,125,1090800,3600,within_recorded_span_not_independently_verified
scheduling_class_2,94,1094400,3600,within_recorded_span_not_independently_verified
scheduling_class_2,122,1098000,3600,within_recorded_span_not_independently_verified
scheduling_class_2,113,1101600,3600,within_recorded_span_not_independently_verified
scheduling_class_2,114,1105200,3600,within_recorded_span_not_independently_verified
scheduling_class_2,143,1108800,3600,within_recorded_span_not_independently_verified
scheduling_class_2,179,1112400,3600,within_recorded_span_not_independently_verified
scheduling_class_2,52,1116000,3600,within_recorded_span_not_independently_verified
scheduling_class_2,129,1119600,3600,within_recorded_span_not_independently_verified
scheduling_class_2,152,1123200,3600,within_recorded_span_not_independently_verified
scheduling_class_2,180,1126800,3600,within_recorded_span_not_independently_verified
scheduling_class_2,229,1130400,3600,within_recorded_span_not_independently_verified
scheduling_class_2,204,1134000,3600,within_recorded_span_not_independently_verified
scheduling_class_2,115,1137600,3600,within_recorded_span_not_independently_verified
scheduling_class_2,409,1141200,3600,within_recorded_span_not_independently_verified
scheduling_class_2,240,1144800,3600,within_recorded_span_not_independently_verified
scheduling_class_2,73,1148400,3600,within_recorded_span_not_independently_verified
scheduling_class_2,118,1152000,3600,within_recorded_span_not_independently_verified
scheduling_class_2,127,1155600,3600,within_recorded_span_not_independently_verified
scheduling_class_2,98,1159200,3600,within_recorded_span_not_independently_verified
scheduling_class_2,133,1162800,3600,within_recorded_span_not_independently_verified
scheduling_class_2,142,1166400,3600,within_recorded_span_not_independently_verified
scheduling_class_2,85,1170000,3600,within_recorded_span_not_independently_verified
scheduling_class_2,86,1173600,3600,within_recorded_span_not_independently_verified
scheduling_class_2,133,1177200,3600,within_recorded_span_not_independently_verified
scheduling_class_2,108,1180800,3600,within_recorded_span_not_independently_verified
scheduling_class_2,125,1184400,3600,within_recorded_span_not_independently_verified
scheduling_class_2,130,1188000,3600,within_recorded_span_not_independently_verified
scheduling_class_2,101,1191600,3600,within_recorded_span_not_independently_verified
scheduling_class_2,127,1195200,3600,within_recorded_span_not_independently_verified
scheduling_class_2,157,1198800,3600,within_recorded_span_not_independently_verified
scheduling_class_2,125,1202400,3600,within_recorded_span_not_independently_verified
scheduling_class_2,116,1206000,3600,within_recorded_span_not_independently_verified
scheduling_class_2,111,1209600,3600,within_recorded_span_not_independently_verified
scheduling_class_2,143,1213200,3600,within_recorded_span_not_independently_verified
scheduling_class_2,339,1216800,3600,within_recorded_span_not_independently_verified
scheduling_class_2,193,1220400,3600,within_recorded_span_not_independently_verified
scheduling_class_2,296,1224000,3600,within_recorded_span_not_independently_verified
scheduling_class_2,436,1227600,3600,within_recorded_span_not_independently_verified
scheduling_class_2,181,1231200,3600,within_recorded_span_not_independently_verified
scheduling_class_2,161,1234800,3600,within_recorded_span_not_independently_verified
scheduling_class_2,121,1238400,3600,within_recorded_span_not_independently_verified
scheduling_class_2,142,1242000,3600,within_recorded_span_not_independently_verified
scheduling_class_2,158,1245600,3600,within_recorded_span_not_independently_verified
scheduling_class_2,145,1249200,3600,within_recorded_span_not_independently_verified
scheduling_class_2,130,1252800,3600,within_recorded_span_not_independently_verified
scheduling_class_2,143,1256400,3600,within_recorded_span_not_independently_verified
scheduling_class_2,151,1260000,3600,within_recorded_span_not_independently_verified
scheduling_class_2,273,1263600,3600,within_recorded_span_not_independently_verified
scheduling_class_2,350,1267200,3600,within_recorded_span_not_independently_verified
scheduling_class_2,291,1270800,3600,within_recorded_span_not_independently_verified
scheduling_class_2,243,1274400,3600,within_recorded_span_not_independently_verified
scheduling_class_2,422,1278000,3600,within_recorded_span_not_independently_verified
scheduling_class_2,210,1281600,3600,within_recorded_span_not_independently_verified
scheduling_class_2,193,1285200,3600,within_recorded_span_not_independently_verified
scheduling_class_2,257,1288800,3600,within_recorded_span_not_independently_verified
scheduling_class_2,280,1292400,3600,within_recorded_span_not_independently_verified
scheduling_class_2,463,1296000,3600,within_recorded_span_not_independently_verified
scheduling_class_2,417,1299600,3600,within_recorded_span_not_independently_verified
scheduling_class_2,307,1303200,3600,within_recorded_span_not_independently_verified
scheduling_class_2,211,1306800,3600,within_recorded_span_not_independently_verified
scheduling_class_2,219,1310400,3600,within_recorded_span_not_independently_verified
scheduling_class_2,715,1314000,3600,within_recorded_span_not_independently_verified
scheduling_class_2,719,1317600,3600,within_recorded_span_not_independently_verified
scheduling_class_2,705,1321200,3600,within_recorded_span_not_independently_verified
scheduling_class_2,732,1324800,3600,within_recorded_span_not_independently_verified
scheduling_class_2,487,1328400,3600,within_recorded_span_not_independently_verified
scheduling_class_2,110,1332000,3600,within_recorded_span_not_independently_verified
scheduling_class_2,163,1335600,3600,within_recorded_span_not_independently_verified
scheduling_class_2,138,1339200,3600,within_recorded_span_not_independently_verified
scheduling_class_2,165,1342800,3600,within_recorded_span_not_independently_verified
scheduling_class_2,164,1346400,3600,within_recorded_span_not_independently_verified
scheduling_class_2,251,1350000,3600,within_recorded_span_not_independently_verified
scheduling_class_2,433,1353600,3600,within_recorded_span_not_independently_verified
scheduling_class_2,353,1357200,3600,within_recorded_span_not_independently_verified
scheduling_class_2,314,1360800,3600,within_recorded_span_not_independently_verified
scheduling_class_2,320,1364400,3600,within_recorded_span_not_independently_verified
scheduling_class_2,324,1368000,3600,within_recorded_span_not_independently_verified
scheduling_class_2,287,1371600,3600,within_recorded_span_not_independently_verified
scheduling_class_2,381,1375200,3600,within_recorded_span_not_independently_verified
scheduling_class_2,295,1378800,3600,within_recorded_span_not_independently_verified
scheduling_class_2,209,1382400,3600,within_recorded_span_not_independently_verified
scheduling_class_2,260,1386000,3600,within_recorded_span_not_independently_verified
scheduling_class_2,320,1389600,3600,within_recorded_span_not_independently_verified
scheduling_class_2,176,1393200,3600,within_recorded_span_not_independently_verified
scheduling_class_2,129,1396800,3600,within_recorded_span_not_independently_verified
scheduling_class_2,412,1400400,3600,within_recorded_span_not_independently_verified
scheduling_class_2,180,1404000,3600,within_recorded_span_not_independently_verified
scheduling_class_2,192,1407600,3600,within_recorded_span_not_independently_verified
scheduling_class_2,189,1411200,3600,within_recorded_span_not_independently_verified
scheduling_class_2,224,1414800,3600,within_recorded_span_not_independently_verified
scheduling_class_2,208,1418400,3600,within_recorded_span_not_independently_verified
scheduling_class_2,202,1422000,3600,within_recorded_span_not_independently_verified
scheduling_class_2,213,1425600,3600,within_recorded_span_not_independently_verified
scheduling_class_2,209,1429200,3600,within_recorded_span_not_independently_verified
scheduling_class_2,154,1432800,3600,within_recorded_span_not_independently_verified
scheduling_class_2,375,1436400,3600,within_recorded_span_not_independently_verified
scheduling_class_2,485,1440000,3600,within_recorded_span_not_independently_verified
scheduling_class_2,321,1443600,3600,within_recorded_span_not_independently_verified
scheduling_class_2,467,1447200,3600,within_recorded_span_not_independently_verified
scheduling_class_2,369,1450800,3600,within_recorded_span_not_independently_verified
scheduling_class_2,598,1454400,3600,within_recorded_span_not_independently_verified
scheduling_class_2,338,1458000,3600,within_recorded_span_not_independently_verified
scheduling_class_2,379,1461600,3600,within_recorded_span_not_independently_verified
scheduling_class_2,249,1465200,3600,within_recorded_span_not_independently_verified
scheduling_class_2,288,1468800,3600,within_recorded_span_not_independently_verified
scheduling_class_2,308,1472400,3600,within_recorded_span_not_independently_verified
scheduling_class_2,312,1476000,3600,within_recorded_span_not_independently_verified
scheduling_class_2,184,1479600,3600,within_recorded_span_not_independently_verified
scheduling_class_2,159,1483200,3600,within_recorded_span_not_independently_verified
scheduling_class_2,572,1486800,3600,within_recorded_span_not_independently_verified
scheduling_class_2,1373,1490400,3600,within_recorded_span_not_independently_verified
scheduling_class_2,1531,1494000,3600,within_recorded_span_not_independently_verified
scheduling_class_2,1510,1497600,3600,within_recorded_span_not_independently_verified
scheduling_class_2,1054,1501200,3600,within_recorded_span_not_independently_verified
scheduling_class_2,837,1504800,3600,within_recorded_span_not_independently_verified
scheduling_class_2,951,1508400,3600,within_recorded_span_not_independently_verified
scheduling_class_2,961,1512000,3600,within_recorded_span_not_independently_verified
scheduling_class_2,942,1515600,3600,within_recorded_span_not_independently_verified
scheduling_class_2,983,1519200,3600,within_recorded_span_not_independently_verified
scheduling_class_2,1129,1522800,3600,within_recorded_span_not_independently_verified
scheduling_class_2,464,1526400,3600,within_recorded_span_not_independently_verified
scheduling_class_2,348,1530000,3600,within_recorded_span_not_independently_verified
scheduling_class_2,432,1533600,3600,within_recorded_span_not_independently_verified
scheduling_class_2,261,1537200,3600,within_recorded_span_not_independently_verified
scheduling_class_2,437,1540800,3600,within_recorded_span_not_independently_verified
scheduling_class_2,747,1544400,3600,within_recorded_span_not_independently_verified
scheduling_class_2,1073,1548000,3600,within_recorded_span_not_independently_verified
scheduling_class_2,711,1551600,3600,within_recorded_span_not_independently_verified
scheduling_class_2,452,1555200,3600,within_recorded_span_not_independently_verified
scheduling_class_2,181,1558800,3600,within_recorded_span_not_independently_verified
scheduling_class_2,385,1562400,3600,within_recorded_span_not_independently_verified
scheduling_class_2,230,1566000,3600,within_recorded_span_not_independently_verified
scheduling_class_2,163,1569600,3600,within_recorded_span_not_independently_verified
scheduling_class_2,549,1573200,3600,within_recorded_span_not_independently_verified
scheduling_class_2,499,1576800,3600,within_recorded_span_not_independently_verified
scheduling_class_2,206,1580400,3600,within_recorded_span_not_independently_verified
scheduling_class_2,240,1584000,3600,within_recorded_span_not_independently_verified
scheduling_class_2,333,1587600,3600,within_recorded_span_not_independently_verified
scheduling_class_2,185,1591200,3600,within_recorded_span_not_independently_verified
scheduling_class_2,246,1594800,3600,within_recorded_span_not_independently_verified
scheduling_class_2,221,1598400,3600,within_recorded_span_not_independently_verified
scheduling_class_2,183,1602000,3600,within_recorded_span_not_independently_verified
scheduling_class_2,275,1605600,3600,within_recorded_span_not_independently_verified
scheduling_class_2,513,1609200,3600,within_recorded_span_not_independently_verified
scheduling_class_2,447,1612800,3600,within_recorded_span_not_independently_verified
scheduling_class_2,353,1616400,3600,within_recorded_span_not_independently_verified
scheduling_class_2,456,1620000,3600,within_recorded_span_not_independently_verified
scheduling_class_2,281,1623600,3600,within_recorded_span_not_independently_verified
scheduling_class_2,529,1627200,3600,within_recorded_span_not_independently_verified
scheduling_class_2,756,1630800,3600,within_recorded_span_not_independently_verified
scheduling_class_2,599,1634400,3600,within_recorded_span_not_independently_verified
scheduling_class_2,463,1638000,3600,within_recorded_span_not_independently_verified
scheduling_class_2,236,1641600,3600,within_recorded_span_not_independently_verified
scheduling_class_2,270,1645200,3600,within_recorded_span_not_independently_verified
scheduling_class_2,325,1648800,3600,within_recorded_span_not_independently_verified
scheduling_class_2,230,1652400,3600,within_recorded_span_not_independently_verified
scheduling_class_2,208,1656000,3600,within_recorded_span_not_independently_verified
scheduling_class_2,627,1659600,3600,within_recorded_span_not_independently_verified
scheduling_class_2,669,1663200,3600,within_recorded_span_not_independently_verified
scheduling_class_2,834,1666800,3600,within_recorded_span_not_independently_verified
scheduling_class_2,295,1670400,3600,within_recorded_span_not_independently_verified
scheduling_class_2,236,1674000,3600,within_recorded_span_not_independently_verified
scheduling_class_2,227,1677600,3600,within_recorded_span_not_independently_verified
scheduling_class_2,210,1681200,3600,within_recorded_span_not_independently_verified
scheduling_class_2,194,1684800,3600,within_recorded_span_not_independently_verified
scheduling_class_2,232,1688400,3600,within_recorded_span_not_independently_verified
scheduling_class_2,184,1692000,3600,within_recorded_span_not_independently_verified
scheduling_class_2,255,1695600,3600,within_recorded_span_not_independently_verified
scheduling_class_2,211,1699200,3600,within_recorded_span_not_independently_verified
scheduling_class_2,233,1702800,3600,within_recorded_span_not_independently_verified
scheduling_class_2,208,1706400,3600,within_recorded_span_not_independently_verified
scheduling_class_2,239,1710000,3600,within_recorded_span_not_independently_verified
scheduling_class_2,243,1713600,3600,within_recorded_span_not_independently_verified
scheduling_class_2,189,1717200,3600,within_recorded_span_not_independently_verified
scheduling_class_2,208,1720800,3600,within_recorded_span_not_independently_verified
scheduling_class_2,204,1724400,3600,within_recorded_span_not_independently_verified
scheduling_class_2,178,1728000,3600,within_recorded_span_not_independently_verified
scheduling_class_2,199,1731600,3600,within_recorded_span_not_independently_verified
scheduling_class_2,364,1735200,3600,within_recorded_span_not_independently_verified
scheduling_class_2,185,1738800,3600,within_recorded_span_not_independently_verified
scheduling_class_2,179,1742400,3600,within_recorded_span_not_independently_verified
scheduling_class_2,451,1746000,3600,within_recorded_span_not_independently_verified
scheduling_class_2,166,1749600,3600,within_recorded_span_not_independently_verified
scheduling_class_2,234,1753200,3600,within_recorded_span_not_independently_verified
scheduling_class_2,226,1756800,3600,within_recorded_span_not_independently_verified
scheduling_class_2,171,1760400,3600,within_recorded_span_not_independently_verified
scheduling_class_2,232,1764000,3600,within_recorded_span_not_independently_verified
scheduling_class_2,239,1767600,3600,within_recorded_span_not_independently_verified
scheduling_class_2,142,1771200,3600,within_recorded_span_not_independently_verified
scheduling_class_2,196,1774800,3600,within_recorded_span_not_independently_verified
scheduling_class_2,206,1778400,3600,within_recorded_span_not_independently_verified
scheduling_class_2,189,1782000,3600,within_recorded_span_not_independently_verified
scheduling_class_2,191,1785600,3600,within_recorded_span_not_independently_verified
scheduling_class_2,266,1789200,3600,within_recorded_span_not_independently_verified
scheduling_class_2,180,1792800,3600,within_recorded_span_not_independently_verified
scheduling_class_2,217,1796400,3600,within_recorded_span_not_independently_verified
scheduling_class_2,258,1800000,3600,within_recorded_span_not_independently_verified
scheduling_class_2,212,1803600,3600,within_recorded_span_not_independently_verified
scheduling_class_2,181,1807200,3600,within_recorded_span_not_independently_verified
scheduling_class_2,236,1810800,3600,within_recorded_span_not_independently_verified
scheduling_class_2,214,1814400,3600,within_recorded_span_not_independently_verified
scheduling_class_2,272,1818000,3600,within_recorded_span_not_independently_verified
scheduling_class_2,299,1821600,3600,within_recorded_span_not_independently_verified
scheduling_class_2,190,1825200,3600,within_recorded_span_not_independently_verified
scheduling_class_2,201,1828800,3600,within_recorded_span_not_independently_verified
scheduling_class_2,432,1832400,3600,within_recorded_span_not_independently_verified
scheduling_class_2,220,1836000,3600,within_recorded_span_not_independently_verified
scheduling_class_2,219,1839600,3600,within_recorded_span_not_independently_verified
scheduling_class_2,259,1843200,3600,within_recorded_span_not_independently_verified
scheduling_class_2,214,1846800,3600,within_recorded_span_not_independently_verified
scheduling_class_2,256,1850400,3600,within_recorded_span_not_independently_verified
scheduling_class_2,257,1854000,3600,within_recorded_span_not_independently_verified
scheduling_class_2,206,1857600,3600,within_recorded_span_not_independently_verified
scheduling_class_2,198,1861200,3600,within_recorded_span_not_independently_verified
scheduling_class_2,243,1864800,3600,within_recorded_span_not_independently_verified
scheduling_class_2,237,1868400,3600,within_recorded_span_not_independently_verified
scheduling_class_2,218,1872000,3600,within_recorded_span_not_independently_verified
scheduling_class_2,278,1875600,3600,within_recorded_span_not_independently_verified
scheduling_class_2,330,1879200,3600,within_recorded_span_not_independently_verified
scheduling_class_2,283,1882800,3600,within_recorded_span_not_independently_verified
scheduling_class_2,385,1886400,3600,within_recorded_span_not_independently_verified
scheduling_class_2,411,1890000,3600,within_recorded_span_not_independently_verified
scheduling_class_2,258,1893600,3600,within_recorded_span_not_independently_verified
scheduling_class_2,199,1897200,3600,within_recorded_span_not_independently_verified
scheduling_class_2,315,1900800,3600,within_recorded_span_not_independently_verified
scheduling_class_2,247,1904400,3600,within_recorded_span_not_independently_verified
scheduling_class_2,213,1908000,3600,within_recorded_span_not_independently_verified
scheduling_class_2,174,1911600,3600,within_recorded_span_not_independently_verified
scheduling_class_2,170,1915200,3600,within_recorded_span_not_independently_verified
scheduling_class_2,377,1918800,3600,within_recorded_span_not_independently_verified
scheduling_class_2,177,1922400,3600,within_recorded_span_not_independently_verified
scheduling_class_2,175,1926000,3600,within_recorded_span_not_independently_verified
scheduling_class_2,160,1929600,3600,within_recorded_span_not_independently_verified
scheduling_class_2,190,1933200,3600,within_recorded_span_not_independently_verified
scheduling_class_2,253,1936800,3600,within_recorded_span_not_independently_verified
scheduling_class_2,176,1940400,3600,within_recorded_span_not_independently_verified
scheduling_class_2,171,1944000,3600,within_recorded_span_not_independently_verified
scheduling_class_2,198,1947600,3600,within_recorded_span_not_independently_verified
scheduling_class_2,150,1951200,3600,within_recorded_span_not_independently_verified
scheduling_class_2,312,1954800,3600,within_recorded_span_not_independently_verified
scheduling_class_2,356,1958400,3600,within_recorded_span_not_independently_verified
scheduling_class_2,271,1962000,3600,within_recorded_span_not_independently_verified
scheduling_class_2,221,1965600,3600,within_recorded_span_not_independently_verified
scheduling_class_2,317,1969200,3600,within_recorded_span_not_independently_verified
scheduling_class_2,411,1972800,3600,within_recorded_span_not_independently_verified
scheduling_class_2,803,1976400,3600,within_recorded_span_not_independently_verified
scheduling_class_2,832,1980000,3600,within_recorded_span_not_independently_verified
scheduling_class_2,683,1983600,3600,within_recorded_span_not_independently_verified
scheduling_class_2,601,1987200,3600,within_recorded_span_not_independently_verified
scheduling_class_2,397,1990800,3600,within_recorded_span_not_independently_verified
scheduling_class_2,482,1994400,3600,within_recorded_span_not_independently_verified
scheduling_class_2,331,1998000,3600,within_recorded_span_not_independently_verified
scheduling_class_2,216,2001600,3600,within_recorded_span_not_independently_verified
scheduling_class_2,490,2005200,3600,within_recorded_span_not_independently_verified
scheduling_class_2,260,2008800,3600,within_recorded_span_not_independently_verified
scheduling_class_2,235,2012400,3600,within_recorded_span_not_independently_verified
scheduling_class_2,275,2016000,3600,within_recorded_span_not_independently_verified
scheduling_class_2,294,2019600,3600,within_recorded_span_not_independently_verified
scheduling_class_2,239,2023200,3600,within_recorded_span_not_independently_verified
scheduling_class_2,204,2026800,3600,within_recorded_span_not_independently_verified
scheduling_class_2,227,2030400,3600,within_recorded_span_not_independently_verified
scheduling_class_2,184,2034000,3600,within_recorded_span_not_independently_verified
scheduling_class_2,222,2037600,3600,within_recorded_span_not_independently_verified
scheduling_class_2,391,2041200,3600,within_recorded_span_not_independently_verified
scheduling_class_2,395,2044800,3600,within_recorded_span_not_independently_verified
scheduling_class_2,303,2048400,3600,within_recorded_span_not_independently_verified
scheduling_class_2,371,2052000,3600,within_recorded_span_not_independently_verified
scheduling_class_2,226,2055600,3600,within_recorded_span_not_independently_verified
scheduling_class_2,327,2059200,3600,within_recorded_span_not_independently_verified
scheduling_class_2,341,2062800,3600,within_recorded_span_not_independently_verified
scheduling_class_2,331,2066400,3600,within_recorded_span_not_independently_verified
scheduling_class_2,347,2070000,3600,within_recorded_span_not_independently_verified
scheduling_class_2,201,2073600,3600,within_recorded_span_not_independently_verified
scheduling_class_2,156,2077200,3600,within_recorded_span_not_independently_verified
scheduling_class_2,320,2080800,3600,within_recorded_span_not_independently_verified
scheduling_class_2,164,2084400,3600,within_recorded_span_not_independently_verified
scheduling_class_2,117,2088000,3600,within_recorded_span_not_independently_verified
scheduling_class_2,387,2091600,3600,within_recorded_span_not_independently_verified
scheduling_class_2,156,2095200,3600,within_recorded_span_not_independently_verified
scheduling_class_2,114,2098800,3600,within_recorded_span_not_independently_verified
scheduling_class_2,146,2102400,3600,within_recorded_span_not_independently_verified
scheduling_class_2,161,2106000,3600,within_recorded_span_not_independently_verified
scheduling_class_2,194,2109600,3600,within_recorded_span_not_independently_verified
scheduling_class_2,141,2113200,3600,within_recorded_span_not_independently_verified
scheduling_class_2,133,2116800,3600,within_recorded_span_not_independently_verified
scheduling_class_2,136,2120400,3600,within_recorded_span_not_independently_verified
scheduling_class_2,135,2124000,3600,within_recorded_span_not_independently_verified
scheduling_class_2,352,2127600,3600,within_recorded_span_not_independently_verified
scheduling_class_2,416,2131200,3600,within_recorded_span_not_independently_verified
scheduling_class_2,282,2134800,3600,within_recorded_span_not_independently_verified
scheduling_class_2,346,2138400,3600,within_recorded_span_not_independently_verified
scheduling_class_2,251,2142000,3600,within_recorded_span_not_independently_verified
scheduling_class_2,244,2145600,3600,within_recorded_span_not_independently_verified
scheduling_class_2,346,2149200,3600,within_recorded_span_not_independently_verified
scheduling_class_2,310,2152800,3600,within_recorded_span_not_independently_verified
scheduling_class_2,437,2156400,3600,within_recorded_span_not_independently_verified
scheduling_class_2,667,2160000,3600,within_recorded_span_not_independently_verified
scheduling_class_2,383,2163600,3600,within_recorded_span_not_independently_verified
scheduling_class_2,143,2167200,3600,within_recorded_span_not_independently_verified
scheduling_class_2,112,2170800,3600,within_recorded_span_not_independently_verified
scheduling_class_2,110,2174400,3600,within_recorded_span_not_independently_verified
scheduling_class_2,445,2178000,3600,within_recorded_span_not_independently_verified
scheduling_class_2,598,2181600,3600,within_recorded_span_not_independently_verified
scheduling_class_2,626,2185200,3600,within_recorded_span_not_independently_verified
scheduling_class_2,739,2188800,3600,within_recorded_span_not_independently_verified
scheduling_class_2,161,2192400,3600,within_recorded_span_not_independently_verified
scheduling_class_2,257,2196000,3600,within_recorded_span_not_independently_verified
scheduling_class_2,316,2199600,3600,within_recorded_span_not_independently_verified
scheduling_class_2,293,2203200,3600,within_recorded_span_not_independently_verified
scheduling_class_2,280,2206800,3600,within_recorded_span_not_independently_verified
scheduling_class_2,248,2210400,3600,within_recorded_span_not_independently_verified
scheduling_class_2,210,2214000,3600,within_recorded_span_not_independently_verified
scheduling_class_2,206,2217600,3600,within_recorded_span_not_independently_verified
scheduling_class_2,299,2221200,3600,within_recorded_span_not_independently_verified
scheduling_class_2,199,2224800,3600,within_recorded_span_not_independently_verified
scheduling_class_2,237,2228400,3600,within_recorded_span_not_independently_verified
scheduling_class_2,378,2232000,3600,within_recorded_span_not_independently_verified
scheduling_class_2,697,2235600,3600,within_recorded_span_not_independently_verified
scheduling_class_2,598,2239200,3600,within_recorded_span_not_independently_verified
scheduling_class_2,644,2242800,3600,within_recorded_span_not_independently_verified
scheduling_class_2,821,2246400,3600,within_recorded_span_not_independently_verified
scheduling_class_2,812,2250000,3600,within_recorded_span_not_independently_verified
scheduling_class_2,494,2253600,3600,within_recorded_span_not_independently_verified
scheduling_class_2,729,2257200,3600,within_recorded_span_not_independently_verified
scheduling_class_2,422,2260800,3600,within_recorded_span_not_independently_verified
scheduling_class_2,385,2264400,3600,within_recorded_span_not_independently_verified
scheduling_class_2,172,2268000,3600,within_recorded_span_not_independently_verified
scheduling_class_2,161,2271600,3600,within_recorded_span_not_independently_verified
scheduling_class_2,160,2275200,3600,within_recorded_span_not_independently_verified
scheduling_class_2,158,2278800,3600,within_recorded_span_not_independently_verified
scheduling_class_2,124,2282400,3600,within_recorded_span_not_independently_verified
scheduling_class_2,177,2286000,3600,within_recorded_span_not_independently_verified
scheduling_class_2,122,2289600,3600,within_recorded_span_not_independently_verified
scheduling_class_2,136,2293200,3600,within_recorded_span_not_independently_verified
scheduling_class_2,129,2296800,3600,within_recorded_span_not_independently_verified
scheduling_class_2,149,2300400,3600,within_recorded_span_not_independently_verified
scheduling_class_2,159,2304000,3600,within_recorded_span_not_independently_verified
scheduling_class_2,176,2307600,3600,within_recorded_span_not_independently_verified
scheduling_class_2,140,2311200,3600,within_recorded_span_not_independently_verified
scheduling_class_2,123,2314800,3600,within_recorded_span_not_independently_verified
scheduling_class_2,200,2318400,3600,within_recorded_span_not_independently_verified
scheduling_class_2,198,2322000,3600,within_recorded_span_not_independently_verified
scheduling_class_2,109,2325600,3600,within_recorded_span_not_independently_verified
scheduling_class_2,108,2329200,3600,within_recorded_span_not_independently_verified
scheduling_class_2,157,2332800,3600,within_recorded_span_not_independently_verified
scheduling_class_2,192,2336400,3600,within_recorded_span_not_independently_verified
scheduling_class_2,182,2340000,3600,within_recorded_span_not_independently_verified
scheduling_class_2,122,2343600,3600,within_recorded_span_not_independently_verified
scheduling_class_2,111,2347200,3600,within_recorded_span_not_independently_verified
scheduling_class_2,318,2350800,3600,within_recorded_span_not_independently_verified
scheduling_class_2,115,2354400,3600,within_recorded_span_not_independently_verified
scheduling_class_2,129,2358000,3600,within_recorded_span_not_independently_verified
scheduling_class_2,91,2361600,3600,within_recorded_span_not_independently_verified
scheduling_class_2,187,2365200,3600,within_recorded_span_not_independently_verified
scheduling_class_2,207,2368800,3600,within_recorded_span_not_independently_verified
scheduling_class_2,443,2372400,3600,within_recorded_span_not_independently_verified
scheduling_class_2,537,2376000,3600,within_recorded_span_not_independently_verified
scheduling_class_2,507,2379600,3600,within_recorded_span_not_independently_verified
scheduling_class_2,440,2383200,3600,within_recorded_span_not_independently_verified
scheduling_class_2,400,2386800,3600,within_recorded_span_not_independently_verified
scheduling_class_2,370,2390400,3600,within_recorded_span_not_independently_verified
scheduling_class_2,235,2394000,3600,within_recorded_span_not_independently_verified
scheduling_class_2,126,2397600,3600,within_recorded_span_not_independently_verified
scheduling_class_2,151,2401200,3600,within_recorded_span_not_independently_verified
scheduling_class_2,105,2404800,3600,within_recorded_span_not_independently_verified
scheduling_class_2,141,2408400,3600,within_recorded_span_not_independently_verified
scheduling_class_2,118,2412000,3600,within_recorded_span_not_independently_verified
scheduling_class_2,83,2415600,3600,within_recorded_span_not_independently_verified
scheduling_class_2,152,2419200,3600,within_recorded_span_not_independently_verified
scheduling_class_2,155,2422800,3600,within_recorded_span_not_independently_verified
scheduling_class_2,246,2426400,3600,within_recorded_span_not_independently_verified
scheduling_class_2,95,2430000,3600,within_recorded_span_not_independently_verified
scheduling_class_2,140,2433600,3600,within_recorded_span_not_independently_verified
scheduling_class_2,353,2437200,3600,within_recorded_span_not_independently_verified
scheduling_class_2,94,2440800,3600,within_recorded_span_not_independently_verified
scheduling_class_2,134,2444400,3600,within_recorded_span_not_independently_verified
scheduling_class_2,144,2448000,3600,within_recorded_span_not_independently_verified
scheduling_class_2,95,2451600,3600,within_recorded_span_not_independently_verified
scheduling_class_2,162,2455200,3600,within_recorded_span_not_independently_verified
scheduling_class_2,115,2458800,3600,within_recorded_span_not_independently_verified
scheduling_class_2,114,2462400,3600,within_recorded_span_not_independently_verified
scheduling_class_2,120,2466000,3600,within_recorded_span_not_independently_verified
scheduling_class_2,65,2469600,3600,within_recorded_span_not_independently_verified
scheduling_class_2,211,2473200,3600,within_recorded_span_not_independently_verified
scheduling_class_2,293,2476800,3600,within_recorded_span_not_independently_verified
scheduling_class_2,130,2480400,3600,within_recorded_span_not_independently_verified
scheduling_class_2,217,2484000,3600,within_recorded_span_not_independently_verified
scheduling_class_2,145,2487600,3600,within_recorded_span_not_independently_verified
scheduling_class_2,223,2491200,3600,within_recorded_span_not_independently_verified
scheduling_class_2,151,2494800,3600,within_recorded_span_not_independently_verified
scheduling_class_2,239,2498400,3600,within_recorded_span_not_independently_verified
scheduling_class_2,59,2502000,3600,within_recorded_span_not_independently_verified
scheduling_class_2,10,2505600,3600,partial_boundary
scheduling_class_3,0,0,3600,partial_boundary
scheduling_class_3,18,3600,3600,within_recorded_span_not_independently_verified
scheduling_class_3,2,7200,3600,within_recorded_span_not_independently_verified
scheduling_class_3,15,10800,3600,within_recorded_span_not_independently_verified
scheduling_class_3,6,14400,3600,within_recorded_span_not_independently_verified
scheduling_class_3,7,18000,3600,within_recorded_span_not_independently_verified
scheduling_class_3,1,21600,3600,within_recorded_span_not_independently_verified
scheduling_class_3,2,25200,3600,within_recorded_span_not_independently_verified
scheduling_class_3,2,28800,3600,within_recorded_span_not_independently_verified
scheduling_class_3,2,32400,3600,within_recorded_span_not_independently_verified
scheduling_class_3,8,36000,3600,within_recorded_span_not_independently_verified
scheduling_class_3,16,39600,3600,within_recorded_span_not_independently_verified
scheduling_class_3,7,43200,3600,within_recorded_span_not_independently_verified
scheduling_class_3,4,46800,3600,within_recorded_span_not_independently_verified
scheduling_class_3,3,50400,3600,within_recorded_span_not_independently_verified
scheduling_class_3,3,54000,3600,within_recorded_span_not_independently_verified
scheduling_class_3,9,57600,3600,within_recorded_span_not_independently_verified
scheduling_class_3,6,61200,3600,within_recorded_span_not_independently_verified
scheduling_class_3,5,64800,3600,within_recorded_span_not_independently_verified
scheduling_class_3,7,68400,3600,within_recorded_span_not_independently_verified
scheduling_class_3,8,72000,3600,within_recorded_span_not_independently_verified
scheduling_class_3,3,75600,3600,within_recorded_span_not_independently_verified
scheduling_class_3,7,79200,3600,within_recorded_span_not_independently_verified
scheduling_class_3,7,82800,3600,within_recorded_span_not_independently_verified
scheduling_class_3,8,86400,3600,within_recorded_span_not_independently_verified
scheduling_class_3,9,90000,3600,within_recorded_span_not_independently_verified
scheduling_class_3,5,93600,3600,within_recorded_span_not_independently_verified
scheduling_class_3,17,97200,3600,within_recorded_span_not_independently_verified
scheduling_class_3,4,100800,3600,within_recorded_span_not_independently_verified
scheduling_class_3,7,104400,3600,within_recorded_span_not_independently_verified
scheduling_class_3,18,108000,3600,within_recorded_span_not_independently_verified
scheduling_class_3,7,111600,3600,within_recorded_span_not_independently_verified
scheduling_class_3,3,115200,3600,within_recorded_span_not_independently_verified
scheduling_class_3,5,118800,3600,within_recorded_span_not_independently_verified
scheduling_class_3,18,122400,3600,within_recorded_span_not_independently_verified
scheduling_class_3,5,126000,3600,within_recorded_span_not_independently_verified
scheduling_class_3,16,129600,3600,within_recorded_span_not_independently_verified
scheduling_class_3,5,133200,3600,within_recorded_span_not_independently_verified
scheduling_class_3,5,136800,3600,within_recorded_span_not_independently_verified
scheduling_class_3,15,140400,3600,within_recorded_span_not_independently_verified
scheduling_class_3,8,144000,3600,within_recorded_span_not_independently_verified
scheduling_class_3,3,147600,3600,within_recorded_span_not_independently_verified
scheduling_class_3,3,151200,3600,within_recorded_span_not_independently_verified
scheduling_class_3,22,154800,3600,within_recorded_span_not_independently_verified
scheduling_class_3,8,158400,3600,within_recorded_span_not_independently_verified
scheduling_class_3,8,162000,3600,within_recorded_span_not_independently_verified
scheduling_class_3,12,165600,3600,within_recorded_span_not_independently_verified
scheduling_class_3,21,169200,3600,within_recorded_span_not_independently_verified
scheduling_class_3,6,172800,3600,within_recorded_span_not_independently_verified
scheduling_class_3,26,176400,3600,within_recorded_span_not_independently_verified
scheduling_class_3,6,180000,3600,within_recorded_span_not_independently_verified
scheduling_class_3,4,183600,3600,within_recorded_span_not_independently_verified
scheduling_class_3,4,187200,3600,within_recorded_span_not_independently_verified
scheduling_class_3,7,190800,3600,within_recorded_span_not_independently_verified
scheduling_class_3,4,194400,3600,within_recorded_span_not_independently_verified
scheduling_class_3,7,198000,3600,within_recorded_span_not_independently_verified
scheduling_class_3,4,201600,3600,within_recorded_span_not_independently_verified
scheduling_class_3,1,205200,3600,within_recorded_span_not_independently_verified
scheduling_class_3,24,208800,3600,within_recorded_span_not_independently_verified
scheduling_class_3,3,212400,3600,within_recorded_span_not_independently_verified
scheduling_class_3,35,216000,3600,within_recorded_span_not_independently_verified
scheduling_class_3,1,219600,3600,within_recorded_span_not_independently_verified
scheduling_class_3,8,223200,3600,within_recorded_span_not_independently_verified
scheduling_class_3,17,226800,3600,within_recorded_span_not_independently_verified
scheduling_class_3,6,230400,3600,within_recorded_span_not_independently_verified
scheduling_class_3,10,234000,3600,within_recorded_span_not_independently_verified
scheduling_class_3,7,237600,3600,within_recorded_span_not_independently_verified
scheduling_class_3,13,241200,3600,within_recorded_span_not_independently_verified
scheduling_class_3,5,244800,3600,within_recorded_span_not_independently_verified
scheduling_class_3,7,248400,3600,within_recorded_span_not_independently_verified
scheduling_class_3,38,252000,3600,within_recorded_span_not_independently_verified
scheduling_class_3,11,255600,3600,within_recorded_span_not_independently_verified
scheduling_class_3,5,259200,3600,within_recorded_span_not_independently_verified
scheduling_class_3,6,262800,3600,within_recorded_span_not_independently_verified
scheduling_class_3,26,266400,3600,within_recorded_span_not_independently_verified
scheduling_class_3,2,270000,3600,within_recorded_span_not_independently_verified
scheduling_class_3,4,273600,3600,within_recorded_span_not_independently_verified
scheduling_class_3,3,277200,3600,within_recorded_span_not_independently_verified
scheduling_class_3,4,280800,3600,within_recorded_span_not_independently_verified
scheduling_class_3,3,284400,3600,within_recorded_span_not_independently_verified
scheduling_class_3,8,288000,3600,within_recorded_span_not_independently_verified
scheduling_class_3,7,291600,3600,within_recorded_span_not_independently_verified
scheduling_class_3,17,295200,3600,within_recorded_span_not_independently_verified
scheduling_class_3,6,298800,3600,within_recorded_span_not_independently_verified
scheduling_class_3,33,302400,3600,within_recorded_span_not_independently_verified
scheduling_class_3,7,306000,3600,within_recorded_span_not_independently_verified
scheduling_class_3,17,309600,3600,within_recorded_span_not_independently_verified
scheduling_class_3,4,313200,3600,within_recorded_span_not_independently_verified
scheduling_class_3,4,316800,3600,within_recorded_span_not_independently_verified
scheduling_class_3,11,320400,3600,within_recorded_span_not_independently_verified
scheduling_class_3,20,324000,3600,within_recorded_span_not_independently_verified
scheduling_class_3,25,327600,3600,within_recorded_span_not_independently_verified
scheduling_class_3,6,331200,3600,within_recorded_span_not_independently_verified
scheduling_class_3,25,334800,3600,within_recorded_span_not_independently_verified
scheduling_class_3,5,338400,3600,within_recorded_span_not_independently_verified
scheduling_class_3,6,342000,3600,within_recorded_span_not_independently_verified
scheduling_class_3,13,345600,3600,within_recorded_span_not_independently_verified
scheduling_class_3,23,349200,3600,within_recorded_span_not_independently_verified
scheduling_class_3,21,352800,3600,within_recorded_span_not_independently_verified
scheduling_class_3,17,356400,3600,within_recorded_span_not_independently_verified
scheduling_class_3,11,360000,3600,within_recorded_span_not_independently_verified
scheduling_class_3,6,363600,3600,within_recorded_span_not_independently_verified
scheduling_class_3,3,367200,3600,within_recorded_span_not_independently_verified
scheduling_class_3,2,370800,3600,within_recorded_span_not_independently_verified
scheduling_class_3,2,374400,3600,within_recorded_span_not_independently_verified
scheduling_class_3,4,378000,3600,within_recorded_span_not_independently_verified
scheduling_class_3,2,381600,3600,within_recorded_span_not_independently_verified
scheduling_class_3,6,385200,3600,within_recorded_span_not_independently_verified
scheduling_class_3,3,388800,3600,within_recorded_span_not_independently_verified
scheduling_class_3,2,392400,3600,within_recorded_span_not_independently_verified
scheduling_class_3,3,396000,3600,within_recorded_span_not_independently_verified
scheduling_class_3,2,399600,3600,within_recorded_span_not_independently_verified
scheduling_class_3,4,403200,3600,within_recorded_span_not_independently_verified
scheduling_class_3,10,406800,3600,within_recorded_span_not_independently_verified
scheduling_class_3,9,410400,3600,within_recorded_span_not_independently_verified
scheduling_class_3,15,414000,3600,within_recorded_span_not_independently_verified
scheduling_class_3,0,417600,3600,within_recorded_span_not_independently_verified
scheduling_class_3,3,421200,3600,within_recorded_span_not_independently_verified
scheduling_class_3,1,424800,3600,within_recorded_span_not_independently_verified
scheduling_class_3,18,428400,3600,within_recorded_span_not_independently_verified
scheduling_class_3,19,432000,3600,within_recorded_span_not_independently_verified
scheduling_class_3,2,435600,3600,within_recorded_span_not_independently_verified
scheduling_class_3,18,439200,3600,within_recorded_span_not_independently_verified
scheduling_class_3,2,442800,3600,within_recorded_span_not_independently_verified
scheduling_class_3,2,446400,3600,within_recorded_span_not_independently_verified
scheduling_class_3,1,450000,3600,within_recorded_span_not_independently_verified
scheduling_class_3,5,453600,3600,within_recorded_span_not_independently_verified
scheduling_class_3,2,457200,3600,within_recorded_span_not_independently_verified
scheduling_class_3,1,460800,3600,within_recorded_span_not_independently_verified
scheduling_class_3,4,464400,3600,within_recorded_span_not_independently_verified
scheduling_class_3,2,468000,3600,within_recorded_span_not_independently_verified
scheduling_class_3,0,471600,3600,within_recorded_span_not_independently_verified
scheduling_class_3,0,475200,3600,within_recorded_span_not_independently_verified
scheduling_class_3,0,478800,3600,within_recorded_span_not_independently_verified
scheduling_class_3,2,482400,3600,within_recorded_span_not_independently_verified
scheduling_class_3,1,486000,3600,within_recorded_span_not_independently_verified
scheduling_class_3,1,489600,3600,within_recorded_span_not_independently_verified
scheduling_class_3,1,493200,3600,within_recorded_span_not_independently_verified
scheduling_class_3,1,496800,3600,within_recorded_span_not_independently_verified
scheduling_class_3,3,500400,3600,within_recorded_span_not_independently_verified
scheduling_class_3,0,504000,3600,within_recorded_span_not_independently_verified
scheduling_class_3,2,507600,3600,within_recorded_span_not_independently_verified
scheduling_class_3,1,511200,3600,within_recorded_span_not_independently_verified
scheduling_class_3,3,514800,3600,within_recorded_span_not_independently_verified
scheduling_class_3,2,518400,3600,within_recorded_span_not_independently_verified
scheduling_class_3,0,522000,3600,within_recorded_span_not_independently_verified
scheduling_class_3,2,525600,3600,within_recorded_span_not_independently_verified
scheduling_class_3,1,529200,3600,within_recorded_span_not_independently_verified
scheduling_class_3,1,532800,3600,within_recorded_span_not_independently_verified
scheduling_class_3,1,536400,3600,within_recorded_span_not_independently_verified
scheduling_class_3,2,540000,3600,within_recorded_span_not_independently_verified
scheduling_class_3,0,543600,3600,within_recorded_span_not_independently_verified
scheduling_class_3,0,547200,3600,within_recorded_span_not_independently_verified
scheduling_class_3,5,550800,3600,within_recorded_span_not_independently_verified
scheduling_class_3,1,554400,3600,within_recorded_span_not_independently_verified
scheduling_class_3,0,558000,3600,within_recorded_span_not_independently_verified
scheduling_class_3,1,561600,3600,within_recorded_span_not_independently_verified
scheduling_class_3,0,565200,3600,within_recorded_span_not_independently_verified
scheduling_class_3,15,568800,3600,within_recorded_span_not_independently_verified
scheduling_class_3,1,572400,3600,within_recorded_span_not_independently_verified
scheduling_class_3,0,576000,3600,within_recorded_span_not_independently_verified
scheduling_class_3,2,579600,3600,within_recorded_span_not_independently_verified
scheduling_class_3,4,583200,3600,within_recorded_span_not_independently_verified
scheduling_class_3,2,586800,3600,within_recorded_span_not_independently_verified
scheduling_class_3,2,590400,3600,within_recorded_span_not_independently_verified
scheduling_class_3,4,594000,3600,within_recorded_span_not_independently_verified
scheduling_class_3,2,597600,3600,within_recorded_span_not_independently_verified
scheduling_class_3,8,601200,3600,within_recorded_span_not_independently_verified
scheduling_class_3,1,604800,3600,within_recorded_span_not_independently_verified
scheduling_class_3,3,608400,3600,within_recorded_span_not_independently_verified
scheduling_class_3,0,612000,3600,within_recorded_span_not_independently_verified
scheduling_class_3,2,615600,3600,within_recorded_span_not_independently_verified
scheduling_class_3,3,619200,3600,within_recorded_span_not_independently_verified
scheduling_class_3,3,622800,3600,within_recorded_span_not_independently_verified
scheduling_class_3,2,626400,3600,within_recorded_span_not_independently_verified
scheduling_class_3,1,630000,3600,within_recorded_span_not_independently_verified
scheduling_class_3,3,633600,3600,within_recorded_span_not_independently_verified
scheduling_class_3,1,637200,3600,within_recorded_span_not_independently_verified
scheduling_class_3,2,640800,3600,within_recorded_span_not_independently_verified
scheduling_class_3,1,644400,3600,within_recorded_span_not_independently_verified
scheduling_class_3,1,648000,3600,within_recorded_span_not_independently_verified
scheduling_class_3,4,651600,3600,within_recorded_span_not_independently_verified
scheduling_class_3,0,655200,3600,within_recorded_span_not_independently_verified
scheduling_class_3,2,658800,3600,within_recorded_span_not_independently_verified
scheduling_class_3,0,662400,3600,within_recorded_span_not_independently_verified
scheduling_class_3,1,666000,3600,within_recorded_span_not_independently_verified
scheduling_class_3,5,669600,3600,within_recorded_span_not_independently_verified
scheduling_class_3,36,673200,3600,within_recorded_span_not_independently_verified
scheduling_class_3,15,676800,3600,within_recorded_span_not_independently_verified
scheduling_class_3,28,680400,3600,within_recorded_span_not_independently_verified
scheduling_class_3,16,684000,3600,within_recorded_span_not_independently_verified
scheduling_class_3,23,687600,3600,within_recorded_span_not_independently_verified
scheduling_class_3,15,691200,3600,within_recorded_span_not_independently_verified
scheduling_class_3,11,694800,3600,within_recorded_span_not_independently_verified
scheduling_class_3,3,698400,3600,within_recorded_span_not_independently_verified
scheduling_class_3,8,702000,3600,within_recorded_span_not_independently_verified
scheduling_class_3,2,705600,3600,within_recorded_span_not_independently_verified
scheduling_class_3,1,709200,3600,within_recorded_span_not_independently_verified
scheduling_class_3,4,712800,3600,within_recorded_span_not_independently_verified
scheduling_class_3,1,716400,3600,within_recorded_span_not_independently_verified
scheduling_class_3,13,720000,3600,within_recorded_span_not_independently_verified
scheduling_class_3,3,723600,3600,within_recorded_span_not_independently_verified
scheduling_class_3,3,727200,3600,within_recorded_span_not_independently_verified
scheduling_class_3,4,730800,3600,within_recorded_span_not_independently_verified
scheduling_class_3,3,734400,3600,within_recorded_span_not_independently_verified
scheduling_class_3,0,738000,3600,within_recorded_span_not_independently_verified
scheduling_class_3,4,741600,3600,within_recorded_span_not_independently_verified
scheduling_class_3,4,745200,3600,within_recorded_span_not_independently_verified
scheduling_class_3,4,748800,3600,within_recorded_span_not_independently_verified
scheduling_class_3,6,752400,3600,within_recorded_span_not_independently_verified
scheduling_class_3,11,756000,3600,within_recorded_span_not_independently_verified
scheduling_class_3,6,759600,3600,within_recorded_span_not_independently_verified
scheduling_class_3,19,763200,3600,within_recorded_span_not_independently_verified
scheduling_class_3,5,766800,3600,within_recorded_span_not_independently_verified
scheduling_class_3,14,770400,3600,within_recorded_span_not_independently_verified
scheduling_class_3,14,774000,3600,within_recorded_span_not_independently_verified
scheduling_class_3,14,777600,3600,within_recorded_span_not_independently_verified
scheduling_class_3,6,781200,3600,within_recorded_span_not_independently_verified
scheduling_class_3,12,784800,3600,within_recorded_span_not_independently_verified
scheduling_class_3,13,788400,3600,within_recorded_span_not_independently_verified
scheduling_class_3,1,792000,3600,within_recorded_span_not_independently_verified
scheduling_class_3,4,795600,3600,within_recorded_span_not_independently_verified
scheduling_class_3,7,799200,3600,within_recorded_span_not_independently_verified
scheduling_class_3,3,802800,3600,within_recorded_span_not_independently_verified
scheduling_class_3,8,806400,3600,within_recorded_span_not_independently_verified
scheduling_class_3,3,810000,3600,within_recorded_span_not_independently_verified
scheduling_class_3,9,813600,3600,within_recorded_span_not_independently_verified
scheduling_class_3,10,817200,3600,within_recorded_span_not_independently_verified
scheduling_class_3,17,820800,3600,within_recorded_span_not_independently_verified
scheduling_class_3,4,824400,3600,within_recorded_span_not_independently_verified
scheduling_class_3,21,828000,3600,within_recorded_span_not_independently_verified
scheduling_class_3,2,831600,3600,within_recorded_span_not_independently_verified
scheduling_class_3,11,835200,3600,within_recorded_span_not_independently_verified
scheduling_class_3,9,838800,3600,within_recorded_span_not_independently_verified
scheduling_class_3,10,842400,3600,within_recorded_span_not_independently_verified
scheduling_class_3,14,846000,3600,within_recorded_span_not_independently_verified
scheduling_class_3,8,849600,3600,within_recorded_span_not_independently_verified
scheduling_class_3,7,853200,3600,within_recorded_span_not_independently_verified
scheduling_class_3,10,856800,3600,within_recorded_span_not_independently_verified
scheduling_class_3,6,860400,3600,within_recorded_span_not_independently_verified
scheduling_class_3,27,864000,3600,within_recorded_span_not_independently_verified
scheduling_class_3,13,867600,3600,within_recorded_span_not_independently_verified
scheduling_class_3,6,871200,3600,within_recorded_span_not_independently_verified
scheduling_class_3,3,874800,3600,within_recorded_span_not_independently_verified
scheduling_class_3,2,878400,3600,within_recorded_span_not_independently_verified
scheduling_class_3,3,882000,3600,within_recorded_span_not_independently_verified
scheduling_class_3,3,885600,3600,within_recorded_span_not_independently_verified
scheduling_class_3,1,889200,3600,within_recorded_span_not_independently_verified
scheduling_class_3,1,892800,3600,within_recorded_span_not_independently_verified
scheduling_class_3,6,896400,3600,within_recorded_span_not_independently_verified
scheduling_class_3,1,900000,3600,within_recorded_span_not_independently_verified
scheduling_class_3,3,903600,3600,within_recorded_span_not_independently_verified
scheduling_class_3,6,907200,3600,within_recorded_span_not_independently_verified
scheduling_class_3,2,910800,3600,within_recorded_span_not_independently_verified
scheduling_class_3,1,914400,3600,within_recorded_span_not_independently_verified
scheduling_class_3,3,918000,3600,within_recorded_span_not_independently_verified
scheduling_class_3,5,921600,3600,within_recorded_span_not_independently_verified
scheduling_class_3,2,925200,3600,within_recorded_span_not_independently_verified
scheduling_class_3,2,928800,3600,within_recorded_span_not_independently_verified
scheduling_class_3,5,932400,3600,within_recorded_span_not_independently_verified
scheduling_class_3,4,936000,3600,within_recorded_span_not_independently_verified
scheduling_class_3,4,939600,3600,within_recorded_span_not_independently_verified
scheduling_class_3,5,943200,3600,within_recorded_span_not_independently_verified
scheduling_class_3,2,946800,3600,within_recorded_span_not_independently_verified
scheduling_class_3,35,950400,3600,within_recorded_span_not_independently_verified
scheduling_class_3,9,954000,3600,within_recorded_span_not_independently_verified
scheduling_class_3,6,957600,3600,within_recorded_span_not_independently_verified
scheduling_class_3,8,961200,3600,within_recorded_span_not_independently_verified
scheduling_class_3,5,964800,3600,within_recorded_span_not_independently_verified
scheduling_class_3,22,968400,3600,within_recorded_span_not_independently_verified
scheduling_class_3,4,972000,3600,within_recorded_span_not_independently_verified
scheduling_class_3,4,975600,3600,within_recorded_span_not_independently_verified
scheduling_class_3,4,979200,3600,within_recorded_span_not_independently_verified
scheduling_class_3,5,982800,3600,within_recorded_span_not_independently_verified
scheduling_class_3,2,986400,3600,within_recorded_span_not_independently_verified
scheduling_class_3,3,990000,3600,within_recorded_span_not_independently_verified
scheduling_class_3,1,993600,3600,within_recorded_span_not_independently_verified
scheduling_class_3,2,997200,3600,within_recorded_span_not_independently_verified
scheduling_class_3,2,1000800,3600,within_recorded_span_not_independently_verified
scheduling_class_3,2,1004400,3600,within_recorded_span_not_independently_verified
scheduling_class_3,2,1008000,3600,within_recorded_span_not_independently_verified
scheduling_class_3,6,1011600,3600,within_recorded_span_not_independently_verified
scheduling_class_3,3,1015200,3600,within_recorded_span_not_independently_verified
scheduling_class_3,12,1018800,3600,within_recorded_span_not_independently_verified
scheduling_class_3,14,1022400,3600,within_recorded_span_not_independently_verified
scheduling_class_3,5,1026000,3600,within_recorded_span_not_independently_verified
scheduling_class_3,5,1029600,3600,within_recorded_span_not_independently_verified
scheduling_class_3,4,1033200,3600,within_recorded_span_not_independently_verified
scheduling_class_3,7,1036800,3600,within_recorded_span_not_independently_verified
scheduling_class_3,2,1040400,3600,within_recorded_span_not_independently_verified
scheduling_class_3,2,1044000,3600,within_recorded_span_not_independently_verified
scheduling_class_3,2,1047600,3600,within_recorded_span_not_independently_verified
scheduling_class_3,1,1051200,3600,within_recorded_span_not_independently_verified
scheduling_class_3,2,1054800,3600,within_recorded_span_not_independently_verified
scheduling_class_3,6,1058400,3600,within_recorded_span_not_independently_verified
scheduling_class_3,6,1062000,3600,within_recorded_span_not_independently_verified
scheduling_class_3,3,1065600,3600,within_recorded_span_not_independently_verified
scheduling_class_3,2,1069200,3600,within_recorded_span_not_independently_verified
scheduling_class_3,1,1072800,3600,within_recorded_span_not_independently_verified
scheduling_class_3,1,1076400,3600,within_recorded_span_not_independently_verified
scheduling_class_3,0,1080000,3600,within_recorded_span_not_independently_verified
scheduling_class_3,0,1083600,3600,within_recorded_span_not_independently_verified
scheduling_class_3,1,1087200,3600,within_recorded_span_not_independently_verified
scheduling_class_3,0,1090800,3600,within_recorded_span_not_independently_verified
scheduling_class_3,0,1094400,3600,within_recorded_span_not_independently_verified
scheduling_class_3,0,1098000,3600,within_recorded_span_not_independently_verified
scheduling_class_3,3,1101600,3600,within_recorded_span_not_independently_verified
scheduling_class_3,3,1105200,3600,within_recorded_span_not_independently_verified
scheduling_class_3,1,1108800,3600,within_recorded_span_not_independently_verified
scheduling_class_3,0,1112400,3600,within_recorded_span_not_independently_verified
scheduling_class_3,4,1116000,3600,within_recorded_span_not_independently_verified
scheduling_class_3,0,1119600,3600,within_recorded_span_not_independently_verified
scheduling_class_3,1,1123200,3600,within_recorded_span_not_independently_verified
scheduling_class_3,2,1126800,3600,within_recorded_span_not_independently_verified
scheduling_class_3,10,1130400,3600,within_recorded_span_not_independently_verified
scheduling_class_3,0,1134000,3600,within_recorded_span_not_independently_verified
scheduling_class_3,5,1137600,3600,within_recorded_span_not_independently_verified
scheduling_class_3,3,1141200,3600,within_recorded_span_not_independently_verified
scheduling_class_3,0,1144800,3600,within_recorded_span_not_independently_verified
scheduling_class_3,0,1148400,3600,within_recorded_span_not_independently_verified
scheduling_class_3,0,1152000,3600,within_recorded_span_not_independently_verified
scheduling_class_3,3,1155600,3600,within_recorded_span_not_independently_verified
scheduling_class_3,0,1159200,3600,within_recorded_span_not_independently_verified
scheduling_class_3,0,1162800,3600,within_recorded_span_not_independently_verified
scheduling_class_3,0,1166400,3600,within_recorded_span_not_independently_verified
scheduling_class_3,1,1170000,3600,within_recorded_span_not_independently_verified
scheduling_class_3,14,1173600,3600,within_recorded_span_not_independently_verified
scheduling_class_3,2,1177200,3600,within_recorded_span_not_independently_verified
scheduling_class_3,15,1180800,3600,within_recorded_span_not_independently_verified
scheduling_class_3,1,1184400,3600,within_recorded_span_not_independently_verified
scheduling_class_3,1,1188000,3600,within_recorded_span_not_independently_verified
scheduling_class_3,0,1191600,3600,within_recorded_span_not_independently_verified
scheduling_class_3,2,1195200,3600,within_recorded_span_not_independently_verified
scheduling_class_3,0,1198800,3600,within_recorded_span_not_independently_verified
scheduling_class_3,2,1202400,3600,within_recorded_span_not_independently_verified
scheduling_class_3,2,1206000,3600,within_recorded_span_not_independently_verified
scheduling_class_3,1,1209600,3600,within_recorded_span_not_independently_verified
scheduling_class_3,0,1213200,3600,within_recorded_span_not_independently_verified
scheduling_class_3,1,1216800,3600,within_recorded_span_not_independently_verified
scheduling_class_3,0,1220400,3600,within_recorded_span_not_independently_verified
scheduling_class_3,0,1224000,3600,within_recorded_span_not_independently_verified
scheduling_class_3,2,1227600,3600,within_recorded_span_not_independently_verified
scheduling_class_3,1,1231200,3600,within_recorded_span_not_independently_verified
scheduling_class_3,3,1234800,3600,within_recorded_span_not_independently_verified
scheduling_class_3,2,1238400,3600,within_recorded_span_not_independently_verified
scheduling_class_3,24,1242000,3600,within_recorded_span_not_independently_verified
scheduling_class_3,5,1245600,3600,within_recorded_span_not_independently_verified
scheduling_class_3,2,1249200,3600,within_recorded_span_not_independently_verified
scheduling_class_3,3,1252800,3600,within_recorded_span_not_independently_verified
scheduling_class_3,7,1256400,3600,within_recorded_span_not_independently_verified
scheduling_class_3,6,1260000,3600,within_recorded_span_not_independently_verified
scheduling_class_3,7,1263600,3600,within_recorded_span_not_independently_verified
scheduling_class_3,2,1267200,3600,within_recorded_span_not_independently_verified
scheduling_class_3,4,1270800,3600,within_recorded_span_not_independently_verified
scheduling_class_3,5,1274400,3600,within_recorded_span_not_independently_verified
scheduling_class_3,19,1278000,3600,within_recorded_span_not_independently_verified
scheduling_class_3,37,1281600,3600,within_recorded_span_not_independently_verified
scheduling_class_3,30,1285200,3600,within_recorded_span_not_independently_verified
scheduling_class_3,12,1288800,3600,within_recorded_span_not_independently_verified
scheduling_class_3,25,1292400,3600,within_recorded_span_not_independently_verified
scheduling_class_3,7,1296000,3600,within_recorded_span_not_independently_verified
scheduling_class_3,8,1299600,3600,within_recorded_span_not_independently_verified
scheduling_class_3,8,1303200,3600,within_recorded_span_not_independently_verified
scheduling_class_3,2,1306800,3600,within_recorded_span_not_independently_verified
scheduling_class_3,1,1310400,3600,within_recorded_span_not_independently_verified
scheduling_class_3,4,1314000,3600,within_recorded_span_not_independently_verified
scheduling_class_3,3,1317600,3600,within_recorded_span_not_independently_verified
scheduling_class_3,3,1321200,3600,within_recorded_span_not_independently_verified
scheduling_class_3,24,1324800,3600,within_recorded_span_not_independently_verified
scheduling_class_3,11,1328400,3600,within_recorded_span_not_independently_verified
scheduling_class_3,5,1332000,3600,within_recorded_span_not_independently_verified
scheduling_class_3,27,1335600,3600,within_recorded_span_not_independently_verified
scheduling_class_3,0,1339200,3600,within_recorded_span_not_independently_verified
scheduling_class_3,16,1342800,3600,within_recorded_span_not_independently_verified
scheduling_class_3,5,1346400,3600,within_recorded_span_not_independently_verified
scheduling_class_3,27,1350000,3600,within_recorded_span_not_independently_verified
scheduling_class_3,2,1353600,3600,within_recorded_span_not_independently_verified
scheduling_class_3,5,1357200,3600,within_recorded_span_not_independently_verified
scheduling_class_3,8,1360800,3600,within_recorded_span_not_independently_verified
scheduling_class_3,13,1364400,3600,within_recorded_span_not_independently_verified
scheduling_class_3,24,1368000,3600,within_recorded_span_not_independently_verified
scheduling_class_3,23,1371600,3600,within_recorded_span_not_independently_verified
scheduling_class_3,24,1375200,3600,within_recorded_span_not_independently_verified
scheduling_class_3,21,1378800,3600,within_recorded_span_not_independently_verified
scheduling_class_3,12,1382400,3600,within_recorded_span_not_independently_verified
scheduling_class_3,11,1386000,3600,within_recorded_span_not_independently_verified
scheduling_class_3,9,1389600,3600,within_recorded_span_not_independently_verified
scheduling_class_3,2,1393200,3600,within_recorded_span_not_independently_verified
scheduling_class_3,10,1396800,3600,within_recorded_span_not_independently_verified
scheduling_class_3,7,1400400,3600,within_recorded_span_not_independently_verified
scheduling_class_3,2,1404000,3600,within_recorded_span_not_independently_verified
scheduling_class_3,17,1407600,3600,within_recorded_span_not_independently_verified
scheduling_class_3,7,1411200,3600,within_recorded_span_not_independently_verified
scheduling_class_3,4,1414800,3600,within_recorded_span_not_independently_verified
scheduling_class_3,1,1418400,3600,within_recorded_span_not_independently_verified
scheduling_class_3,2,1422000,3600,within_recorded_span_not_independently_verified
scheduling_class_3,16,1425600,3600,within_recorded_span_not_independently_verified
scheduling_class_3,0,1429200,3600,within_recorded_span_not_independently_verified
scheduling_class_3,3,1432800,3600,within_recorded_span_not_independently_verified
scheduling_class_3,5,1436400,3600,within_recorded_span_not_independently_verified
scheduling_class_3,2,1440000,3600,within_recorded_span_not_independently_verified
scheduling_class_3,2,1443600,3600,within_recorded_span_not_independently_verified
scheduling_class_3,5,1447200,3600,within_recorded_span_not_independently_verified
scheduling_class_3,5,1450800,3600,within_recorded_span_not_independently_verified
scheduling_class_3,12,1454400,3600,within_recorded_span_not_independently_verified
scheduling_class_3,3,1458000,3600,within_recorded_span_not_independently_verified
scheduling_class_3,5,1461600,3600,within_recorded_span_not_independently_verified
scheduling_class_3,5,1465200,3600,within_recorded_span_not_independently_verified
scheduling_class_3,6,1468800,3600,within_recorded_span_not_independently_verified
scheduling_class_3,22,1472400,3600,within_recorded_span_not_independently_verified
scheduling_class_3,11,1476000,3600,within_recorded_span_not_independently_verified
scheduling_class_3,6,1479600,3600,within_recorded_span_not_independently_verified
scheduling_class_3,1,1483200,3600,within_recorded_span_not_independently_verified
scheduling_class_3,2,1486800,3600,within_recorded_span_not_independently_verified
scheduling_class_3,2,1490400,3600,within_recorded_span_not_independently_verified
scheduling_class_3,2,1494000,3600,within_recorded_span_not_independently_verified
scheduling_class_3,1,1497600,3600,within_recorded_span_not_independently_verified
scheduling_class_3,0,1501200,3600,within_recorded_span_not_independently_verified
scheduling_class_3,0,1504800,3600,within_recorded_span_not_independently_verified
scheduling_class_3,1,1508400,3600,within_recorded_span_not_independently_verified
scheduling_class_3,0,1512000,3600,within_recorded_span_not_independently_verified
scheduling_class_3,15,1515600,3600,within_recorded_span_not_independently_verified
scheduling_class_3,7,1519200,3600,within_recorded_span_not_independently_verified
scheduling_class_3,0,1522800,3600,within_recorded_span_not_independently_verified
scheduling_class_3,0,1526400,3600,within_recorded_span_not_independently_verified
scheduling_class_3,1,1530000,3600,within_recorded_span_not_independently_verified
scheduling_class_3,9,1533600,3600,within_recorded_span_not_independently_verified
scheduling_class_3,0,1537200,3600,within_recorded_span_not_independently_verified
scheduling_class_3,6,1540800,3600,within_recorded_span_not_independently_verified
scheduling_class_3,8,1544400,3600,within_recorded_span_not_independently_verified
scheduling_class_3,6,1548000,3600,within_recorded_span_not_independently_verified
scheduling_class_3,6,1551600,3600,within_recorded_span_not_independently_verified
scheduling_class_3,13,1555200,3600,within_recorded_span_not_independently_verified
scheduling_class_3,7,1558800,3600,within_recorded_span_not_independently_verified
scheduling_class_3,4,1562400,3600,within_recorded_span_not_independently_verified
scheduling_class_3,6,1566000,3600,within_recorded_span_not_independently_verified
scheduling_class_3,3,1569600,3600,within_recorded_span_not_independently_verified
scheduling_class_3,14,1573200,3600,within_recorded_span_not_independently_verified
scheduling_class_3,2,1576800,3600,within_recorded_span_not_independently_verified
scheduling_class_3,2,1580400,3600,within_recorded_span_not_independently_verified
scheduling_class_3,2,1584000,3600,within_recorded_span_not_independently_verified
scheduling_class_3,1,1587600,3600,within_recorded_span_not_independently_verified
scheduling_class_3,2,1591200,3600,within_recorded_span_not_independently_verified
scheduling_class_3,2,1594800,3600,within_recorded_span_not_independently_verified
scheduling_class_3,4,1598400,3600,within_recorded_span_not_independently_verified
scheduling_class_3,4,1602000,3600,within_recorded_span_not_independently_verified
scheduling_class_3,2,1605600,3600,within_recorded_span_not_independently_verified
scheduling_class_3,2,1609200,3600,within_recorded_span_not_independently_verified
scheduling_class_3,4,1612800,3600,within_recorded_span_not_independently_verified
scheduling_class_3,1,1616400,3600,within_recorded_span_not_independently_verified
scheduling_class_3,9,1620000,3600,within_recorded_span_not_independently_verified
scheduling_class_3,9,1623600,3600,within_recorded_span_not_independently_verified
scheduling_class_3,8,1627200,3600,within_recorded_span_not_independently_verified
scheduling_class_3,13,1630800,3600,within_recorded_span_not_independently_verified
scheduling_class_3,17,1634400,3600,within_recorded_span_not_independently_verified
scheduling_class_3,13,1638000,3600,within_recorded_span_not_independently_verified
scheduling_class_3,20,1641600,3600,within_recorded_span_not_independently_verified
scheduling_class_3,7,1645200,3600,within_recorded_span_not_independently_verified
scheduling_class_3,9,1648800,3600,within_recorded_span_not_independently_verified
scheduling_class_3,2,1652400,3600,within_recorded_span_not_independently_verified
scheduling_class_3,2,1656000,3600,within_recorded_span_not_independently_verified
scheduling_class_3,0,1659600,3600,within_recorded_span_not_independently_verified
scheduling_class_3,3,1663200,3600,within_recorded_span_not_independently_verified
scheduling_class_3,1,1666800,3600,within_recorded_span_not_independently_verified
scheduling_class_3,0,1670400,3600,within_recorded_span_not_independently_verified
scheduling_class_3,0,1674000,3600,within_recorded_span_not_independently_verified
scheduling_class_3,2,1677600,3600,within_recorded_span_not_independently_verified
scheduling_class_3,0,1681200,3600,within_recorded_span_not_independently_verified
scheduling_class_3,0,1684800,3600,within_recorded_span_not_independently_verified
scheduling_class_3,0,1688400,3600,within_recorded_span_not_independently_verified
scheduling_class_3,7,1692000,3600,within_recorded_span_not_independently_verified
scheduling_class_3,0,1695600,3600,within_recorded_span_not_independently_verified
scheduling_class_3,1,1699200,3600,within_recorded_span_not_independently_verified
scheduling_class_3,2,1702800,3600,within_recorded_span_not_independently_verified
scheduling_class_3,1,1706400,3600,within_recorded_span_not_independently_verified
scheduling_class_3,1,1710000,3600,within_recorded_span_not_independently_verified
scheduling_class_3,1,1713600,3600,within_recorded_span_not_independently_verified
scheduling_class_3,2,1717200,3600,within_recorded_span_not_independently_verified
scheduling_class_3,0,1720800,3600,within_recorded_span_not_independently_verified
scheduling_class_3,0,1724400,3600,within_recorded_span_not_independently_verified
scheduling_class_3,0,1728000,3600,within_recorded_span_not_independently_verified
scheduling_class_3,2,1731600,3600,within_recorded_span_not_independently_verified
scheduling_class_3,0,1735200,3600,within_recorded_span_not_independently_verified
scheduling_class_3,1,1738800,3600,within_recorded_span_not_independently_verified
scheduling_class_3,2,1742400,3600,within_recorded_span_not_independently_verified
scheduling_class_3,1,1746000,3600,within_recorded_span_not_independently_verified
scheduling_class_3,0,1749600,3600,within_recorded_span_not_independently_verified
scheduling_class_3,0,1753200,3600,within_recorded_span_not_independently_verified
scheduling_class_3,28,1756800,3600,within_recorded_span_not_independently_verified
scheduling_class_3,4,1760400,3600,within_recorded_span_not_independently_verified
scheduling_class_3,0,1764000,3600,within_recorded_span_not_independently_verified
scheduling_class_3,0,1767600,3600,within_recorded_span_not_independently_verified
scheduling_class_3,0,1771200,3600,within_recorded_span_not_independently_verified
scheduling_class_3,0,1774800,3600,within_recorded_span_not_independently_verified
scheduling_class_3,2,1778400,3600,within_recorded_span_not_independently_verified
scheduling_class_3,0,1782000,3600,within_recorded_span_not_independently_verified
scheduling_class_3,0,1785600,3600,within_recorded_span_not_independently_verified
scheduling_class_3,42,1789200,3600,within_recorded_span_not_independently_verified
scheduling_class_3,0,1792800,3600,within_recorded_span_not_independently_verified
scheduling_class_3,17,1796400,3600,within_recorded_span_not_independently_verified
scheduling_class_3,0,1800000,3600,within_recorded_span_not_independently_verified
scheduling_class_3,1,1803600,3600,within_recorded_span_not_independently_verified
scheduling_class_3,1,1807200,3600,within_recorded_span_not_independently_verified
scheduling_class_3,1,1810800,3600,within_recorded_span_not_independently_verified
scheduling_class_3,0,1814400,3600,within_recorded_span_not_independently_verified
scheduling_class_3,2,1818000,3600,within_recorded_span_not_independently_verified
scheduling_class_3,2,1821600,3600,within_recorded_span_not_independently_verified
scheduling_class_3,0,1825200,3600,within_recorded_span_not_independently_verified
scheduling_class_3,0,1828800,3600,within_recorded_span_not_independently_verified
scheduling_class_3,1,1832400,3600,within_recorded_span_not_independently_verified
scheduling_class_3,2,1836000,3600,within_recorded_span_not_independently_verified
scheduling_class_3,3,1839600,3600,within_recorded_span_not_independently_verified
scheduling_class_3,2,1843200,3600,within_recorded_span_not_independently_verified
scheduling_class_3,1,1846800,3600,within_recorded_span_not_independently_verified
scheduling_class_3,8,1850400,3600,within_recorded_span_not_independently_verified
scheduling_class_3,1,1854000,3600,within_recorded_span_not_independently_verified
scheduling_class_3,23,1857600,3600,within_recorded_span_not_independently_verified
scheduling_class_3,3,1861200,3600,within_recorded_span_not_independently_verified
scheduling_class_3,13,1864800,3600,within_recorded_span_not_independently_verified
scheduling_class_3,2,1868400,3600,within_recorded_span_not_independently_verified
scheduling_class_3,15,1872000,3600,within_recorded_span_not_independently_verified
scheduling_class_3,8,1875600,3600,within_recorded_span_not_independently_verified
scheduling_class_3,12,1879200,3600,within_recorded_span_not_independently_verified
scheduling_class_3,8,1882800,3600,within_recorded_span_not_independently_verified
scheduling_class_3,10,1886400,3600,within_recorded_span_not_independently_verified
scheduling_class_3,9,1890000,3600,within_recorded_span_not_independently_verified
scheduling_class_3,13,1893600,3600,within_recorded_span_not_independently_verified
scheduling_class_3,11,1897200,3600,within_recorded_span_not_independently_verified
scheduling_class_3,5,1900800,3600,within_recorded_span_not_independently_verified
scheduling_class_3,7,1904400,3600,within_recorded_span_not_independently_verified
scheduling_class_3,2,1908000,3600,within_recorded_span_not_independently_verified
scheduling_class_3,2,1911600,3600,within_recorded_span_not_independently_verified
scheduling_class_3,1,1915200,3600,within_recorded_span_not_independently_verified
scheduling_class_3,2,1918800,3600,within_recorded_span_not_independently_verified
scheduling_class_3,2,1922400,3600,within_recorded_span_not_independently_verified
scheduling_class_3,2,1926000,3600,within_recorded_span_not_independently_verified
scheduling_class_3,3,1929600,3600,within_recorded_span_not_independently_verified
scheduling_class_3,13,1933200,3600,within_recorded_span_not_independently_verified
scheduling_class_3,17,1936800,3600,within_recorded_span_not_independently_verified
scheduling_class_3,3,1940400,3600,within_recorded_span_not_independently_verified
scheduling_class_3,13,1944000,3600,within_recorded_span_not_independently_verified
scheduling_class_3,17,1947600,3600,within_recorded_span_not_independently_verified
scheduling_class_3,28,1951200,3600,within_recorded_span_not_independently_verified
scheduling_class_3,20,1954800,3600,within_recorded_span_not_independently_verified
scheduling_class_3,14,1958400,3600,within_recorded_span_not_independently_verified
scheduling_class_3,48,1962000,3600,within_recorded_span_not_independently_verified
scheduling_class_3,13,1965600,3600,within_recorded_span_not_independently_verified
scheduling_class_3,11,1969200,3600,within_recorded_span_not_independently_verified
scheduling_class_3,16,1972800,3600,within_recorded_span_not_independently_verified
scheduling_class_3,11,1976400,3600,within_recorded_span_not_independently_verified
scheduling_class_3,16,1980000,3600,within_recorded_span_not_independently_verified
scheduling_class_3,19,1983600,3600,within_recorded_span_not_independently_verified
scheduling_class_3,2,1987200,3600,within_recorded_span_not_independently_verified
scheduling_class_3,8,1990800,3600,within_recorded_span_not_independently_verified
scheduling_class_3,6,1994400,3600,within_recorded_span_not_independently_verified
scheduling_class_3,3,1998000,3600,within_recorded_span_not_independently_verified
scheduling_class_3,3,2001600,3600,within_recorded_span_not_independently_verified
scheduling_class_3,3,2005200,3600,within_recorded_span_not_independently_verified
scheduling_class_3,0,2008800,3600,within_recorded_span_not_independently_verified
scheduling_class_3,7,2012400,3600,within_recorded_span_not_independently_verified
scheduling_class_3,1,2016000,3600,within_recorded_span_not_independently_verified
scheduling_class_3,2,2019600,3600,within_recorded_span_not_independently_verified
scheduling_class_3,4,2023200,3600,within_recorded_span_not_independently_verified
scheduling_class_3,2,2026800,3600,within_recorded_span_not_independently_verified
scheduling_class_3,1,2030400,3600,within_recorded_span_not_independently_verified
scheduling_class_3,1,2034000,3600,within_recorded_span_not_independently_verified
scheduling_class_3,6,2037600,3600,within_recorded_span_not_independently_verified
scheduling_class_3,16,2041200,3600,within_recorded_span_not_independently_verified
scheduling_class_3,4,2044800,3600,within_recorded_span_not_independently_verified
scheduling_class_3,6,2048400,3600,within_recorded_span_not_independently_verified
scheduling_class_3,1,2052000,3600,within_recorded_span_not_independently_verified
scheduling_class_3,9,2055600,3600,within_recorded_span_not_independently_verified
scheduling_class_3,5,2059200,3600,within_recorded_span_not_independently_verified
scheduling_class_3,21,2062800,3600,within_recorded_span_not_independently_verified
scheduling_class_3,6,2066400,3600,within_recorded_span_not_independently_verified
scheduling_class_3,4,2070000,3600,within_recorded_span_not_independently_verified
scheduling_class_3,4,2073600,3600,within_recorded_span_not_independently_verified
scheduling_class_3,2,2077200,3600,within_recorded_span_not_independently_verified
scheduling_class_3,4,2080800,3600,within_recorded_span_not_independently_verified
scheduling_class_3,3,2084400,3600,within_recorded_span_not_independently_verified
scheduling_class_3,1,2088000,3600,within_recorded_span_not_independently_verified
scheduling_class_3,0,2091600,3600,within_recorded_span_not_independently_verified
scheduling_class_3,26,2095200,3600,within_recorded_span_not_independently_verified
scheduling_class_3,1,2098800,3600,within_recorded_span_not_independently_verified
scheduling_class_3,2,2102400,3600,within_recorded_span_not_independently_verified
scheduling_class_3,6,2106000,3600,within_recorded_span_not_independently_verified
scheduling_class_3,26,2109600,3600,within_recorded_span_not_independently_verified
scheduling_class_3,3,2113200,3600,within_recorded_span_not_independently_verified
scheduling_class_3,0,2116800,3600,within_recorded_span_not_independently_verified
scheduling_class_3,3,2120400,3600,within_recorded_span_not_independently_verified
scheduling_class_3,2,2124000,3600,within_recorded_span_not_independently_verified
scheduling_class_3,0,2127600,3600,within_recorded_span_not_independently_verified
scheduling_class_3,6,2131200,3600,within_recorded_span_not_independently_verified
scheduling_class_3,1,2134800,3600,within_recorded_span_not_independently_verified
scheduling_class_3,6,2138400,3600,within_recorded_span_not_independently_verified
scheduling_class_3,11,2142000,3600,within_recorded_span_not_independently_verified
scheduling_class_3,4,2145600,3600,within_recorded_span_not_independently_verified
scheduling_class_3,12,2149200,3600,within_recorded_span_not_independently_verified
scheduling_class_3,22,2152800,3600,within_recorded_span_not_independently_verified
scheduling_class_3,15,2156400,3600,within_recorded_span_not_independently_verified
scheduling_class_3,27,2160000,3600,within_recorded_span_not_independently_verified
scheduling_class_3,6,2163600,3600,within_recorded_span_not_independently_verified
scheduling_class_3,3,2167200,3600,within_recorded_span_not_independently_verified
scheduling_class_3,7,2170800,3600,within_recorded_span_not_independently_verified
scheduling_class_3,1,2174400,3600,within_recorded_span_not_independently_verified
scheduling_class_3,3,2178000,3600,within_recorded_span_not_independently_verified
scheduling_class_3,11,2181600,3600,within_recorded_span_not_independently_verified
scheduling_class_3,3,2185200,3600,within_recorded_span_not_independently_verified
scheduling_class_3,1,2188800,3600,within_recorded_span_not_independently_verified
scheduling_class_3,3,2192400,3600,within_recorded_span_not_independently_verified
scheduling_class_3,4,2196000,3600,within_recorded_span_not_independently_verified
scheduling_class_3,2,2199600,3600,within_recorded_span_not_independently_verified
scheduling_class_3,1,2203200,3600,within_recorded_span_not_independently_verified
scheduling_class_3,2,2206800,3600,within_recorded_span_not_independently_verified
scheduling_class_3,9,2210400,3600,within_recorded_span_not_independently_verified
scheduling_class_3,4,2214000,3600,within_recorded_span_not_independently_verified
scheduling_class_3,6,2217600,3600,within_recorded_span_not_independently_verified
scheduling_class_3,11,2221200,3600,within_recorded_span_not_independently_verified
scheduling_class_3,2,2224800,3600,within_recorded_span_not_independently_verified
scheduling_class_3,5,2228400,3600,within_recorded_span_not_independently_verified
scheduling_class_3,10,2232000,3600,within_recorded_span_not_independently_verified
scheduling_class_3,2,2235600,3600,within_recorded_span_not_independently_verified
scheduling_class_3,27,2239200,3600,within_recorded_span_not_independently_verified
scheduling_class_3,16,2242800,3600,within_recorded_span_not_independently_verified
scheduling_class_3,11,2246400,3600,within_recorded_span_not_independently_verified
scheduling_class_3,5,2250000,3600,within_recorded_span_not_independently_verified
scheduling_class_3,3,2253600,3600,within_recorded_span_not_independently_verified
scheduling_class_3,4,2257200,3600,within_recorded_span_not_independently_verified
scheduling_class_3,1,2260800,3600,within_recorded_span_not_independently_verified
scheduling_class_3,1,2264400,3600,within_recorded_span_not_independently_verified
scheduling_class_3,5,2268000,3600,within_recorded_span_not_independently_verified
scheduling_class_3,2,2271600,3600,within_recorded_span_not_independently_verified
scheduling_class_3,1,2275200,3600,within_recorded_span_not_independently_verified
scheduling_class_3,1,2278800,3600,within_recorded_span_not_independently_verified
scheduling_class_3,3,2282400,3600,within_recorded_span_not_independently_verified
scheduling_class_3,0,2286000,3600,within_recorded_span_not_independently_verified
scheduling_class_3,0,2289600,3600,within_recorded_span_not_independently_verified
scheduling_class_3,3,2293200,3600,within_recorded_span_not_independently_verified
scheduling_class_3,0,2296800,3600,within_recorded_span_not_independently_verified
scheduling_class_3,0,2300400,3600,within_recorded_span_not_independently_verified
scheduling_class_3,2,2304000,3600,within_recorded_span_not_independently_verified
scheduling_class_3,1,2307600,3600,within_recorded_span_not_independently_verified
scheduling_class_3,1,2311200,3600,within_recorded_span_not_independently_verified
scheduling_class_3,0,2314800,3600,within_recorded_span_not_independently_verified
scheduling_class_3,0,2318400,3600,within_recorded_span_not_independently_verified
scheduling_class_3,12,2322000,3600,within_recorded_span_not_independently_verified
scheduling_class_3,4,2325600,3600,within_recorded_span_not_independently_verified
scheduling_class_3,1,2329200,3600,within_recorded_span_not_independently_verified
scheduling_class_3,0,2332800,3600,within_recorded_span_not_independently_verified
scheduling_class_3,1,2336400,3600,within_recorded_span_not_independently_verified
scheduling_class_3,3,2340000,3600,within_recorded_span_not_independently_verified
scheduling_class_3,0,2343600,3600,within_recorded_span_not_independently_verified
scheduling_class_3,0,2347200,3600,within_recorded_span_not_independently_verified
scheduling_class_3,0,2350800,3600,within_recorded_span_not_independently_verified
scheduling_class_3,30,2354400,3600,within_recorded_span_not_independently_verified
scheduling_class_3,0,2358000,3600,within_recorded_span_not_independently_verified
scheduling_class_3,3,2361600,3600,within_recorded_span_not_independently_verified
scheduling_class_3,2,2365200,3600,within_recorded_span_not_independently_verified
scheduling_class_3,0,2368800,3600,within_recorded_span_not_independently_verified
scheduling_class_3,0,2372400,3600,within_recorded_span_not_independently_verified
scheduling_class_3,14,2376000,3600,within_recorded_span_not_independently_verified
scheduling_class_3,0,2379600,3600,within_recorded_span_not_independently_verified
scheduling_class_3,16,2383200,3600,within_recorded_span_not_independently_verified
scheduling_class_3,2,2386800,3600,within_recorded_span_not_independently_verified
scheduling_class_3,1,2390400,3600,within_recorded_span_not_independently_verified
scheduling_class_3,15,2394000,3600,within_recorded_span_not_independently_verified
scheduling_class_3,2,2397600,3600,within_recorded_span_not_independently_verified
scheduling_class_3,14,2401200,3600,within_recorded_span_not_independently_verified
scheduling_class_3,4,2404800,3600,within_recorded_span_not_independently_verified
scheduling_class_3,2,2408400,3600,within_recorded_span_not_independently_verified
scheduling_class_3,5,2412000,3600,within_recorded_span_not_independently_verified
scheduling_class_3,0,2415600,3600,within_recorded_span_not_independently_verified
scheduling_class_3,0,2419200,3600,within_recorded_span_not_independently_verified
scheduling_class_3,2,2422800,3600,within_recorded_span_not_independently_verified
scheduling_class_3,1,2426400,3600,within_recorded_span_not_independently_verified
scheduling_class_3,0,2430000,3600,within_recorded_span_not_independently_verified
scheduling_class_3,1,2433600,3600,within_recorded_span_not_independently_verified
scheduling_class_3,1,2437200,3600,within_recorded_span_not_independently_verified
scheduling_class_3,0,2440800,3600,within_recorded_span_not_independently_verified
scheduling_class_3,2,2444400,3600,within_recorded_span_not_independently_verified
scheduling_class_3,3,2448000,3600,within_recorded_span_not_independently_verified
scheduling_class_3,1,2451600,3600,within_recorded_span_not_independently_verified
scheduling_class_3,6,2455200,3600,within_recorded_span_not_independently_verified
scheduling_class_3,2,2458800,3600,within_recorded_span_not_independently_verified
scheduling_class_3,17,2462400,3600,within_recorded_span_not_independently_verified
scheduling_class_3,1,2466000,3600,within_recorded_span_not_independently_verified
scheduling_class_3,0,2469600,3600,within_recorded_span_not_independently_verified
scheduling_class_3,1,2473200,3600,within_recorded_span_not_independently_verified
scheduling_class_3,3,2476800,3600,within_recorded_span_not_independently_verified
scheduling_class_3,3,2480400,3600,within_recorded_span_not_independently_verified
scheduling_class_3,3,2484000,3600,within_recorded_span_not_independently_verified
scheduling_class_3,3,2487600,3600,within_recorded_span_not_independently_verified
scheduling_class_3,2,2491200,3600,within_recorded_span_not_independently_verified
scheduling_class_3,1,2494800,3600,within_recorded_span_not_independently_verified
scheduling_class_3,1,2498400,3600,within_recorded_span_not_independently_verified
scheduling_class_3,3,2502000,3600,within_recorded_span_not_independently_verified
scheduling_class_3,0,2505600,3600,partial_boundary
