task_type,arrival_count,window_start_s,window_seconds,coverage
DNN_training,1,36000,3600,partial_boundary
DNN_training,0,39600,3600,within_recorded_span_not_independently_verified
DNN_training,0,43200,3600,within_recorded_span_not_independently_verified
DNN_training,0,46800,3600,within_recorded_span_not_independently_verified
DNN_training,0,50400,3600,within_recorded_span_not_independently_verified
DNN_training,0,54000,3600,within_recorded_span_not_independently_verified
DNN_training,0,57600,3600,within_recorded_span_not_independently_verified
DNN_training,0,61200,3600,within_recorded_span_not_independently_verified
DNN_training,0,64800,3600,within_recorded_span_not_independently_verified
DNN_training,0,68400,3600,within_recorded_span_not_independently_verified
DNN_training,0,72000,3600,within_recorded_span_not_independently_verified
DNN_training,0,75600,3600,within_recorded_span_not_independently_verified
DNN_training,0,79200,3600,within_recorded_span_not_independently_verified
DNN_training,0,82800,3600,within_recorded_span_not_independently_verified
DNN_training,0,86400,3600,within_recorded_span_not_independently_verified
DNN_training,0,90000,3600,within_recorded_span_not_independently_verified
DNN_training,0,93600,3600,within_recorded_span_not_independently_verified
DNN_training,0,97200,3600,within_recorded_span_not_independently_verified
DNN_training,0,100800,3600,within_recorded_span_not_independently_verified
DNN_training,0,104400,3600,within_recorded_span_not_independently_verified
DNN_training,0,108000,3600,within_recorded_span_not_independently_verified
DNN_training,0,111600,3600,within_recorded_span_not_independently_verified
DNN_training,0,115200,3600,within_recorded_span_not_independently_verified
DNN_training,0,118800,3600,within_recorded_span_not_independently_verified
DNN_training,0,122400,3600,within_recorded_span_not_independently_verified
DNN_training,0,126000,3600,within_recorded_span_not_independently_verified
DNN_training,0,129600,3600,within_recorded_span_not_independently_verified
DNN_training,0,133200,3600,within_recorded_span_not_independently_verified
DNN_training,0,136800,3600,within_recorded_span_not_independently_verified
DNN_training,0,140400,3600,within_recorded_span_not_independently_verified
DNN_training,0,144000,3600,within_recorded_span_not_independently_verified
DNN_training,0,147600,3600,within_recorded_span_not_independently_verified
DNN_training,0,151200,3600,within_recorded_span_not_independently_verified
DNN_training,0,154800,3600,within_recorded_span_not_independently_verified
DNN_training,0,158400,3600,within_recorded_span_not_independently_verified
DNN_training,0,162000,3600,within_recorded_span_not_independently_verified
DNN_training,0,165600,3600,within_recorded_span_not_independently_verified
DNN_training,0,169200,3600,within_recorded_span_not_independently_verified
DNN_training,0,172800,3600,within_recorded_span_not_independently_verified
DNN_training,0,176400,3600,within_recorded_span_not_independently_verified
DNN_training,0,180000,3600,within_recorded_span_not_independently_verified
DNN_training,0,183600,3600,within_recorded_span_not_independently_verified
DNN_training,0,187200,3600,within_recorded_span_not_independently_verified
DNN_training,0,190800,3600,within_recorded_span_not_independently_verified
DNN_training,0,194400,3600,within_recorded_span_not_independently_verified
DNN_training,0,198000,3600,within_recorded_span_not_independently_verified
DNN_training,0,201600,3600,within_recorded_span_not_independently_verified
DNN_training,0,205200,3600,within_recorded_span_not_independently_verified
DNN_training,0,208800,3600,within_recorded_span_not_independently_verified
DNN_training,0,212400,3600,within_recorded_span_not_independently_verified
DNN_training,0,216000,3600,within_recorded_span_not_independently_verified
DNN_training,0,219600,3600,within_recorded_span_not_independently_verified
DNN_training,0,223200,3600,within_recorded_span_not_independently_verified
DNN_training,0,226800,3600,within_recorded_span_not_independently_verified
DNN_training,0,230400,3600,within_recorded_span_not_independently_verified
DNN_training,0,234000,3600,within_recorded_span_not_independently_verified
DNN_training,0,237600,3600,within_recorded_span_not_independently_verified
DNN_training,0,241200,3600,within_recorded_span_not_independently_verified
DNN_training,0,244800,3600,within_recorded_span_not_independently_verified
DNN_training,0,248400,3600,within_recorded_span_not_independently_verified
DNN_training,0,252000,3600,within_recorded_span_not_independently_verified
DNN_training,0,255600,3600,within_recorded_span_not_independently_verified
DNN_training,0,259200,3600,within_recorded_span_not_independently_verified
DNN_training,0,262800,3600,within_recorded_span_not_independently_verified
DNN_training,0,266400,3600,within_recorded_span_not_independently_verified
DNN_training,0,270000,3600,within_recorded_span_not_independently_verified
DNN_training,0,273600,3600,within_recorded_span_not_independently_verified
DNN_training,1,277200,3600,within_recorded_span_not_independently_verified
DNN_training,0,280800,3600,within_recorded_span_not_independently_verified
DNN_training,0,284400,3600,within_recorded_span_not_independently_verified
DNN_training,0,288000,3600,within_recorded_span_not_independently_verified
DNN_training,0,291600,3600,within_recorded_span_not_independently_verified
DNN_training,0,295200,3600,within_recorded_span_not_independently_verified
DNN_training,0,298800,3600,within_recorded_span_not_independently_verified
DNN_training,0,302400,3600,within_recorded_span_not_independently_verified
DNN_training,0,306000,3600,within_recorded_span_not_independently_verified
DNN_training,0,309600,3600,within_recorded_span_not_independently_verified
DNN_training,0,313200,3600,within_recorded_span_not_independently_verified
DNN_training,0,316800,3600,within_recorded_span_not_independently_verified
DNN_training,0,320400,3600,within_recorded_span_not_independently_verified
DNN_training,0,324000,3600,within_recorded_span_not_independently_verified
DNN_training,0,327600,3600,within_recorded_span_not_independently_verified
DNN_training,0,331200,3600,within_recorded_span_not_independently_verified
DNN_training,0,334800,3600,within_recorded_span_not_independently_verified
DNN_training,0,338400,3600,within_recorded_span_not_independently_verified
DNN_training,0,342000,3600,within_recorded_span_not_independently_verified
DNN_training,0,345600,3600,within_recorded_span_not_independently_verified
DNN_training,0,349200,3600,within_recorded_span_not_independently_verified
DNN_training,0,352800,3600,within_recorded_span_not_independently_verified
DNN_training,0,356400,3600,within_recorded_span_not_independently_verified
DNN_training,0,360000,3600,within_recorded_span_not_independently_verified
DNN_training,0,363600,3600,within_recorded_span_not_independently_verified
DNN_training,0,367200,3600,within_recorded_span_not_independently_verified
DNN_training,0,370800,3600,within_recorded_span_not_independently_verified
DNN_training,0,374400,3600,within_recorded_span_not_independently_verified
DNN_training,0,378000,3600,within_recorded_span_not_independently_verified
DNN_training,0,381600,3600,within_recorded_span_not_independently_verified
DNN_training,0,385200,3600,within_recorded_span_not_independently_verified
DNN_training,0,388800,3600,within_recorded_span_not_independently_verified
DNN_training,0,392400,3600,within_recorded_span_not_independently_verified
DNN_training,0,396000,3600,within_recorded_span_not_independently_verified
DNN_training,0,399600,3600,within_recorded_span_not_independently_verified
DNN_training,0,403200,3600,within_recorded_span_not_independently_verified
DNN_training,0,406800,3600,within_recorded_span_not_independently_verified
DNN_training,0,410400,3600,within_recorded_span_not_independently_verified
DNN_training,1,414000,3600,within_recorded_span_not_independently_verified
DNN_training,0,417600,3600,within_recorded_span_not_independently_verified
DNN_training,0,421200,3600,within_recorded_span_not_independently_verified
DNN_training,1,424800,3600,within_recorded_span_not_independently_verified
DNN_training,1,428400,3600,within_recorded_span_not_independently_verified
DNN_training,0,432000,3600,within_recorded_span_not_independently_verified
DNN_training,0,435600,3600,within_recorded_span_not_independently_verified
DNN_training,0,439200,3600,within_recorded_span_not_independently_verified
DNN_training,0,442800,3600,within_recorded_span_not_independently_verified
DNN_training,0,446400,3600,within_recorded_span_not_independently_verified
DNN_training,0,450000,3600,within_recorded_span_not_independently_verified
DNN_training,0,453600,3600,within_recorded_span_not_independently_verified
DNN_training,0,457200,3600,within_recorded_span_not_independently_verified
DNN_training,0,460800,3600,within_recorded_span_not_independently_verified
DNN_training,0,464400,3600,within_recorded_span_not_independently_verified
DNN_training,0,468000,3600,within_recorded_span_not_independently_verified
DNN_training,0,471600,3600,within_recorded_span_not_independently_verified
DNN_training,0,475200,3600,within_recorded_span_not_independently_verified
DNN_training,0,478800,3600,within_recorded_span_not_independently_verified
DNN_training,0,482400,3600,within_recorded_span_not_independently_verified
DNN_training,0,486000,3600,within_recorded_span_not_independently_verified
DNN_training,0,489600,3600,within_recorded_span_not_independently_verified
DNN_training,0,493200,3600,within_recorded_span_not_independently_verified
DNN_training,0,496800,3600,within_recorded_span_not_independently_verified
DNN_training,0,500400,3600,within_recorded_span_not_independently_verified
DNN_training,0,504000,3600,within_recorded_span_not_independently_verified
DNN_training,0,507600,3600,within_recorded_span_not_independently_verified
DNN_training,0,511200,3600,within_recorded_span_not_independently_verified
DNN_training,0,514800,3600,within_recorded_span_not_independently_verified
DNN_training,0,518400,3600,within_recorded_span_not_independently_verified
DNN_training,0,522000,3600,within_recorded_span_not_independently_verified
DNN_training,0,525600,3600,within_recorded_span_not_independently_verified
DNN_training,0,529200,3600,within_recorded_span_not_independently_verified
DNN_training,0,532800,3600,within_recorded_span_not_independently_verified
DNN_training,0,536400,3600,within_recorded_span_not_independently_verified
DNN_training,0,540000,3600,within_recorded_span_not_independently_verified
DNN_training,0,543600,3600,within_recorded_span_not_independently_verified
DNN_training,0,547200,3600,within_recorded_span_not_independently_verified
DNN_training,0,550800,3600,within_recorded_span_not_independently_verified
DNN_training,0,554400,3600,within_recorded_span_not_independently_verified
DNN_training,0,558000,3600,within_recorded_span_not_independently_verified
DNN_training,0,561600,3600,within_recorded_span_not_independently_verified
DNN_training,0,565200,3600,within_recorded_span_not_independently_verified
DNN_training,0,568800,3600,within_recorded_span_not_independently_verified
DNN_training,0,572400,3600,within_recorded_span_not_independently_verified
DNN_training,0,576000,3600,within_recorded_span_not_independently_verified
DNN_training,0,579600,3600,within_recorded_span_not_independently_verified
DNN_training,0,583200,3600,within_recorded_span_not_independently_verified
DNN_training,0,586800,3600,within_recorded_span_not_independently_verified
DNN_training,0,590400,3600,within_recorded_span_not_independently_verified
DNN_training,0,594000,3600,within_recorded_span_not_independently_verified
DNN_training,0,597600,3600,within_recorded_span_not_independently_verified
DNN_training,0,601200,3600,within_recorded_span_not_independently_verified
DNN_training,0,604800,3600,within_recorded_span_not_independently_verified
DNN_training,0,608400,3600,within_recorded_span_not_independently_verified
DNN_training,0,612000,3600,within_recorded_span_not_independently_verified
DNN_training,0,615600,3600,within_recorded_span_not_independently_verified
DNN_training,0,619200,3600,within_recorded_span_not_independently_verified
DNN_training,0,622800,3600,within_recorded_span_not_independently_verified
DNN_training,0,626400,3600,within_recorded_span_not_independently_verified
DNN_training,0,630000,3600,within_recorded_span_not_independently_verified
DNN_training,0,633600,3600,within_recorded_span_not_independently_verified
DNN_training,0,637200,3600,within_recorded_span_not_independently_verified
DNN_training,0,640800,3600,within_recorded_span_not_independently_verified
DNN_training,0,644400,3600,within_recorded_span_not_independently_verified
DNN_training,0,648000,3600,within_recorded_span_not_independently_verified
DNN_training,0,651600,3600,within_recorded_span_not_independently_verified
DNN_training,0,655200,3600,within_recorded_span_not_independently_verified
DNN_training,0,658800,3600,within_recorded_span_not_independently_verified
DNN_training,0,662400,3600,within_recorded_span_not_independently_verified
DNN_training,0,666000,3600,within_recorded_span_not_independently_verified
DNN_training,0,669600,3600,within_recorded_span_not_independently_verified
DNN_training,0,673200,3600,within_recorded_span_not_independently_verified
DNN_training,0,676800,3600,within_recorded_span_not_independently_verified
DNN_training,0,680400,3600,within_recorded_span_not_independently_verified
DNN_training,0,684000,3600,within_recorded_span_not_independently_verified
DNN_training,1,687600,3600,within_recorded_span_not_independently_verified
DNN_training,0,691200,3600,within_recorded_span_not_independently_verified
DNN_training,0,694800,3600,within_recorded_span_not_independently_verified
DNN_training,0,698400,3600,within_recorded_span_not_independently_verified
DNN_training,0,702000,3600,within_recorded_span_not_independently_verified
DNN_training,0,705600,3600,within_recorded_span_not_independently_verified
DNN_training,0,709200,3600,within_recorded_span_not_independently_verified
DNN_training,0,712800,3600,within_recorded_span_not_independently_verified
DNN_training,0,716400,3600,within_recorded_span_not_independently_verified
DNN_training,0,720000,3600,within_recorded_span_not_independently_verified
DNN_training,0,723600,3600,within_recorded_span_not_independently_verified
DNN_training,0,727200,3600,within_recorded_span_not_independently_verified
DNN_training,0,730800,3600,within_recorded_span_not_independently_verified
DNN_training,0,734400,3600,within_recorded_span_not_independently_verified
DNN_training,0,738000,3600,within_recorded_span_not_independently_verified
DNN_training,0,741600,3600,within_recorded_span_not_independently_verified
DNN_training,0,745200,3600,within_recorded_span_not_independently_verified
DNN_training,0,748800,3600,within_recorded_span_not_independently_verified
DNN_training,0,752400,3600,within_recorded_span_not_independently_verified
DNN_training,0,756000,3600,within_recorded_span_not_independently_verified
DNN_training,0,759600,3600,within_recorded_span_not_independently_verified
DNN_training,0,763200,3600,within_recorded_span_not_independently_verified
DNN_training,0,766800,3600,within_recorded_span_not_independently_verified
DNN_training,0,770400,3600,within_recorded_span_not_independently_verified
DNN_training,0,774000,3600,within_recorded_span_not_independently_verified
DNN_training,0,777600,3600,within_recorded_span_not_independently_verified
DNN_training,0,781200,3600,within_recorded_span_not_independently_verified
DNN_training,0,784800,3600,within_recorded_span_not_independently_verified
DNN_training,0,788400,3600,within_recorded_span_not_independently_verified
DNN_training,0,792000,3600,within_recorded_span_not_independently_verified
DNN_training,0,795600,3600,within_recorded_span_not_independently_verified
DNN_training,0,799200,3600,within_recorded_span_not_independently_verified
DNN_training,0,802800,3600,within_recorded_span_not_independently_verified
DNN_training,0,806400,3600,within_recorded_span_not_independently_verified
DNN_training,0,810000,3600,within_recorded_span_not_independently_verified
DNN_training,0,813600,3600,within_recorded_span_not_independently_verified
DNN_training,0,817200,3600,within_recorded_span_not_independently_verified
DNN_training,0,820800,3600,within_recorded_span_not_independently_verified
DNN_training,0,824400,3600,within_recorded_span_not_independently_verified
DNN_training,0,828000,3600,within_recorded_span_not_independently_verified
DNN_training,0,831600,3600,within_recorded_span_not_independently_verified
DNN_training,0,835200,3600,within_recorded_span_not_independently_verified
DNN_training,0,838800,3600,within_recorded_span_not_independently_verified
DNN_training,0,842400,3600,within_recorded_span_not_independently_verified
DNN_training,0,846000,3600,within_recorded_span_not_independently_verified
DNN_training,0,849600,3600,within_recorded_span_not_independently_verified
DNN_training,0,853200,3600,within_recorded_span_not_independently_verified
DNN_training,0,856800,3600,within_recorded_span_not_independently_verified
DNN_training,0,860400,3600,within_recorded_span_not_independently_verified
DNN_training,0,864000,3600,within_recorded_span_not_independently_verified
DNN_training,0,867600,3600,within_recorded_span_not_independently_verified
DNN_training,0,871200,3600,within_recorded_span_not_independently_verified
DNN_training,0,874800,3600,within_recorded_span_not_independently_verified
DNN_training,0,878400,3600,within_recorded_span_not_independently_verified
DNN_training,2,882000,3600,within_recorded_span_not_independently_verified
DNN_training,0,885600,3600,within_recorded_span_not_independently_verified
DNN_training,1,889200,3600,within_recorded_span_not_independently_verified
DNN_training,0,892800,3600,within_recorded_span_not_independently_verified
DNN_training,0,896400,3600,within_recorded_span_not_independently_verified
DNN_training,0,900000,3600,within_recorded_span_not_independently_verified
DNN_training,0,903600,3600,within_recorded_span_not_independently_verified
DNN_training,0,907200,3600,within_recorded_span_not_independently_verified
DNN_training,0,910800,3600,within_recorded_span_not_independently_verified
DNN_training,0,914400,3600,within_recorded_span_not_independently_verified
DNN_training,0,918000,3600,within_recorded_span_not_independently_verified
DNN_training,0,921600,3600,within_recorded_span_not_independently_verified
DNN_training,0,925200,3600,within_recorded_span_not_independently_verified
DNN_training,0,928800,3600,within_recorded_span_not_independently_verified
DNN_training,0,932400,3600,within_recorded_span_not_independently_verified
DNN_training,0,936000,3600,within_recorded_span_not_independently_verified
DNN_training,0,939600,3600,within_recorded_span_not_independently_verified
DNN_training,0,943200,3600,within_recorded_span_not_independently_verified
DNN_training,0,946800,3600,within_recorded_span_not_independently_verified
DNN_training,0,950400,3600,within_recorded_span_not_independently_verified
DNN_training,3,954000,3600,within_recorded_span_not_independently_verified
DNN_training,0,957600,3600,within_recorded_span_not_independently_verified
DNN_training,0,961200,3600,within_recorded_span_not_independently_verified
DNN_training,0,964800,3600,within_recorded_span_not_independently_verified
DNN_training,0,968400,3600,within_recorded_span_not_independently_verified
DNN_training,0,972000,3600,within_recorded_span_not_independently_verified
DNN_training,1,975600,3600,within_recorded_span_not_independently_verified
DNN_training,2,979200,3600,within_recorded_span_not_independently_verified
DNN_training,0,982800,3600,within_recorded_span_not_independently_verified
DNN_training,0,986400,3600,within_recorded_span_not_independently_verified
DNN_training,0,990000,3600,within_recorded_span_not_independently_verified
DNN_training,0,993600,3600,within_recorded_span_not_independently_verified
DNN_training,0,997200,3600,within_recorded_span_not_independently_verified
DNN_training,0,1000800,3600,within_recorded_span_not_independently_verified
DNN_training,0,1004400,3600,within_recorded_span_not_independently_verified
DNN_training,0,1008000,3600,within_recorded_span_not_independently_verified
DNN_training,0,1011600,3600,within_recorded_span_not_independently_verified
DNN_training,0,1015200,3600,within_recorded_span_not_independently_verified
DNN_training,0,1018800,3600,within_recorded_span_not_independently_verified
DNN_training,0,1022400,3600,within_recorded_span_not_independently_verified
DNN_training,1,1026000,3600,within_recorded_span_not_independently_verified
DNN_training,0,1029600,3600,within_recorded_span_not_independently_verified
DNN_training,0,1033200,3600,within_recorded_span_not_independently_verified
DNN_training,0,1036800,3600,within_recorded_span_not_independently_verified
DNN_training,0,1040400,3600,within_recorded_span_not_independently_verified
DNN_training,0,1044000,3600,within_recorded_span_not_independently_verified
DNN_training,0,1047600,3600,within_recorded_span_not_independently_verified
DNN_training,0,1051200,3600,within_recorded_span_not_independently_verified
DNN_training,0,1054800,3600,within_recorded_span_not_independently_verified
DNN_training,0,1058400,3600,within_recorded_span_not_independently_verified
DNN_training,0,1062000,3600,within_recorded_span_not_independently_verified
DNN_training,0,1065600,3600,within_recorded_span_not_independently_verified
DNN_training,0,1069200,3600,within_recorded_span_not_independently_verified
DNN_training,0,1072800,3600,within_recorded_span_not_independently_verified
DNN_training,0,1076400,3600,within_recorded_span_not_independently_verified
DNN_training,0,1080000,3600,within_recorded_span_not_independently_verified
DNN_training,0,1083600,3600,within_recorded_span_not_independently_verified
DNN_training,0,1087200,3600,within_recorded_span_not_independently_verified
DNN_training,0,1090800,3600,within_recorded_span_not_independently_verified
DNN_training,0,1094400,3600,within_recorded_span_not_independently_verified
DNN_training,0,1098000,3600,within_recorded_span_not_independently_verified
DNN_training,0,1101600,3600,within_recorded_span_not_independently_verified
DNN_training,0,1105200,3600,within_recorded_span_not_independently_verified
DNN_training,0,1108800,3600,within_recorded_span_not_independently_verified
DNN_training,0,1112400,3600,within_recorded_span_not_independently_verified
DNN_training,0,1116000,3600,within_recorded_span_not_independently_verified
DNN_training,0,1119600,3600,within_recorded_span_not_independently_verified
DNN_training,0,1123200,3600,within_recorded_span_not_independently_verified
DNN_training,0,1126800,3600,within_recorded_span_not_independently_verified
DNN_training,0,1130400,3600,within_recorded_span_not_independently_verified
DNN_training,0,1134000,3600,within_recorded_span_not_independently_verified
DNN_training,0,1137600,3600,within_recorded_span_not_independently_verified
DNN_training,0,1141200,3600,within_recorded_span_not_independently_verified
DNN_training,0,1144800,3600,within_recorded_span_not_independently_verified
DNN_training,0,1148400,3600,within_recorded_span_not_independently_verified
DNN_training,0,1152000,3600,within_recorded_span_not_independently_verified
DNN_training,0,1155600,3600,within_recorded_span_not_independently_verified
DNN_training,0,1159200,3600,within_recorded_span_not_independently_verified
DNN_training,0,1162800,3600,within_recorded_span_not_independently_verified
DNN_training,0,1166400,3600,within_recorded_span_not_independently_verified
DNN_training,0,1170000,3600,within_recorded_span_not_independently_verified
DNN_training,0,1173600,3600,within_recorded_span_not_independently_verified
DNN_training,0,1177200,3600,within_recorded_span_not_independently_verified
DNN_training,0,1180800,3600,within_recorded_span_not_independently_verified
DNN_training,0,1184400,3600,within_recorded_span_not_independently_verified
DNN_training,0,1188000,3600,within_recorded_span_not_independently_verified
DNN_training,0,1191600,3600,within_recorded_span_not_independently_verified
DNN_training,0,1195200,3600,within_recorded_span_not_independently_verified
DNN_training,0,1198800,3600,within_recorded_span_not_independently_verified
DNN_training,0,1202400,3600,within_recorded_span_not_independently_verified
DNN_training,0,1206000,3600,within_recorded_span_not_independently_verified
DNN_training,0,1209600,3600,within_recorded_span_not_independently_verified
DNN_training,0,1213200,3600,within_recorded_span_not_independently_verified
DNN_training,0,1216800,3600,within_recorded_span_not_independently_verified
DNN_training,0,1220400,3600,within_recorded_span_not_independently_verified
DNN_training,0,1224000,3600,within_recorded_span_not_independently_verified
DNN_training,1,1227600,3600,within_recorded_span_not_independently_verified
DNN_training,0,1231200,3600,within_recorded_span_not_independently_verified
DNN_training,0,1234800,3600,within_recorded_span_not_independently_verified
DNN_training,0,1238400,3600,within_recorded_span_not_independently_verified
DNN_training,0,1242000,3600,within_recorded_span_not_independently_verified
DNN_training,0,1245600,3600,within_recorded_span_not_independently_verified
DNN_training,0,1249200,3600,within_recorded_span_not_independently_verified
DNN_training,0,1252800,3600,within_recorded_span_not_independently_verified
DNN_training,0,1256400,3600,within_recorded_span_not_independently_verified
DNN_training,0,1260000,3600,within_recorded_span_not_independently_verified
DNN_training,0,1263600,3600,within_recorded_span_not_independently_verified
DNN_training,0,1267200,3600,within_recorded_span_not_independently_verified
DNN_training,0,1270800,3600,within_recorded_span_not_independently_verified
DNN_training,0,1274400,3600,within_recorded_span_not_independently_verified
DNN_training,0,1278000,3600,within_recorded_span_not_independently_verified
DNN_training,0,1281600,3600,within_recorded_span_not_independently_verified
DNN_training,0,1285200,3600,within_recorded_span_not_independently_verified
DNN_training,0,1288800,3600,within_recorded_span_not_independently_verified
DNN_training,0,1292400,3600,within_recorded_span_not_independently_verified
DNN_training,0,1296000,3600,within_recorded_span_not_independently_verified
DNN_training,0,1299600,3600,within_recorded_span_not_independently_verified
DNN_training,0,1303200,3600,within_recorded_span_not_independently_verified
DNN_training,0,1306800,3600,within_recorded_span_not_independently_verified
DNN_training,0,1310400,3600,within_recorded_span_not_independently_verified
DNN_training,0,1314000,3600,within_recorded_span_not_independently_verified
DNN_training,0,1317600,3600,within_recorded_span_not_independently_verified
DNN_training,0,1321200,3600,within_recorded_span_not_independently_verified
DNN_training,0,1324800,3600,within_recorded_span_not_independently_verified
DNN_training,0,1328400,3600,within_recorded_span_not_independently_verified
DNN_training,0,1332000,3600,within_recorded_span_not_independently_verified
DNN_training,0,1335600,3600,within_recorded_span_not_independently_verified
DNN_training,0,1339200,3600,within_recorded_span_not_independently_verified
DNN_training,0,1342800,3600,within_recorded_span_not_independently_verified
DNN_training,1,1346400,3600,within_recorded_span_not_independently_verified
DNN_training,0,1350000,3600,within_recorded_span_not_independently_verified
DNN_training,0,1353600,3600,within_recorded_span_not_independently_verified
DNN_training,0,1357200,3600,within_recorded_span_not_independently_verified
DNN_training,0,1360800,3600,within_recorded_span_not_independently_verified
DNN_training,0,1364400,3600,within_recorded_span_not_independently_verified
DNN_training,0,1368000,3600,within_recorded_span_not_independently_verified
DNN_training,0,1371600,3600,within_recorded_span_not_independently_verified
DNN_training,0,1375200,3600,within_recorded_span_not_independently_verified
DNN_training,0,1378800,3600,within_recorded_span_not_independently_verified
DNN_training,0,1382400,3600,within_recorded_span_not_independently_verified
DNN_training,0,1386000,3600,within_recorded_span_not_independently_verified
DNN_training,0,1389600,3600,within_recorded_span_not_independently_verified
DNN_training,0,1393200,3600,within_recorded_span_not_independently_verified
DNN_training,0,1396800,3600,within_recorded_span_not_independently_verified
DNN_training,0,1400400,3600,within_recorded_span_not_independently_verified
DNN_training,0,1404000,3600,within_recorded_span_not_independently_verified
DNN_training,0,1407600,3600,within_recorded_span_not_independently_verified
DNN_training,0,1411200,3600,within_recorded_span_not_independently_verified
DNN_training,0,1414800,3600,within_recorded_span_not_independently_verified
DNN_training,2,1418400,3600,within_recorded_span_not_independently_verified
DNN_training,0,1422000,3600,within_recorded_span_not_independently_verified
DNN_training,0,1425600,3600,within_recorded_span_not_independently_verified
DNN_training,0,1429200,3600,within_recorded_span_not_independently_verified
DNN_training,0,1432800,3600,within_recorded_span_not_independently_verified
DNN_training,0,1436400,3600,within_recorded_span_not_independently_verified
DNN_training,0,1440000,3600,within_recorded_span_not_independently_verified
DNN_training,0,1443600,3600,within_recorded_span_not_independently_verified
DNN_training,0,1447200,3600,within_recorded_span_not_independently_verified
DNN_training,0,1450800,3600,within_recorded_span_not_independently_verified
DNN_training,0,1454400,3600,within_recorded_span_not_independently_verified
DNN_training,0,1458000,3600,within_recorded_span_not_independently_verified
DNN_training,0,1461600,3600,within_recorded_span_not_independently_verified
DNN_training,0,1465200,3600,within_recorded_span_not_independently_verified
DNN_training,0,1468800,3600,within_recorded_span_not_independently_verified
DNN_training,0,1472400,3600,within_recorded_span_not_independently_verified
DNN_training,1,1476000,3600,within_recorded_span_not_independently_verified
DNN_training,0,1479600,3600,within_recorded_span_not_independently_verified
DNN_training,0,1483200,3600,within_recorded_span_not_independently_verified
DNN_training,0,1486800,3600,within_recorded_span_not_independently_verified
DNN_training,0,1490400,3600,within_recorded_span_not_independently_verified
DNN_training,0,1494000,3600,within_recorded_span_not_independently_verified
DNN_training,0,1497600,3600,within_recorded_span_not_independently_verified
DNN_training,0,1501200,3600,within_recorded_span_not_independently_verified
DNN_training,0,1504800,3600,within_recorded_span_not_independently_verified
DNN_training,0,1508400,3600,within_recorded_span_not_independently_verified
DNN_training,0,1512000,3600,within_recorded_span_not_independently_verified
DNN_training,0,1515600,3600,within_recorded_span_not_independently_verified
DNN_training,0,1519200,3600,within_recorded_span_not_independently_verified
DNN_training,0,1522800,3600,within_recorded_span_not_independently_verified
DNN_training,0,1526400,3600,within_recorded_span_not_independently_verified
DNN_training,0,1530000,3600,within_recorded_span_not_independently_verified
DNN_training,0,1533600,3600,within_recorded_span_not_independently_verified
DNN_training,0,1537200,3600,within_recorded_span_not_independently_verified
DNN_training,0,1540800,3600,within_recorded_span_not_independently_verified
DNN_training,0,1544400,3600,within_recorded_span_not_independently_verified
DNN_training,0,1548000,3600,within_recorded_span_not_independently_verified
DNN_training,1,1551600,3600,within_recorded_span_not_independently_verified
DNN_training,0,1555200,3600,within_recorded_span_not_independently_verified
DNN_training,0,1558800,3600,within_recorded_span_not_independently_verified
DNN_training,0,1562400,3600,within_recorded_span_not_independently_verified
DNN_training,0,1566000,3600,within_recorded_span_not_independently_verified
DNN_training,0,1569600,3600,within_recorded_span_not_independently_verified
DNN_training,0,1573200,3600,within_recorded_span_not_independently_verified
DNN_training,0,1576800,3600,within_recorded_span_not_independently_verified
DNN_training,0,1580400,3600,within_recorded_span_not_independently_verified
DNN_training,0,1584000,3600,within_recorded_span_not_independently_verified
DNN_training,0,1587600,3600,within_recorded_span_not_independently_verified
DNN_training,0,1591200,3600,within_recorded_span_not_independently_verified
DNN_training,0,1594800,3600,within_recorded_span_not_independently_verified
DNN_training,0,1598400,3600,within_recorded_span_not_independently_verified
DNN_training,0,1602000,3600,within_recorded_span_not_independently_verified
DNN_training,0,1605600,3600,within_recorded_span_not_independently_verified
DNN_training,0,1609200,3600,within_recorded_span_not_independently_verified
DNN_training,0,1612800,3600,within_recorded_span_not_independently_verified
DNN_training,0,1616400,3600,within_recorded_span_not_independently_verified
DNN_training,0,1620000,3600,within_recorded_span_not_independently_verified
DNN_training,0,1623600,3600,within_recorded_span_not_independently_verified
DNN_training,0,1627200,3600,within_recorded_span_not_independently_verified
DNN_training,0,1630800,3600,within_recorded_span_not_independently_verified
DNN_training,0,1634400,3600,within_recorded_span_not_independently_verified
DNN_training,0,1638000,3600,within_recorded_span_not_independently_verified
DNN_training,0,1641600,3600,within_recorded_span_not_independently_verified
DNN_training,0,1645200,3600,within_recorded_span_not_independently_verified
DNN_training,0,1648800,3600,within_recorded_span_not_independently_verified
DNN_training,0,1652400,3600,within_recorded_span_not_independently_verified
DNN_training,0,1656000,3600,within_recorded_span_not_independently_verified
DNN_training,0,1659600,3600,within_recorded_span_not_independently_verified
DNN_training,0,1663200,3600,within_recorded_span_not_independently_verified
DNN_training,0,1666800,3600,within_recorded_span_not_independently_verified
DNN_training,0,1670400,3600,within_recorded_span_not_independently_verified
DNN_training,1,1674000,3600,within_recorded_span_not_independently_verified
DNN_training,0,1677600,3600,within_recorded_span_not_independently_verified
DNN_training,0,1681200,3600,within_recorded_span_not_independently_verified
DNN_training,0,1684800,3600,within_recorded_span_not_independently_verified
DNN_training,0,1688400,3600,within_recorded_span_not_independently_verified
DNN_training,0,1692000,3600,within_recorded_span_not_independently_verified
DNN_training,0,1695600,3600,within_recorded_span_not_independently_verified
DNN_training,0,1699200,3600,within_recorded_span_not_independently_verified
DNN_training,0,1702800,3600,within_recorded_span_not_independently_verified
DNN_training,0,1706400,3600,within_recorded_span_not_independently_verified
DNN_training,0,1710000,3600,within_recorded_span_not_independently_verified
DNN_training,0,1713600,3600,within_recorded_span_not_independently_verified
DNN_training,0,1717200,3600,within_recorded_span_not_independently_verified
DNN_training,0,1720800,3600,within_recorded_span_not_independently_verified
DNN_training,0,1724400,3600,within_recorded_span_not_independently_verified
DNN_training,0,1728000,3600,within_recorded_span_not_independently_verified
DNN_training,0,1731600,3600,within_recorded_span_not_independently_verified
DNN_training,0,1735200,3600,within_recorded_span_not_independently_verified
DNN_training,0,1738800,3600,within_recorded_span_not_independently_verified
DNN_training,0,1742400,3600,within_recorded_span_not_independently_verified
DNN_training,0,1746000,3600,within_recorded_span_not_independently_verified
DNN_training,1,1749600,3600,within_recorded_span_not_independently_verified
DNN_training,0,1753200,3600,within_recorded_span_not_independently_verified
DNN_training,0,1756800,3600,within_recorded_span_not_independently_verified
DNN_training,0,1760400,3600,within_recorded_span_not_independently_verified
DNN_training,0,1764000,3600,within_recorded_span_not_independently_verified
DNN_training,0,1767600,3600,within_recorded_span_not_independently_verified
DNN_training,0,1771200,3600,within_recorded_span_not_independently_verified
DNN_training,0,1774800,3600,within_recorded_span_not_independently_verified
DNN_training,0,1778400,3600,within_recorded_span_not_independently_verified
DNN_training,0,1782000,3600,within_recorded_span_not_independently_verified
DNN_training,0,1785600,3600,within_recorded_span_not_independently_verified
DNN_training,0,1789200,3600,within_recorded_span_not_independently_verified
DNN_training,0,1792800,3600,within_recorded_span_not_independently_verified
DNN_training,0,1796400,3600,within_recorded_span_not_independently_verified
DNN_training,0,1800000,3600,within_recorded_span_not_independently_verified
DNN_training,0,1803600,3600,within_recorded_span_not_independently_verified
DNN_training,0,1807200,3600,within_recorded_span_not_independently_verified
DNN_training,0,1810800,3600,within_recorded_span_not_independently_verified
DNN_training,0,1814400,3600,within_recorded_span_not_independently_verified
DNN_training,0,1818000,3600,within_recorded_span_not_independently_verified
DNN_training,0,1821600,3600,within_recorded_span_not_independently_verified
DNN_training,0,1825200,3600,within_recorded_span_not_independently_verified
DNN_training,0,1828800,3600,within_recorded_span_not_independently_verified
DNN_training,0,1832400,3600,within_recorded_span_not_independently_verified
DNN_training,0,1836000,3600,within_recorded_span_not_independently_verified
DNN_training,0,1839600,3600,within_recorded_span_not_independently_verified
DNN_training,0,1843200,3600,within_recorded_span_not_independently_verified
DNN_training,0,1846800,3600,within_recorded_span_not_independently_verified
DNN_training,0,1850400,3600,within_recorded_span_not_independently_verified
DNN_training,0,1854000,3600,within_recorded_span_not_independently_verified
DNN_training,0,1857600,3600,within_recorded_span_not_independently_verified
DNN_training,0,1861200,3600,within_recorded_span_not_independently_verified
DNN_training,0,1864800,3600,within_recorded_span_not_independently_verified
DNN_training,0,1868400,3600,within_recorded_span_not_independently_verified
DNN_training,0,1872000,3600,within_recorded_span_not_independently_verified
DNN_training,0,1875600,3600,within_recorded_span_not_independently_verified
DNN_training,0,1879200,3600,within_recorded_span_not_independently_verified
DNN_training,0,1882800,3600,within_recorded_span_not_independently_verified
DNN_training,0,1886400,3600,within_recorded_span_not_independently_verified
DNN_training,0,1890000,3600,within_recorded_span_not_independently_verified
DNN_training,0,1893600,3600,within_recorded_span_not_independently_verified
DNN_training,0,1897200,3600,within_recorded_span_not_independently_verified
DNN_training,0,1900800,3600,within_recorded_span_not_independently_verified
DNN_training,0,1904400,3600,within_recorded_span_not_independently_verified
DNN_training,0,1908000,3600,within_recorded_span_not_independently_verified
DNN_training,0,1911600,3600,within_recorded_span_not_independently_verified
DNN_training,0,1915200,3600,within_recorded_span_not_independently_verified
DNN_training,1,1918800,3600,within_recorded_span_not_independently_verified
DNN_training,0,1922400,3600,within_recorded_span_not_independently_verified
DNN_training,0,1926000,3600,within_recorded_span_not_independently_verified
DNN_training,1,1929600,3600,within_recorded_span_not_independently_verified
DNN_training,0,1933200,3600,within_recorded_span_not_independently_verified
DNN_training,0,1936800,3600,within_recorded_span_not_independently_verified
DNN_training,0,1940400,3600,within_recorded_span_not_independently_verified
DNN_training,0,1944000,3600,within_recorded_span_not_independently_verified
DNN_training,0,1947600,3600,within_recorded_span_not_independently_verified
DNN_training,0,1951200,3600,within_recorded_span_not_independently_verified
DNN_training,0,1954800,3600,within_recorded_span_not_independently_verified
DNN_training,0,1958400,3600,within_recorded_span_not_independently_verified
DNN_training,0,1962000,3600,within_recorded_span_not_independently_verified
DNN_training,1,1965600,3600,within_recorded_span_not_independently_verified
DNN_training,0,1969200,3600,within_recorded_span_not_independently_verified
DNN_training,1,1972800,3600,within_recorded_span_not_independently_verified
DNN_training,0,1976400,3600,within_recorded_span_not_independently_verified
DNN_training,0,1980000,3600,within_recorded_span_not_independently_verified
DNN_training,0,1983600,3600,within_recorded_span_not_independently_verified
DNN_training,0,1987200,3600,within_recorded_span_not_independently_verified
DNN_training,3,1990800,3600,within_recorded_span_not_independently_verified
DNN_training,0,1994400,3600,within_recorded_span_not_independently_verified
DNN_training,0,1998000,3600,within_recorded_span_not_independently_verified
DNN_training,0,2001600,3600,within_recorded_span_not_independently_verified
DNN_training,0,2005200,3600,within_recorded_span_not_independently_verified
DNN_training,0,2008800,3600,within_recorded_span_not_independently_verified
DNN_training,0,2012400,3600,within_recorded_span_not_independently_verified
DNN_training,0,2016000,3600,within_recorded_span_not_independently_verified
DNN_training,0,2019600,3600,within_recorded_span_not_independently_verified
DNN_training,0,2023200,3600,within_recorded_span_not_independently_verified
DNN_training,0,2026800,3600,within_recorded_span_not_independently_verified
DNN_training,0,2030400,3600,within_recorded_span_not_independently_verified
DNN_training,0,2034000,3600,within_recorded_span_not_independently_verified
DNN_training,0,2037600,3600,within_recorded_span_not_independently_verified
DNN_training,0,2041200,3600,within_recorded_span_not_independently_verified
DNN_training,0,2044800,3600,within_recorded_span_not_independently_verified
DNN_training,1,2048400,3600,within_recorded_span_not_independently_verified
DNN_training,0,2052000,3600,within_recorded_span_not_independently_verified
DNN_training,0,2055600,3600,within_recorded_span_not_independently_verified
DNN_training,0,2059200,3600,within_recorded_span_not_independently_verified
DNN_training,0,2062800,3600,within_recorded_span_not_independently_verified
DNN_training,0,2066400,3600,within_recorded_span_not_independently_verified
DNN_training,0,2070000,3600,within_recorded_span_not_independently_verified
DNN_training,0,2073600,3600,within_recorded_span_not_independently_verified
DNN_training,0,2077200,3600,within_recorded_span_not_independently_verified
DNN_training,0,2080800,3600,within_recorded_span_not_independently_verified
DNN_training,0,2084400,3600,within_recorded_span_not_independently_verified
DNN_training,0,2088000,3600,within_recorded_span_not_independently_verified
DNN_training,1,2091600,3600,within_recorded_span_not_independently_verified
DNN_training,0,2095200,3600,within_recorded_span_not_independently_verified
DNN_training,0,2098800,3600,within_recorded_span_not_independently_verified
DNN_training,0,2102400,3600,within_recorded_span_not_independently_verified
DNN_training,0,2106000,3600,within_recorded_span_not_independently_verified
DNN_training,1,2109600,3600,within_recorded_span_not_independently_verified
DNN_training,0,2113200,3600,within_recorded_span_not_independently_verified
DNN_training,0,2116800,3600,within_recorded_span_not_independently_verified
DNN_training,0,2120400,3600,within_recorded_span_not_independently_verified
DNN_training,0,2124000,3600,within_recorded_span_not_independently_verified
DNN_training,0,2127600,3600,within_recorded_span_not_independently_verified
DNN_training,0,2131200,3600,within_recorded_span_not_independently_verified
DNN_training,0,2134800,3600,within_recorded_span_not_independently_verified
DNN_training,0,2138400,3600,within_recorded_span_not_independently_verified
DNN_training,2,2142000,3600,within_recorded_span_not_independently_verified
DNN_training,0,2145600,3600,within_recorded_span_not_independently_verified
DNN_training,1,2149200,3600,within_recorded_span_not_independently_verified
DNN_training,0,2152800,3600,within_recorded_span_not_independently_verified
DNN_training,0,2156400,3600,within_recorded_span_not_independently_verified
DNN_training,0,2160000,3600,within_recorded_span_not_independently_verified
DNN_training,0,2163600,3600,within_recorded_span_not_independently_verified
DNN_training,0,2167200,3600,within_recorded_span_not_independently_verified
DNN_training,0,2170800,3600,within_recorded_span_not_independently_verified
DNN_training,1,2174400,3600,within_recorded_span_not_independently_verified
DNN_training,0,2178000,3600,within_recorded_span_not_independently_verified
DNN_training,1,2181600,3600,within_recorded_span_not_independently_verified
DNN_training,0,2185200,3600,within_recorded_span_not_independently_verified
DNN_training,0,2188800,3600,within_recorded_span_not_independently_verified
DNN_training,0,2192400,3600,within_recorded_span_not_independently_verified
DNN_training,0,2196000,3600,within_recorded_span_not_independently_verified
DNN_training,0,2199600,3600,within_recorded_span_not_independently_verified
DNN_training,0,2203200,3600,within_recorded_span_not_independently_verified
DNN_training,0,2206800,3600,within_recorded_span_not_independently_verified
DNN_training,0,2210400,3600,within_recorded_span_not_independently_verified
DNN_training,0,2214000,3600,within_recorded_span_not_independently_verified
DNN_training,0,2217600,3600,within_recorded_span_not_independently_verified
DNN_training,0,2221200,3600,within_recorded_span_not_independently_verified
DNN_training,2,2224800,3600,within_recorded_span_not_independently_verified
DNN_training,0,2228400,3600,within_recorded_span_not_independently_verified
DNN_training,0,2232000,3600,within_recorded_span_not_independently_verified
DNN_training,0,2235600,3600,within_recorded_span_not_independently_verified
DNN_training,0,2239200,3600,within_recorded_span_not_independently_verified
DNN_training,0,2242800,3600,within_recorded_span_not_independently_verified
DNN_training,1,2246400,3600,within_recorded_span_not_independently_verified
DNN_training,0,2250000,3600,within_recorded_span_not_independently_verified
DNN_training,0,2253600,3600,within_recorded_span_not_independently_verified
DNN_training,0,2257200,3600,within_recorded_span_not_independently_verified
DNN_training,0,2260800,3600,within_recorded_span_not_independently_verified
DNN_training,0,2264400,3600,within_recorded_span_not_independently_verified
DNN_training,0,2268000,3600,within_recorded_span_not_independently_verified
DNN_training,4,2271600,3600,within_recorded_span_not_independently_verified
DNN_training,0,2275200,3600,within_recorded_span_not_independently_verified
DNN_training,0,2278800,3600,within_recorded_span_not_independently_verified
DNN_training,0,2282400,3600,within_recorded_span_not_independently_verified
DNN_training,0,2286000,3600,within_recorded_span_not_independently_verified
DNN_training,0,2289600,3600,within_recorded_span_not_independently_verified
DNN_training,0,2293200,3600,within_recorded_span_not_independently_verified
DNN_training,0,2296800,3600,within_recorded_span_not_independently_verified
DNN_training,0,2300400,3600,within_recorded_span_not_independently_verified
DNN_training,0,2304000,3600,within_recorded_span_not_independently_verified
DNN_training,0,2307600,3600,within_recorded_span_not_independently_verified
DNN_training,0,2311200,3600,within_recorded_span_not_independently_verified
DNN_training,0,2314800,3600,within_recorded_span_not_independently_verified
DNN_training,0,2318400,3600,within_recorded_span_not_independently_verified
DNN_training,0,2322000,3600,within_recorded_span_not_independently_verified
DNN_training,0,2325600,3600,within_recorded_span_not_independently_verified
DNN_training,0,2329200,3600,within_recorded_span_not_independently_verified
DNN_training,0,2332800,3600,within_recorded_span_not_independently_verified
DNN_training,0,2336400,3600,within_recorded_span_not_independently_verified
DNN_training,0,2340000,3600,within_recorded_span_not_independently_verified
DNN_training,0,2343600,3600,within_recorded_span_not_independently_verified
DNN_training,0,2347200,3600,within_recorded_span_not_independently_verified
DNN_training,0,2350800,3600,within_recorded_span_not_independently_verified
DNN_training,0,2354400,3600,within_recorded_span_not_independently_verified
DNN_training,0,2358000,3600,within_recorded_span_not_independently_verified
DNN_training,0,2361600,3600,within_recorded_span_not_independently_verified
DNN_training,0,2365200,3600,within_recorded_span_not_independently_verified
DNN_training,0,2368800,3600,within_recorded_span_not_independently_verified
DNN_training,0,2372400,3600,within_recorded_span_not_independently_verified
DNN_training,0,2376000,3600,within_recorded_span_not_independently_verified
DNN_training,0,2379600,3600,within_recorded_span_not_independently_verified
DNN_training,0,2383200,3600,within_recorded_span_not_independently_verified
DNN_training,0,2386800,3600,within_recorded_span_not_independently_verified
DNN_training,0,2390400,3600,within_recorded_span_not_independently_verified
DNN_training,0,2394000,3600,within_recorded_span_not_independently_verified
DNN_training,0,2397600,3600,within_recorded_span_not_independently_verified
DNN_training,0,2401200,3600,within_recorded_span_not_independently_verified
DNN_training,0,2404800,3600,within_recorded_span_not_independently_verified
DNN_training,0,2408400,3600,within_recorded_span_not_independently_verified
DNN_training,0,2412000,3600,within_recorded_span_not_independently_verified
DNN_training,0,2415600,3600,within_recorded_span_not_independently_verified
DNN_training,0,2419200,3600,within_recorded_span_not_independently_verified
DNN_training,0,2422800,3600,within_recorded_span_not_independently_verified
DNN_training,0,2426400,3600,within_recorded_span_not_independently_verified
DNN_training,0,2430000,3600,within_recorded_span_not_independently_verified
DNN_training,0,2433600,3600,within_recorded_span_not_independently_verified
DNN_training,0,2437200,3600,within_recorded_span_not_independently_verified
DNN_training,0,2440800,3600,within_recorded_span_not_independently_verified
DNN_training,0,2444400,3600,within_recorded_span_not_independently_verified
DNN_training,0,2448000,3600,within_recorded_span_not_independently_verified
DNN_training,0,2451600,3600,within_recorded_span_not_independently_verified
DNN_training,1,2455200,3600,within_recorded_span_not_independently_verified
DNN_training,0,2458800,3600,within_recorded_span_not_independently_verified
DNN_training,0,2462400,3600,within_recorded_span_not_independently_verified
DNN_training,0,2466000,3600,within_recorded_span_not_independently_verified
DNN_training,0,2469600,3600,within_recorded_span_not_independently_verified
DNN_training,0,2473200,3600,within_recorded_span_not_independently_verified
DNN_training,0,2476800,3600,within_recorded_span_not_independently_verified
DNN_training,0,2480400,3600,within_recorded_span_not_independently_verified
DNN_training,0,2484000,3600,within_recorded_span_not_independently_verified
DNN_training,0,2487600,3600,within_recorded_span_not_independently_verified
DNN_training,0,2491200,3600,within_recorded_span_not_independently_verified
DNN_training,0,2494800,3600,within_recorded_span_not_independently_verified
DNN_training,0,2498400,3600,within_recorded_span_not_independently_verified
DNN_training,0,2502000,3600,within_recorded_span_not_independently_verified
DNN_training,0,2505600,3600,within_recorded_span_not_independently_verified
DNN_training,0,2509200,3600,within_recorded_span_not_independently_verified
DNN_training,0,2512800,3600,within_recorded_span_not_independently_verified
DNN_training,0,2516400,3600,within_recorded_span_not_independently_verified
DNN_training,0,2520000,3600,within_recorded_span_not_independently_verified
DNN_training,0,2523600,3600,within_recorded_span_not_independently_verified
DNN_training,1,2527200,3600,within_recorded_span_not_independently_verified
DNN_training,0,2530800,3600,within_recorded_span_not_independently_verified
DNN_training,0,2534400,3600,within_recorded_span_not_independently_verified
DNN_training,0,2538000,3600,within_recorded_span_not_independently_verified
DNN_training,0,2541600,3600,within_recorded_span_not_independently_verified
DNN_training,0,2545200,3600,within_recorded_span_not_independently_verified
DNN_training,0,2548800,3600,within_recorded_span_not_independently_verified
DNN_training,0,2552400,3600,within_recorded_span_not_independently_verified
DNN_training,0,2556000,3600,within_recorded_span_not_independently_verified
DNN_training,0,2559600,3600,within_recorded_span_not_independently_verified
DNN_training,0,2563200,3600,within_recorded_span_not_independently_verified
DNN_training,0,2566800,3600,within_recorded_span_not_independently_verified
DNN_training,0,2570400,3600,within_recorded_span_not_independently_verified
DNN_training,0,2574000,3600,within_recorded_span_not_independently_verified
DNN_training,0,2577600,3600,within_recorded_span_not_independently_verified
DNN_training,0,2581200,3600,within_recorded_span_not_independently_verified
DNN_training,1,2584800,3600,within_recorded_span_not_independently_verified
DNN_training,0,2588400,3600,within_recorded_span_not_independently_verified
DNN_training,0,2592000,3600,within_recorded_span_not_independently_verified
DNN_training,0,2595600,3600,within_recorded_span_not_independently_verified
DNN_training,0,2599200,3600,within_recorded_span_not_independently_verified
DNN_training,0,2602800,3600,within_recorded_span_not_independently_verified
DNN_training,0,2606400,3600,within_recorded_span_not_independently_verified
DNN_training,0,2610000,3600,within_recorded_span_not_independently_verified
DNN_training,0,2613600,3600,within_recorded_span_not_independently_verified
DNN_training,0,2617200,3600,within_recorded_span_not_independently_verified
DNN_training,0,2620800,3600,within_recorded_span_not_independently_verified
DNN_training,0,2624400,3600,within_recorded_span_not_independently_verified
DNN_training,0,2628000,3600,within_recorded_span_not_independently_verified
DNN_training,0,2631600,3600,within_recorded_span_not_independently_verified
DNN_training,0,2635200,3600,within_recorded_span_not_independently_verified
DNN_training,0,2638800,3600,within_recorded_span_not_independently_verified
DNN_training,0,2642400,3600,within_recorded_span_not_independently_verified
DNN_training,0,2646000,3600,within_recorded_span_not_independently_verified
DNN_training,1,2649600,3600,within_recorded_span_not_independently_verified
DNN_training,0,2653200,3600,within_recorded_span_not_independently_verified
DNN_training,0,2656800,3600,within_recorded_span_not_independently_verified
DNN_training,1,2660400,3600,within_recorded_span_not_independently_verified
DNN_training,1,2664000,3600,within_recorded_span_not_independently_verified
DNN_training,1,2667600,3600,within_recorded_span_not_independently_verified
DNN_training,0,2671200,3600,within_recorded_span_not_independently_verified
DNN_training,0,2674800,3600,within_recorded_span_not_independently_verified
DNN_training,0,2678400,3600,within_recorded_span_not_independently_verified
DNN_training,0,2682000,3600,within_recorded_span_not_independently_verified
DNN_training,0,2685600,3600,within_recorded_span_not_independently_verified
DNN_training,1,2689200,3600,within_recorded_span_not_independently_verified
DNN_training,0,2692800,3600,within_recorded_span_not_independently_verified
DNN_training,0,2696400,3600,within_recorded_span_not_independently_verified
DNN_training,0,2700000,3600,within_recorded_span_not_independently_verified
DNN_training,0,2703600,3600,within_recorded_span_not_independently_verified
DNN_training,0,2707200,3600,within_recorded_span_not_independently_verified
DNN_training,1,2710800,3600,within_recorded_span_not_independently_verified
DNN_training,2,2714400,3600,within_recorded_span_not_independently_verified
DNN_training,0,2718000,3600,within_recorded_span_not_independently_verified
DNN_training,0,2721600,3600,within_recorded_span_not_independently_verified
DNN_training,0,2725200,3600,within_recorded_span_not_independently_verified
DNN_training,0,2728800,3600,within_recorded_span_not_independently_verified
DNN_training,0,2732400,3600,within_recorded_span_not_independently_verified
DNN_training,0,2736000,3600,within_recorded_span_not_independently_verified
DNN_training,1,2739600,3600,within_recorded_span_not_independently_verified
DNN_training,0,2743200,3600,within_recorded_span_not_independently_verified
DNN_training,0,2746800,3600,within_recorded_span_not_independently_verified
DNN_training,0,2750400,3600,within_recorded_span_not_independently_verified
DNN_training,0,2754000,3600,within_recorded_span_not_independently_verified
DNN_training,0,2757600,3600,within_recorded_span_not_independently_verified
DNN_training,0,2761200,3600,within_recorded_span_not_independently_verified
DNN_training,0,2764800,3600,within_recorded_span_not_independently_verified
DNN_training,0,2768400,3600,within_recorded_span_not_independently_verified
DNN_training,2,2772000,3600,within_recorded_span_not_independently_verified
DNN_training,0,2775600,3600,within_recorded_span_not_independently_verified
DNN_training,0,2779200,3600,within_recorded_span_not_independently_verified
DNN_training,0,2782800,3600,within_recorded_span_not_independently_verified
DNN_training,3,2786400,3600,within_recorded_span_not_independently_verified
DNN_training,0,2790000,3600,within_recorded_span_not_independently_verified
DNN_training,0,2793600,3600,within_recorded_span_not_independently_verified
DNN_training,0,2797200,3600,within_recorded_span_not_independently_verified
DNN_training,1,2800800,3600,within_recorded_span_not_independently_verified
DNN_training,0,2804400,3600,within_recorded_span_not_independently_verified
DNN_training,0,2808000,3600,within_recorded_span_not_independently_verified
DNN_training,0,2811600,3600,within_recorded_span_not_independently_verified
DNN_training,0,2815200,3600,within_recorded_span_not_independently_verified
DNN_training,0,2818800,3600,within_recorded_span_not_independently_verified
DNN_training,0,2822400,3600,within_recorded_span_not_independently_verified
DNN_training,0,2826000,3600,within_recorded_span_not_independently_verified
DNN_training,1,2829600,3600,within_recorded_span_not_independently_verified
DNN_training,0,2833200,3600,within_recorded_span_not_independently_verified
DNN_training,0,2836800,3600,within_recorded_span_not_independently_verified
DNN_training,0,2840400,3600,within_recorded_span_not_independently_verified
DNN_training,0,2844000,3600,within_recorded_span_not_independently_verified
DNN_training,0,2847600,3600,within_recorded_span_not_independently_verified
DNN_training,0,2851200,3600,within_recorded_span_not_independently_verified
DNN_training,0,2854800,3600,within_recorded_span_not_independently_verified
DNN_training,0,2858400,3600,within_recorded_span_not_independently_verified
DNN_training,0,2862000,3600,within_recorded_span_not_independently_verified
DNN_training,0,2865600,3600,within_recorded_span_not_independently_verified
DNN_training,0,2869200,3600,within_recorded_span_not_independently_verified
DNN_training,0,2872800,3600,within_recorded_span_not_independently_verified
DNN_training,0,2876400,3600,within_recorded_span_not_independently_verified
DNN_training,0,2880000,3600,within_recorded_span_not_independently_verified
DNN_training,0,2883600,3600,within_recorded_span_not_independently_verified
DNN_training,0,2887200,3600,within_recorded_span_not_independently_verified
DNN_training,0,2890800,3600,within_recorded_span_not_independently_verified
DNN_training,0,2894400,3600,within_recorded_span_not_independently_verified
DNN_training,0,2898000,3600,within_recorded_span_not_independently_verified
DNN_training,0,2901600,3600,within_recorded_span_not_independently_verified
DNN_training,0,2905200,3600,within_recorded_span_not_independently_verified
DNN_training,0,2908800,3600,within_recorded_span_not_independently_verified
DNN_training,0,2912400,3600,within_recorded_span_not_independently_verified
DNN_training,0,2916000,3600,within_recorded_span_not_independently_verified
DNN_training,0,2919600,3600,within_recorded_span_not_independently_verified
DNN_training,0,2923200,3600,within_recorded_span_not_independently_verified
DNN_training,0,2926800,3600,within_recorded_span_not_independently_verified
DNN_training,0,2930400,3600,within_recorded_span_not_independently_verified
DNN_training,0,2934000,3600,within_recorded_span_not_independently_verified
DNN_training,0,2937600,3600,within_recorded_span_not_independently_verified
DNN_training,0,2941200,3600,within_recorded_span_not_independently_verified
DNN_training,0,2944800,3600,within_recorded_span_not_independently_verified
DNN_training,0,2948400,3600,within_recorded_span_not_independently_verified
DNN_training,0,2952000,3600,within_recorded_span_not_independently_verified
DNN_training,0,2955600,3600,within_recorded_span_not_independently_verified
DNN_training,0,2959200,3600,within_recorded_span_not_independently_verified
DNN_training,1,2962800,3600,within_recorded_span_not_independently_verified
DNN_training,0,2966400,3600,within_recorded_span_not_independently_verified
DNN_training,43,2970000,3600,within_recorded_span_not_independently_verified
DNN_training,0,2973600,3600,within_recorded_span_not_independently_verified
DNN_training,0,2977200,3600,within_recorded_span_not_independently_verified
DNN_training,0,2980800,3600,within_recorded_span_not_independently_verified
DNN_training,0,2984400,3600,within_recorded_span_not_independently_verified
DNN_training,0,2988000,3600,within_recorded_span_not_independently_verified
DNN_training,0,2991600,3600,within_recorded_span_not_independently_verified
DNN_training,0,2995200,3600,within_recorded_span_not_independently_verified
DNN_training,0,2998800,3600,within_recorded_span_not_independently_verified
DNN_training,0,3002400,3600,within_recorded_span_not_independently_verified
DNN_training,0,3006000,3600,within_recorded_span_not_independently_verified
DNN_training,0,3009600,3600,within_recorded_span_not_independently_verified
DNN_training,0,3013200,3600,within_recorded_span_not_independently_verified
DNN_training,0,3016800,3600,within_recorded_span_not_independently_verified
DNN_training,0,3020400,3600,within_recorded_span_not_independently_verified
DNN_training,0,3024000,3600,within_recorded_span_not_independently_verified
DNN_training,0,3027600,3600,within_recorded_span_not_independently_verified
DNN_training,0,3031200,3600,within_recorded_span_not_independently_verified
DNN_training,0,3034800,3600,within_recorded_span_not_independently_verified
DNN_training,0,3038400,3600,within_recorded_span_not_independently_verified
DNN_training,0,3042000,3600,within_recorded_span_not_independently_verified
DNN_training,0,3045600,3600,within_recorded_span_not_independently_verified
DNN_training,0,3049200,3600,within_recorded_span_not_independently_verified
DNN_training,0,3052800,3600,within_recorded_span_not_independently_verified
DNN_training,0,3056400,3600,within_recorded_span_not_independently_verified
DNN_training,0,3060000,3600,within_recorded_span_not_independently_verified
DNN_training,0,3063600,3600,within_recorded_span_not_independently_verified
DNN_training,0,3067200,3600,within_recorded_span_not_independently_verified
DNN_training,0,3070800,3600,within_recorded_span_not_independently_verified
DNN_training,0,3074400,3600,within_recorded_span_not_independently_verified
DNN_training,0,3078000,3600,within_recorded_span_not_independently_verified
DNN_training,0,3081600,3600,within_recorded_span_not_independently_verified
DNN_training,0,3085200,3600,within_recorded_span_not_independently_verified
DNN_training,0,3088800,3600,within_recorded_span_not_independently_verified
DNN_training,0,3092400,3600,within_recorded_span_not_independently_verified
DNN_training,0,3096000,3600,within_recorded_span_not_independently_verified
DNN_training,0,3099600,3600,within_recorded_span_not_independently_verified
DNN_training,0,3103200,3600,within_recorded_span_not_independently_verified
DNN_training,0,3106800,3600,within_recorded_span_not_independently_verified
DNN_training,0,3110400,3600,within_recorded_span_not_independently_verified
DNN_training,0,3114000,3600,within_recorded_span_not_independently_verified
DNN_training,0,3117600,3600,within_recorded_span_not_independently_verified
DNN_training,1,3121200,3600,within_recorded_span_not_independently_verified
DNN_training,0,3124800,3600,within_recorded_span_not_independently_verified
DNN_training,0,3128400,3600,within_recorded_span_not_independently_verified
DNN_training,0,3132000,3600,within_recorded_span_not_independently_verified
DNN_training,2,3135600,3600,within_recorded_span_not_independently_verified
DNN_training,0,3139200,3600,within_recorded_span_not_independently_verified
DNN_training,1,3142800,3600,within_recorded_span_not_independently_verified
DNN_training,0,3146400,3600,within_recorded_span_not_independently_verified
DNN_training,0,3150000,3600,within_recorded_span_not_independently_verified
DNN_training,0,3153600,3600,within_recorded_span_not_independently_verified
DNN_training,0,3157200,3600,within_recorded_span_not_independently_verified
DNN_training,0,3160800,3600,within_recorded_span_not_independently_verified
DNN_training,0,3164400,3600,within_recorded_span_not_independently_verified
DNN_training,0,3168000,3600,within_recorded_span_not_independently_verified
DNN_training,0,3171600,3600,within_recorded_span_not_independently_verified
DNN_training,1,3175200,3600,within_recorded_span_not_independently_verified
DNN_training,0,3178800,3600,within_recorded_span_not_independently_verified
DNN_training,0,3182400,3600,within_recorded_span_not_independently_verified
DNN_training,0,3186000,3600,within_recorded_span_not_independently_verified
DNN_training,0,3189600,3600,within_recorded_span_not_independently_verified
DNN_training,0,3193200,3600,within_recorded_span_not_independently_verified
DNN_training,0,3196800,3600,within_recorded_span_not_independently_verified
DNN_training,1,3200400,3600,within_recorded_span_not_independently_verified
DNN_training,0,3204000,3600,within_recorded_span_not_independently_verified
DNN_training,0,3207600,3600,within_recorded_span_not_independently_verified
DNN_training,0,3211200,3600,within_recorded_span_not_independently_verified
DNN_training,0,3214800,3600,within_recorded_span_not_independently_verified
DNN_training,2,3218400,3600,within_recorded_span_not_independently_verified
DNN_training,1,3222000,3600,within_recorded_span_not_independently_verified
DNN_training,0,3225600,3600,within_recorded_span_not_independently_verified
DNN_training,0,3229200,3600,within_recorded_span_not_independently_verified
DNN_training,0,3232800,3600,within_recorded_span_not_independently_verified
DNN_training,0,3236400,3600,within_recorded_span_not_independently_verified
DNN_training,0,3240000,3600,within_recorded_span_not_independently_verified
DNN_training,0,3243600,3600,within_recorded_span_not_independently_verified
DNN_training,0,3247200,3600,within_recorded_span_not_independently_verified
DNN_training,0,3250800,3600,within_recorded_span_not_independently_verified
DNN_training,0,3254400,3600,within_recorded_span_not_independently_verified
DNN_training,0,3258000,3600,within_recorded_span_not_independently_verified
DNN_training,0,3261600,3600,within_recorded_span_not_independently_verified
DNN_training,0,3265200,3600,within_recorded_span_not_independently_verified
DNN_training,1,3268800,3600,within_recorded_span_not_independently_verified
DNN_training,1,3272400,3600,within_recorded_span_not_independently_verified
DNN_training,0,3276000,3600,within_recorded_span_not_independently_verified
DNN_training,5,3279600,3600,within_recorded_span_not_independently_verified
DNN_training,5,3283200,3600,within_recorded_span_not_independently_verified
DNN_training,0,3286800,3600,within_recorded_span_not_independently_verified
DNN_training,1,3290400,3600,within_recorded_span_not_independently_verified
DNN_training,0,3294000,3600,within_recorded_span_not_independently_verified
DNN_training,0,3297600,3600,within_recorded_span_not_independently_verified
DNN_training,1,3301200,3600,within_recorded_span_not_independently_verified
DNN_training,0,3304800,3600,within_recorded_span_not_independently_verified
DNN_training,0,3308400,3600,within_recorded_span_not_independently_verified
DNN_training,0,3312000,3600,within_recorded_span_not_independently_verified
DNN_training,2,3315600,3600,within_recorded_span_not_independently_verified
DNN_training,1,3319200,3600,within_recorded_span_not_independently_verified
DNN_training,2,3322800,3600,within_recorded_span_not_independently_verified
DNN_training,0,3326400,3600,within_recorded_span_not_independently_verified
DNN_training,0,3330000,3600,within_recorded_span_not_independently_verified
DNN_training,0,3333600,3600,within_recorded_span_not_independently_verified
DNN_training,0,3337200,3600,within_recorded_span_not_independently_verified
DNN_training,2,3340800,3600,within_recorded_span_not_independently_verified
DNN_training,0,3344400,3600,within_recorded_span_not_independently_verified
DNN_training,1,3348000,3600,within_recorded_span_not_independently_verified
DNN_training,5,3351600,3600,within_recorded_span_not_independently_verified
DNN_training,2,3355200,3600,within_recorded_span_not_independently_verified
DNN_training,0,3358800,3600,within_recorded_span_not_independently_verified
DNN_training,1,3362400,3600,within_recorded_span_not_independently_verified
DNN_training,7,3366000,3600,within_recorded_span_not_independently_verified
DNN_training,1,3369600,3600,within_recorded_span_not_independently_verified
DNN_training,2,3373200,3600,within_recorded_span_not_independently_verified
DNN_training,1,3376800,3600,within_recorded_span_not_independently_verified
DNN_training,19,3380400,3600,within_recorded_span_not_independently_verified
DNN_training,1,3384000,3600,within_recorded_span_not_independently_verified
DNN_training,0,3387600,3600,within_recorded_span_not_independently_verified
DNN_training,0,3391200,3600,within_recorded_span_not_independently_verified
DNN_training,0,3394800,3600,within_recorded_span_not_independently_verified
DNN_training,9,3398400,3600,within_recorded_span_not_independently_verified
DNN_training,0,3402000,3600,within_recorded_span_not_independently_verified
DNN_training,1,3405600,3600,within_recorded_span_not_independently_verified
DNN_training,0,3409200,3600,within_recorded_span_not_independently_verified
DNN_training,0,3412800,3600,within_recorded_span_not_independently_verified
DNN_training,0,3416400,3600,within_recorded_span_not_independently_verified
DNN_training,0,3420000,3600,within_recorded_span_not_independently_verified
DNN_training,0,3423600,3600,within_recorded_span_not_independently_verified
DNN_training,1,3427200,3600,within_recorded_span_not_independently_verified
DNN_training,2,3430800,3600,within_recorded_span_not_independently_verified
DNN_training,0,3434400,3600,within_recorded_span_not_independently_verified
DNN_training,0,3438000,3600,within_recorded_span_not_independently_verified
DNN_training,0,3441600,3600,within_recorded_span_not_independently_verified
DNN_training,0,3445200,3600,within_recorded_span_not_independently_verified
DNN_training,0,3448800,3600,within_recorded_span_not_independently_verified
DNN_training,0,3452400,3600,within_recorded_span_not_independently_verified
DNN_training,3,3456000,3600,within_recorded_span_not_independently_verified
DNN_training,1,3459600,3600,within_recorded_span_not_independently_verified
DNN_training,1,3463200,3600,within_recorded_span_not_independently_verified
DNN_training,0,3466800,3600,within_recorded_span_not_independently_verified
DNN_training,0,3470400,3600,within_recorded_span_not_independently_verified
DNN_training,0,3474000,3600,within_recorded_span_not_independently_verified
DNN_training,0,3477600,3600,within_recorded_span_not_independently_verified
DNN_training,0,3481200,3600,within_recorded_span_not_independently_verified
DNN_training,0,3484800,3600,within_recorded_span_not_independently_verified
DNN_training,0,3488400,3600,within_recorded_span_not_independently_verified
DNN_training,0,3492000,3600,within_recorded_span_not_independently_verified
DNN_training,2,3495600,3600,within_recorded_span_not_independently_verified
DNN_training,0,3499200,3600,within_recorded_span_not_independently_verified
DNN_training,0,3502800,3600,within_recorded_span_not_independently_verified
DNN_training,0,3506400,3600,within_recorded_span_not_independently_verified
DNN_training,0,3510000,3600,within_recorded_span_not_independently_verified
DNN_training,0,3513600,3600,within_recorded_span_not_independently_verified
DNN_training,0,3517200,3600,within_recorded_span_not_independently_verified
DNN_training,0,3520800,3600,within_recorded_span_not_independently_verified
DNN_training,0,3524400,3600,within_recorded_span_not_independently_verified
DNN_training,0,3528000,3600,within_recorded_span_not_independently_verified
DNN_training,0,3531600,3600,within_recorded_span_not_independently_verified
DNN_training,0,3535200,3600,within_recorded_span_not_independently_verified
DNN_training,0,3538800,3600,within_recorded_span_not_independently_verified
DNN_training,0,3542400,3600,within_recorded_span_not_independently_verified
DNN_training,0,3546000,3600,within_recorded_span_not_independently_verified
DNN_training,0,3549600,3600,within_recorded_span_not_independently_verified
DNN_training,3,3553200,3600,within_recorded_span_not_independently_verified
DNN_training,1,3556800,3600,within_recorded_span_not_independently_verified
DNN_training,0,3560400,3600,within_recorded_span_not_independently_verified
DNN_training,1,3564000,3600,within_recorded_span_not_independently_verified
DNN_training,0,3567600,3600,within_recorded_span_not_independently_verified
DNN_training,0,3571200,3600,within_recorded_span_not_independently_verified
DNN_training,0,3574800,3600,within_recorded_span_not_independently_verified
DNN_training,1,3578400,3600,within_recorded_span_not_independently_verified
DNN_training,0,3582000,3600,within_recorded_span_not_independently_verified
DNN_training,0,3585600,3600,within_recorded_span_not_independently_verified
DNN_training,0,3589200,3600,within_recorded_span_not_independently_verified
DNN_training,0,3592800,3600,within_recorded_span_not_independently_verified
DNN_training,0,3596400,3600,within_recorded_span_not_independently_verified
DNN_training,0,3600000,3600,within_recorded_span_not_independently_verified
DNN_training,0,3603600,3600,within_recorded_span_not_independently_verified
DNN_training,0,3607200,3600,within_recorded_span_not_independently_verified
DNN_training,0,3610800,3600,within_recorded_span_not_independently_verified
DNN_training,0,3614400,3600,within_recorded_span_not_independently_verified
DNN_training,0,3618000,3600,within_recorded_span_not_independently_verified
DNN_training,0,3621600,3600,within_recorded_span_not_independently_verified
DNN_training,0,3625200,3600,within_recorded_span_not_independently_verified
DNN_training,0,3628800,3600,within_recorded_span_not_independently_verified
DNN_training,0,3632400,3600,within_recorded_span_not_independently_verified
DNN_training,3,3636000,3600,within_recorded_span_not_independently_verified
DNN_training,1,3639600,3600,within_recorded_span_not_independently_verified
DNN_training,0,3643200,3600,within_recorded_span_not_independently_verified
DNN_training,2,3646800,3600,within_recorded_span_not_independently_verified
DNN_training,0,3650400,3600,within_recorded_span_not_independently_verified
DNN_training,4,3654000,3600,within_recorded_span_not_independently_verified
DNN_training,0,3657600,3600,within_recorded_span_not_independently_verified
DNN_training,0,3661200,3600,within_recorded_span_not_independently_verified
DNN_training,0,3664800,3600,within_recorded_span_not_independently_verified
DNN_training,0,3668400,3600,within_recorded_span_not_independently_verified
DNN_training,0,3672000,3600,within_recorded_span_not_independently_verified
DNN_training,1,3675600,3600,within_recorded_span_not_independently_verified
DNN_training,0,3679200,3600,within_recorded_span_not_independently_verified
DNN_training,0,3682800,3600,within_recorded_span_not_independently_verified
DNN_training,3,3686400,3600,within_recorded_span_not_independently_verified
DNN_training,1,3690000,3600,within_recorded_span_not_independently_verified
DNN_training,0,3693600,3600,within_recorded_span_not_independently_verified
DNN_training,1,3697200,3600,within_recorded_span_not_independently_verified
DNN_training,0,3700800,3600,within_recorded_span_not_independently_verified
DNN_training,0,3704400,3600,within_recorded_span_not_independently_verified
DNN_training,0,3708000,3600,within_recorded_span_not_independently_verified
DNN_training,0,3711600,3600,within_recorded_span_not_independently_verified
DNN_training,0,3715200,3600,within_recorded_span_not_independently_verified
DNN_training,1,3718800,3600,within_recorded_span_not_independently_verified
DNN_training,1,3722400,3600,within_recorded_span_not_independently_verified
DNN_training,0,3726000,3600,within_recorded_span_not_independently_verified
DNN_training,0,3729600,3600,within_recorded_span_not_independently_verified
DNN_training,3,3733200,3600,within_recorded_span_not_independently_verified
DNN_training,3,3736800,3600,within_recorded_span_not_independently_verified
DNN_training,1,3740400,3600,within_recorded_span_not_independently_verified
DNN_training,0,3744000,3600,within_recorded_span_not_independently_verified
DNN_training,0,3747600,3600,within_recorded_span_not_independently_verified
DNN_training,2,3751200,3600,within_recorded_span_not_independently_verified
DNN_training,0,3754800,3600,within_recorded_span_not_independently_verified
DNN_training,1,3758400,3600,within_recorded_span_not_independently_verified
DNN_training,0,3762000,3600,within_recorded_span_not_independently_verified
DNN_training,0,3765600,3600,within_recorded_span_not_independently_verified
DNN_training,0,3769200,3600,within_recorded_span_not_independently_verified
DNN_training,3,3772800,3600,within_recorded_span_not_independently_verified
DNN_training,0,3776400,3600,within_recorded_span_not_independently_verified
DNN_training,0,3780000,3600,within_recorded_span_not_independently_verified
DNN_training,0,3783600,3600,within_recorded_span_not_independently_verified
DNN_training,0,3787200,3600,within_recorded_span_not_independently_verified
DNN_training,2,3790800,3600,within_recorded_span_not_independently_verified
DNN_training,1,3794400,3600,within_recorded_span_not_independently_verified
DNN_training,1,3798000,3600,within_recorded_span_not_independently_verified
DNN_training,1,3801600,3600,within_recorded_span_not_independently_verified
DNN_training,0,3805200,3600,within_recorded_span_not_independently_verified
DNN_training,0,3808800,3600,within_recorded_span_not_independently_verified
DNN_training,0,3812400,3600,within_recorded_span_not_independently_verified
DNN_training,3,3816000,3600,within_recorded_span_not_independently_verified
DNN_training,0,3819600,3600,within_recorded_span_not_independently_verified
DNN_training,0,3823200,3600,within_recorded_span_not_independently_verified
DNN_training,4,3826800,3600,within_recorded_span_not_independently_verified
DNN_training,0,3830400,3600,within_recorded_span_not_independently_verified
DNN_training,2,3834000,3600,within_recorded_span_not_independently_verified
DNN_training,1,3837600,3600,within_recorded_span_not_independently_verified
DNN_training,0,3841200,3600,within_recorded_span_not_independently_verified
DNN_training,0,3844800,3600,within_recorded_span_not_independently_verified
DNN_training,0,3848400,3600,within_recorded_span_not_independently_verified
DNN_training,0,3852000,3600,within_recorded_span_not_independently_verified
DNN_training,0,3855600,3600,within_recorded_span_not_independently_verified
DNN_training,1,3859200,3600,within_recorded_span_not_independently_verified
DNN_training,1,3862800,3600,within_recorded_span_not_independently_verified
DNN_training,1,3866400,3600,within_recorded_span_not_independently_verified
DNN_training,0,3870000,3600,within_recorded_span_not_independently_verified
DNN_training,0,3873600,3600,within_recorded_span_not_independently_verified
DNN_training,0,3877200,3600,within_recorded_span_not_independently_verified
DNN_training,22,3880800,3600,within_recorded_span_not_independently_verified
DNN_training,1,3884400,3600,within_recorded_span_not_independently_verified
DNN_training,0,3888000,3600,within_recorded_span_not_independently_verified
DNN_training,0,3891600,3600,within_recorded_span_not_independently_verified
DNN_training,0,3895200,3600,within_recorded_span_not_independently_verified
DNN_training,2,3898800,3600,within_recorded_span_not_independently_verified
DNN_training,0,3902400,3600,within_recorded_span_not_independently_verified
DNN_training,0,3906000,3600,within_recorded_span_not_independently_verified
DNN_training,2,3909600,3600,within_recorded_span_not_independently_verified
DNN_training,1,3913200,3600,within_recorded_span_not_independently_verified
DNN_training,1,3916800,3600,within_recorded_span_not_independently_verified
DNN_training,0,3920400,3600,within_recorded_span_not_independently_verified
DNN_training,1,3924000,3600,within_recorded_span_not_independently_verified
DNN_training,0,3927600,3600,within_recorded_span_not_independently_verified
DNN_training,2,3931200,3600,within_recorded_span_not_independently_verified
DNN_training,0,3934800,3600,within_recorded_span_not_independently_verified
DNN_training,0,3938400,3600,within_recorded_span_not_independently_verified
DNN_training,1,3942000,3600,within_recorded_span_not_independently_verified
DNN_training,3,3945600,3600,within_recorded_span_not_independently_verified
DNN_training,1,3949200,3600,within_recorded_span_not_independently_verified
DNN_training,0,3952800,3600,within_recorded_span_not_independently_verified
DNN_training,1,3956400,3600,within_recorded_span_not_independently_verified
DNN_training,0,3960000,3600,within_recorded_span_not_independently_verified
DNN_training,0,3963600,3600,within_recorded_span_not_independently_verified
DNN_training,1,3967200,3600,within_recorded_span_not_independently_verified
DNN_training,1,3970800,3600,within_recorded_span_not_independently_verified
DNN_training,0,3974400,3600,within_recorded_span_not_independently_verified
DNN_training,0,3978000,3600,within_recorded_span_not_independently_verified
DNN_training,0,3981600,3600,within_recorded_span_not_independently_verified
DNN_training,1,3985200,3600,within_recorded_span_not_independently_verified
DNN_training,0,3988800,3600,within_recorded_span_not_independently_verified
DNN_training,0,3992400,3600,within_recorded_span_not_independently_verified
DNN_training,1,3996000,3600,within_recorded_span_not_independently_verified
DNN_training,0,3999600,3600,within_recorded_span_not_independently_verified
DNN_training,0,4003200,3600,within_recorded_span_not_independently_verified
DNN_training,1,4006800,3600,within_recorded_span_not_independently_verified
DNN_training,0,4010400,3600,within_recorded_span_not_independently_verified
DNN_training,0,4014000,3600,within_recorded_span_not_independently_verified
DNN_training,0,4017600,3600,within_recorded_span_not_independently_verified
DNN_training,0,4021200,3600,within_recorded_span_not_independently_verified
DNN_training,0,4024800,3600,within_recorded_span_not_independently_verified
DNN_training,0,4028400,3600,within_recorded_span_not_independently_verified
DNN_training,0,4032000,3600,within_recorded_span_not_independently_verified
DNN_training,3,4035600,3600,within_recorded_span_not_independently_verified
DNN_training,6,4039200,3600,within_recorded_span_not_independently_verified
DNN_training,0,4042800,3600,within_recorded_span_not_independently_verified
DNN_training,3,4046400,3600,within_recorded_span_not_independently_verified
DNN_training,5,4050000,3600,within_recorded_span_not_independently_verified
DNN_training,5,4053600,3600,within_recorded_span_not_independently_verified
DNN_training,2,4057200,3600,within_recorded_span_not_independently_verified
DNN_training,1,4060800,3600,within_recorded_span_not_independently_verified
DNN_training,1,4064400,3600,within_recorded_span_not_independently_verified
DNN_training,0,4068000,3600,within_recorded_span_not_independently_verified
DNN_training,1,4071600,3600,within_recorded_span_not_independently_verified
DNN_training,1,4075200,3600,within_recorded_span_not_independently_verified
DNN_training,0,4078800,3600,within_recorded_span_not_independently_verified
DNN_training,0,4082400,3600,within_recorded_span_not_independently_verified
DNN_training,0,4086000,3600,within_recorded_span_not_independently_verified
DNN_training,0,4089600,3600,within_recorded_span_not_independently_verified
DNN_training,1,4093200,3600,within_recorded_span_not_independently_verified
DNN_training,1,4096800,3600,within_recorded_span_not_independently_verified
DNN_training,0,4100400,3600,within_recorded_span_not_independently_verified
DNN_training,2,4104000,3600,within_recorded_span_not_independently_verified
DNN_training,0,4107600,3600,within_recorded_span_not_independently_verified
DNN_training,0,4111200,3600,within_recorded_span_not_independently_verified
DNN_training,0,4114800,3600,within_recorded_span_not_independently_verified
DNN_training,0,4118400,3600,within_recorded_span_not_independently_verified
DNN_training,0,4122000,3600,within_recorded_span_not_independently_verified
DNN_training,6,4125600,3600,within_recorded_span_not_independently_verified
DNN_training,2,4129200,3600,within_recorded_span_not_independently_verified
DNN_training,8,4132800,3600,within_recorded_span_not_independently_verified
DNN_training,0,4136400,3600,within_recorded_span_not_independently_verified
DNN_training,0,4140000,3600,within_recorded_span_not_independently_verified
DNN_training,0,4143600,3600,within_recorded_span_not_independently_verified
DNN_training,0,4147200,3600,within_recorded_span_not_independently_verified
DNN_training,0,4150800,3600,within_recorded_span_not_independently_verified
DNN_training,2,4154400,3600,within_recorded_span_not_independently_verified
DNN_training,0,4158000,3600,within_recorded_span_not_independently_verified
DNN_training,1,4161600,3600,within_recorded_span_not_independently_verified
DNN_training,1,4165200,3600,within_recorded_span_not_independently_verified
DNN_training,0,4168800,3600,within_recorded_span_not_independently_verified
DNN_training,0,4172400,3600,within_recorded_span_not_independently_verified
DNN_training,0,4176000,3600,within_recorded_span_not_independently_verified
DNN_training,0,4179600,3600,within_recorded_span_not_independently_verified
DNN_training,0,4183200,3600,within_recorded_span_not_independently_verified
DNN_training,0,4186800,3600,within_recorded_span_not_independently_verified
DNN_training,1,4190400,3600,within_recorded_span_not_independently_verified
DNN_training,1,4194000,3600,within_recorded_span_not_independently_verified
DNN_training,507,4197600,3600,within_recorded_span_not_independently_verified
DNN_training,331,4201200,3600,within_recorded_span_not_independently_verified
DNN_training,42,4204800,3600,within_recorded_span_not_independently_verified
DNN_training,15,4208400,3600,within_recorded_span_not_independently_verified
DNN_training,14,4212000,3600,within_recorded_span_not_independently_verified
DNN_training,11,4215600,3600,within_recorded_span_not_independently_verified
DNN_training,13,4219200,3600,within_recorded_span_not_independently_verified
DNN_training,17,4222800,3600,within_recorded_span_not_independently_verified
DNN_training,21,4226400,3600,within_recorded_span_not_independently_verified
DNN_training,16,4230000,3600,within_recorded_span_not_independently_verified
DNN_training,21,4233600,3600,within_recorded_span_not_independently_verified
DNN_training,104,4237200,3600,within_recorded_span_not_independently_verified
DNN_training,27,4240800,3600,within_recorded_span_not_independently_verified
DNN_training,16,4244400,3600,within_recorded_span_not_independently_verified
DNN_training,23,4248000,3600,within_recorded_span_not_independently_verified
DNN_training,127,4251600,3600,within_recorded_span_not_independently_verified
DNN_training,29,4255200,3600,within_recorded_span_not_independently_verified
DNN_training,126,4258800,3600,within_recorded_span_not_independently_verified
DNN_training,32,4262400,3600,within_recorded_span_not_independently_verified
DNN_training,111,4266000,3600,within_recorded_span_not_independently_verified
DNN_training,18,4269600,3600,within_recorded_span_not_independently_verified
DNN_training,56,4273200,3600,within_recorded_span_not_independently_verified
DNN_training,15,4276800,3600,within_recorded_span_not_independently_verified
DNN_training,11,4280400,3600,within_recorded_span_not_independently_verified
DNN_training,12,4284000,3600,within_recorded_span_not_independently_verified
DNN_training,15,4287600,3600,within_recorded_span_not_independently_verified
DNN_training,8,4291200,3600,within_recorded_span_not_independently_verified
DNN_training,43,4294800,3600,within_recorded_span_not_independently_verified
DNN_training,46,4298400,3600,within_recorded_span_not_independently_verified
DNN_training,70,4302000,3600,within_recorded_span_not_independently_verified
DNN_training,20,4305600,3600,within_recorded_span_not_independently_verified
DNN_training,39,4309200,3600,within_recorded_span_not_independently_verified
DNN_training,28,4312800,3600,within_recorded_span_not_independently_verified
DNN_training,24,4316400,3600,within_recorded_span_not_independently_verified
DNN_training,40,4320000,3600,within_recorded_span_not_independently_verified
DNN_training,26,4323600,3600,within_recorded_span_not_independently_verified
DNN_training,15,4327200,3600,within_recorded_span_not_independently_verified
DNN_training,24,4330800,3600,within_recorded_span_not_independently_verified
DNN_training,114,4334400,3600,within_recorded_span_not_independently_verified
DNN_training,26,4338000,3600,within_recorded_span_not_independently_verified
DNN_training,30,4341600,3600,within_recorded_span_not_independently_verified
DNN_training,43,4345200,3600,within_recorded_span_not_independently_verified
DNN_training,27,4348800,3600,within_recorded_span_not_independently_verified
DNN_training,13,4352400,3600,within_recorded_span_not_independently_verified
DNN_training,216,4356000,3600,within_recorded_span_not_independently_verified
DNN_training,184,4359600,3600,within_recorded_span_not_independently_verified
DNN_training,51,4363200,3600,within_recorded_span_not_independently_verified
DNN_training,143,4366800,3600,within_recorded_span_not_independently_verified
DNN_training,12,4370400,3600,within_recorded_span_not_independently_verified
DNN_training,31,4374000,3600,within_recorded_span_not_independently_verified
DNN_training,14,4377600,3600,within_recorded_span_not_independently_verified
DNN_training,15,4381200,3600,within_recorded_span_not_independently_verified
DNN_training,21,4384800,3600,within_recorded_span_not_independently_verified
DNN_training,22,4388400,3600,within_recorded_span_not_independently_verified
DNN_training,13,4392000,3600,within_recorded_span_not_independently_verified
DNN_training,40,4395600,3600,within_recorded_span_not_independently_verified
DNN_training,38,4399200,3600,within_recorded_span_not_independently_verified
DNN_training,33,4402800,3600,within_recorded_span_not_independently_verified
DNN_training,60,4406400,3600,within_recorded_span_not_independently_verified
DNN_training,111,4410000,3600,within_recorded_span_not_independently_verified
DNN_training,163,4413600,3600,within_recorded_span_not_independently_verified
DNN_training,117,4417200,3600,within_recorded_span_not_independently_verified
DNN_training,30,4420800,3600,within_recorded_span_not_independently_verified
DNN_training,14,4424400,3600,within_recorded_span_not_independently_verified
DNN_training,32,4428000,3600,within_recorded_span_not_independently_verified
DNN_training,287,4431600,3600,within_recorded_span_not_independently_verified
DNN_training,165,4435200,3600,within_recorded_span_not_independently_verified
DNN_training,108,4438800,3600,within_recorded_span_not_independently_verified
DNN_training,367,4442400,3600,within_recorded_span_not_independently_verified
DNN_training,111,4446000,3600,within_recorded_span_not_independently_verified
DNN_training,102,4449600,3600,within_recorded_span_not_independently_verified
DNN_training,19,4453200,3600,within_recorded_span_not_independently_verified
DNN_training,73,4456800,3600,within_recorded_span_not_independently_verified
DNN_training,17,4460400,3600,within_recorded_span_not_independently_verified
DNN_training,49,4464000,3600,within_recorded_span_not_independently_verified
DNN_training,72,4467600,3600,within_recorded_span_not_independently_verified
DNN_training,84,4471200,3600,within_recorded_span_not_independently_verified
DNN_training,41,4474800,3600,within_recorded_span_not_independently_verified
DNN_training,43,4478400,3600,within_recorded_span_not_independently_verified
DNN_training,45,4482000,3600,within_recorded_span_not_independently_verified
DNN_training,34,4485600,3600,within_recorded_span_not_independently_verified
DNN_training,55,4489200,3600,within_recorded_span_not_independently_verified
DNN_training,40,4492800,3600,within_recorded_span_not_independently_verified
DNN_training,79,4496400,3600,within_recorded_span_not_independently_verified
DNN_training,14,4500000,3600,within_recorded_span_not_independently_verified
DNN_training,59,4503600,3600,within_recorded_span_not_independently_verified
DNN_training,22,4507200,3600,within_recorded_span_not_independently_verified
DNN_training,18,4510800,3600,within_recorded_span_not_independently_verified
DNN_training,28,4514400,3600,within_recorded_span_not_independently_verified
DNN_training,26,4518000,3600,within_recorded_span_not_independently_verified
DNN_training,14,4521600,3600,within_recorded_span_not_independently_verified
DNN_training,23,4525200,3600,within_recorded_span_not_independently_verified
DNN_training,12,4528800,3600,within_recorded_span_not_independently_verified
DNN_training,15,4532400,3600,within_recorded_span_not_independently_verified
DNN_training,9,4536000,3600,within_recorded_span_not_independently_verified
DNN_training,14,4539600,3600,within_recorded_span_not_independently_verified
DNN_training,7,4543200,3600,within_recorded_span_not_independently_verified
DNN_training,6,4546800,3600,within_recorded_span_not_independently_verified
DNN_training,14,4550400,3600,within_recorded_span_not_independently_verified
DNN_training,11,4554000,3600,within_recorded_span_not_independently_verified
DNN_training,14,4557600,3600,within_recorded_span_not_independently_verified
DNN_training,79,4561200,3600,within_recorded_span_not_independently_verified
DNN_training,14,4564800,3600,within_recorded_span_not_independently_verified
DNN_training,30,4568400,3600,within_recorded_span_not_independently_verified
DNN_training,33,4572000,3600,within_recorded_span_not_independently_verified
DNN_training,30,4575600,3600,within_recorded_span_not_independently_verified
DNN_training,16,4579200,3600,within_recorded_span_not_independently_verified
DNN_training,42,4582800,3600,within_recorded_span_not_independently_verified
DNN_training,27,4586400,3600,within_recorded_span_not_independently_verified
DNN_training,30,4590000,3600,within_recorded_span_not_independently_verified
DNN_training,18,4593600,3600,within_recorded_span_not_independently_verified
DNN_training,26,4597200,3600,within_recorded_span_not_independently_verified
DNN_training,43,4600800,3600,within_recorded_span_not_independently_verified
DNN_training,22,4604400,3600,within_recorded_span_not_independently_verified
DNN_training,28,4608000,3600,within_recorded_span_not_independently_verified
DNN_training,14,4611600,3600,within_recorded_span_not_independently_verified
DNN_training,72,4615200,3600,within_recorded_span_not_independently_verified
DNN_training,196,4618800,3600,within_recorded_span_not_independently_verified
DNN_training,369,4622400,3600,within_recorded_span_not_independently_verified
DNN_training,145,4626000,3600,within_recorded_span_not_independently_verified
DNN_training,18,4629600,3600,within_recorded_span_not_independently_verified
DNN_training,10,4633200,3600,within_recorded_span_not_independently_verified
DNN_training,27,4636800,3600,within_recorded_span_not_independently_verified
DNN_training,38,4640400,3600,within_recorded_span_not_independently_verified
DNN_training,33,4644000,3600,within_recorded_span_not_independently_verified
DNN_training,178,4647600,3600,within_recorded_span_not_independently_verified
DNN_training,105,4651200,3600,within_recorded_span_not_independently_verified
DNN_training,43,4654800,3600,within_recorded_span_not_independently_verified
DNN_training,16,4658400,3600,within_recorded_span_not_independently_verified
DNN_training,28,4662000,3600,within_recorded_span_not_independently_verified
DNN_training,28,4665600,3600,within_recorded_span_not_independently_verified
DNN_training,28,4669200,3600,within_recorded_span_not_independently_verified
DNN_training,42,4672800,3600,within_recorded_span_not_independently_verified
DNN_training,21,4676400,3600,within_recorded_span_not_independently_verified
DNN_training,13,4680000,3600,within_recorded_span_not_independently_verified
DNN_training,21,4683600,3600,within_recorded_span_not_independently_verified
DNN_training,25,4687200,3600,within_recorded_span_not_independently_verified
DNN_training,34,4690800,3600,within_recorded_span_not_independently_verified
DNN_training,26,4694400,3600,within_recorded_span_not_independently_verified
DNN_training,20,4698000,3600,within_recorded_span_not_independently_verified
DNN_training,8,4701600,3600,within_recorded_span_not_independently_verified
DNN_training,9,4705200,3600,within_recorded_span_not_independently_verified
DNN_training,9,4708800,3600,within_recorded_span_not_independently_verified
DNN_training,6,4712400,3600,within_recorded_span_not_independently_verified
DNN_training,8,4716000,3600,within_recorded_span_not_independently_verified
DNN_training,22,4719600,3600,within_recorded_span_not_independently_verified
DNN_training,10,4723200,3600,within_recorded_span_not_independently_verified
DNN_training,24,4726800,3600,within_recorded_span_not_independently_verified
DNN_training,8,4730400,3600,within_recorded_span_not_independently_verified
DNN_training,11,4734000,3600,within_recorded_span_not_independently_verified
DNN_training,10,4737600,3600,within_recorded_span_not_independently_verified
DNN_training,27,4741200,3600,within_recorded_span_not_independently_verified
DNN_training,12,4744800,3600,within_recorded_span_not_independently_verified
DNN_training,45,4748400,3600,within_recorded_span_not_independently_verified
DNN_training,151,4752000,3600,within_recorded_span_not_independently_verified
DNN_training,7,4755600,3600,within_recorded_span_not_independently_verified
DNN_training,7,4759200,3600,within_recorded_span_not_independently_verified
DNN_training,9,4762800,3600,within_recorded_span_not_independently_verified
DNN_training,12,4766400,3600,within_recorded_span_not_independently_verified
DNN_training,14,4770000,3600,within_recorded_span_not_independently_verified
DNN_training,8,4773600,3600,within_recorded_span_not_independently_verified
DNN_training,39,4777200,3600,within_recorded_span_not_independently_verified
DNN_training,29,4780800,3600,within_recorded_span_not_independently_verified
DNN_training,9,4784400,3600,within_recorded_span_not_independently_verified
DNN_training,10,4788000,3600,within_recorded_span_not_independently_verified
DNN_training,8,4791600,3600,within_recorded_span_not_independently_verified
DNN_training,7,4795200,3600,within_recorded_span_not_independently_verified
DNN_training,12,4798800,3600,within_recorded_span_not_independently_verified
DNN_training,11,4802400,3600,within_recorded_span_not_independently_verified
DNN_training,13,4806000,3600,within_recorded_span_not_independently_verified
DNN_training,10,4809600,3600,within_recorded_span_not_independently_verified
DNN_training,12,4813200,3600,within_recorded_span_not_independently_verified
DNN_training,24,4816800,3600,within_recorded_span_not_independently_verified
DNN_training,9,4820400,3600,within_recorded_span_not_independently_verified
DNN_training,10,4824000,3600,within_recorded_span_not_independently_verified
DNN_training,18,4827600,3600,within_recorded_span_not_independently_verified
DNN_training,9,4831200,3600,within_recorded_span_not_independently_verified
DNN_training,11,4834800,3600,within_recorded_span_not_independently_verified
DNN_training,19,4838400,3600,within_recorded_span_not_independently_verified
DNN_training,11,4842000,3600,within_recorded_span_not_independently_verified
DNN_training,9,4845600,3600,within_recorded_span_not_independently_verified
DNN_training,12,4849200,3600,within_recorded_span_not_independently_verified
DNN_training,27,4852800,3600,within_recorded_span_not_independently_verified
DNN_training,21,4856400,3600,within_recorded_span_not_independently_verified
DNN_training,385,4860000,3600,within_recorded_span_not_independently_verified
DNN_training,336,4863600,3600,within_recorded_span_not_independently_verified
DNN_training,241,4867200,3600,within_recorded_span_not_independently_verified
DNN_training,22,4870800,3600,within_recorded_span_not_independently_verified
DNN_training,110,4874400,3600,within_recorded_span_not_independently_verified
DNN_training,12,4878000,3600,within_recorded_span_not_independently_verified
DNN_training,11,4881600,3600,within_recorded_span_not_independently_verified
DNN_training,17,4885200,3600,within_recorded_span_not_independently_verified
DNN_training,18,4888800,3600,within_recorded_span_not_independently_verified
DNN_training,17,4892400,3600,within_recorded_span_not_independently_verified
DNN_training,19,4896000,3600,within_recorded_span_not_independently_verified
DNN_training,33,4899600,3600,within_recorded_span_not_independently_verified
DNN_training,35,4903200,3600,within_recorded_span_not_independently_verified
DNN_training,83,4906800,3600,within_recorded_span_not_independently_verified
DNN_training,37,4910400,3600,within_recorded_span_not_independently_verified
DNN_training,18,4914000,3600,within_recorded_span_not_independently_verified
DNN_training,25,4917600,3600,within_recorded_span_not_independently_verified
DNN_training,53,4921200,3600,within_recorded_span_not_independently_verified
DNN_training,77,4924800,3600,within_recorded_span_not_independently_verified
DNN_training,25,4928400,3600,within_recorded_span_not_independently_verified
DNN_training,20,4932000,3600,within_recorded_span_not_independently_verified
DNN_training,13,4935600,3600,within_recorded_span_not_independently_verified
DNN_training,9,4939200,3600,within_recorded_span_not_independently_verified
DNN_training,10,4942800,3600,within_recorded_span_not_independently_verified
DNN_training,13,4946400,3600,within_recorded_span_not_independently_verified
DNN_training,37,4950000,3600,within_recorded_span_not_independently_verified
DNN_training,22,4953600,3600,within_recorded_span_not_independently_verified
DNN_training,12,4957200,3600,within_recorded_span_not_independently_verified
DNN_training,13,4960800,3600,within_recorded_span_not_independently_verified
DNN_training,6,4964400,3600,within_recorded_span_not_independently_verified
DNN_training,24,4968000,3600,within_recorded_span_not_independently_verified
DNN_training,10,4971600,3600,within_recorded_span_not_independently_verified
DNN_training,13,4975200,3600,within_recorded_span_not_independently_verified
DNN_training,19,4978800,3600,within_recorded_span_not_independently_verified
DNN_training,20,4982400,3600,within_recorded_span_not_independently_verified
DNN_training,51,4986000,3600,within_recorded_span_not_independently_verified
DNN_training,35,4989600,3600,within_recorded_span_not_independently_verified
DNN_training,14,4993200,3600,within_recorded_span_not_independently_verified
DNN_training,23,4996800,3600,within_recorded_span_not_independently_verified
DNN_training,36,5000400,3600,within_recorded_span_not_independently_verified
DNN_training,81,5004000,3600,within_recorded_span_not_independently_verified
DNN_training,152,5007600,3600,within_recorded_span_not_independently_verified
DNN_training,541,5011200,3600,within_recorded_span_not_independently_verified
DNN_training,395,5014800,3600,within_recorded_span_not_independently_verified
DNN_training,86,5018400,3600,within_recorded_span_not_independently_verified
DNN_training,52,5022000,3600,within_recorded_span_not_independently_verified
DNN_training,22,5025600,3600,within_recorded_span_not_independently_verified
DNN_training,24,5029200,3600,within_recorded_span_not_independently_verified
DNN_training,45,5032800,3600,within_recorded_span_not_independently_verified
DNN_training,23,5036400,3600,within_recorded_span_not_independently_verified
DNN_training,44,5040000,3600,within_recorded_span_not_independently_verified
DNN_training,14,5043600,3600,within_recorded_span_not_independently_verified
DNN_training,17,5047200,3600,within_recorded_span_not_independently_verified
DNN_training,7,5050800,3600,within_recorded_span_not_independently_verified
DNN_training,18,5054400,3600,within_recorded_span_not_independently_verified
DNN_training,21,5058000,3600,within_recorded_span_not_independently_verified
DNN_training,19,5061600,3600,within_recorded_span_not_independently_verified
DNN_training,18,5065200,3600,within_recorded_span_not_independently_verified
DNN_training,36,5068800,3600,within_recorded_span_not_independently_verified
DNN_training,28,5072400,3600,within_recorded_span_not_independently_verified
DNN_training,42,5076000,3600,within_recorded_span_not_independently_verified
DNN_training,11,5079600,3600,within_recorded_span_not_independently_verified
DNN_training,31,5083200,3600,within_recorded_span_not_independently_verified
DNN_training,387,5086800,3600,within_recorded_span_not_independently_verified
DNN_training,513,5090400,3600,within_recorded_span_not_independently_verified
DNN_training,305,5094000,3600,within_recorded_span_not_independently_verified
DNN_training,540,5097600,3600,within_recorded_span_not_independently_verified
DNN_training,224,5101200,3600,within_recorded_span_not_independently_verified
DNN_training,173,5104800,3600,within_recorded_span_not_independently_verified
DNN_training,264,5108400,3600,within_recorded_span_not_independently_verified
DNN_training,14,5112000,3600,within_recorded_span_not_independently_verified
DNN_training,391,5115600,3600,within_recorded_span_not_independently_verified
DNN_training,449,5119200,3600,within_recorded_span_not_independently_verified
DNN_training,244,5122800,3600,within_recorded_span_not_independently_verified
DNN_training,24,5126400,3600,within_recorded_span_not_independently_verified
DNN_training,41,5130000,3600,within_recorded_span_not_independently_verified
DNN_training,222,5133600,3600,within_recorded_span_not_independently_verified
DNN_training,98,5137200,3600,within_recorded_span_not_independently_verified
DNN_training,11,5140800,3600,within_recorded_span_not_independently_verified
DNN_training,12,5144400,3600,within_recorded_span_not_independently_verified
DNN_training,34,5148000,3600,within_recorded_span_not_independently_verified
DNN_training,24,5151600,3600,within_recorded_span_not_independently_verified
DNN_training,18,5155200,3600,within_recorded_span_not_independently_verified
DNN_training,46,5158800,3600,within_recorded_span_not_independently_verified
DNN_training,50,5162400,3600,within_recorded_span_not_independently_verified
DNN_training,23,5166000,3600,within_recorded_span_not_independently_verified
DNN_training,33,5169600,3600,within_recorded_span_not_independently_verified
DNN_training,44,5173200,3600,within_recorded_span_not_independently_verified
DNN_training,129,5176800,3600,within_recorded_span_not_independently_verified
DNN_training,388,5180400,3600,within_recorded_span_not_independently_verified
DNN_training,449,5184000,3600,within_recorded_span_not_independently_verified
DNN_training,373,5187600,3600,within_recorded_span_not_independently_verified
DNN_training,399,5191200,3600,within_recorded_span_not_independently_verified
DNN_training,211,5194800,3600,within_recorded_span_not_independently_verified
DNN_training,20,5198400,3600,within_recorded_span_not_independently_verified
DNN_training,116,5202000,3600,within_recorded_span_not_independently_verified
DNN_training,13,5205600,3600,within_recorded_span_not_independently_verified
DNN_training,28,5209200,3600,within_recorded_span_not_independently_verified
DNN_training,19,5212800,3600,within_recorded_span_not_independently_verified
DNN_training,16,5216400,3600,within_recorded_span_not_independently_verified
DNN_training,9,5220000,3600,within_recorded_span_not_independently_verified
DNN_training,8,5223600,3600,within_recorded_span_not_independently_verified
DNN_training,10,5227200,3600,within_recorded_span_not_independently_verified
DNN_training,16,5230800,3600,within_recorded_span_not_independently_verified
DNN_training,43,5234400,3600,within_recorded_span_not_independently_verified
DNN_training,103,5238000,3600,within_recorded_span_not_independently_verified
DNN_training,38,5241600,3600,within_recorded_span_not_independently_verified
DNN_training,41,5245200,3600,within_recorded_span_not_independently_verified
DNN_training,66,5248800,3600,within_recorded_span_not_independently_verified
DNN_training,371,5252400,3600,within_recorded_span_not_independently_verified
DNN_training,653,5256000,3600,within_recorded_span_not_independently_verified
DNN_training,100,5259600,3600,within_recorded_span_not_independently_verified
DNN_training,47,5263200,3600,within_recorded_span_not_independently_verified
DNN_training,26,5266800,3600,within_recorded_span_not_independently_verified
DNN_training,23,5270400,3600,within_recorded_span_not_independently_verified
DNN_training,17,5274000,3600,within_recorded_span_not_independently_verified
DNN_training,20,5277600,3600,within_recorded_span_not_independently_verified
DNN_training,28,5281200,3600,within_recorded_span_not_independently_verified
DNN_training,10,5284800,3600,within_recorded_span_not_independently_verified
DNN_training,14,5288400,3600,within_recorded_span_not_independently_verified
DNN_training,11,5292000,3600,within_recorded_span_not_independently_verified
DNN_training,31,5295600,3600,within_recorded_span_not_independently_verified
DNN_training,21,5299200,3600,within_recorded_span_not_independently_verified
DNN_training,11,5302800,3600,within_recorded_span_not_independently_verified
DNN_training,6,5306400,3600,within_recorded_span_not_independently_verified
DNN_training,9,5310000,3600,within_recorded_span_not_independently_verified
DNN_training,12,5313600,3600,within_recorded_span_not_independently_verified
DNN_training,15,5317200,3600,within_recorded_span_not_independently_verified
DNN_training,11,5320800,3600,within_recorded_span_not_independently_verified
DNN_training,43,5324400,3600,within_recorded_span_not_independently_verified
DNN_training,111,5328000,3600,within_recorded_span_not_independently_verified
DNN_training,8,5331600,3600,within_recorded_span_not_independently_verified
DNN_training,10,5335200,3600,within_recorded_span_not_independently_verified
DNN_training,7,5338800,3600,within_recorded_span_not_independently_verified
DNN_training,6,5342400,3600,within_recorded_span_not_independently_verified
DNN_training,9,5346000,3600,within_recorded_span_not_independently_verified
DNN_training,9,5349600,3600,within_recorded_span_not_independently_verified
DNN_training,10,5353200,3600,within_recorded_span_not_independently_verified
DNN_training,7,5356800,3600,within_recorded_span_not_independently_verified
DNN_training,133,5360400,3600,within_recorded_span_not_independently_verified
DNN_training,58,5364000,3600,within_recorded_span_not_independently_verified
DNN_training,8,5367600,3600,within_recorded_span_not_independently_verified
DNN_training,7,5371200,3600,within_recorded_span_not_independently_verified
DNN_training,15,5374800,3600,within_recorded_span_not_independently_verified
DNN_training,52,5378400,3600,within_recorded_span_not_independently_verified
DNN_training,299,5382000,3600,within_recorded_span_not_independently_verified
DNN_training,30,5385600,3600,within_recorded_span_not_independently_verified
DNN_training,10,5389200,3600,within_recorded_span_not_independently_verified
DNN_training,6,5392800,3600,within_recorded_span_not_independently_verified
DNN_training,6,5396400,3600,within_recorded_span_not_independently_verified
DNN_training,170,5400000,3600,within_recorded_span_not_independently_verified
DNN_training,8,5403600,3600,within_recorded_span_not_independently_verified
DNN_training,6,5407200,3600,within_recorded_span_not_independently_verified
DNN_training,164,5410800,3600,within_recorded_span_not_independently_verified
DNN_training,292,5414400,3600,within_recorded_span_not_independently_verified
DNN_training,112,5418000,3600,within_recorded_span_not_independently_verified
DNN_training,16,5421600,3600,within_recorded_span_not_independently_verified
DNN_training,6,5425200,3600,within_recorded_span_not_independently_verified
DNN_training,11,5428800,3600,within_recorded_span_not_independently_verified
DNN_training,7,5432400,3600,within_recorded_span_not_independently_verified
DNN_training,16,5436000,3600,within_recorded_span_not_independently_verified
DNN_training,26,5439600,3600,within_recorded_span_not_independently_verified
DNN_training,10,5443200,3600,within_recorded_span_not_independently_verified
DNN_training,141,5446800,3600,within_recorded_span_not_independently_verified
DNN_training,297,5450400,3600,within_recorded_span_not_independently_verified
DNN_training,76,5454000,3600,within_recorded_span_not_independently_verified
DNN_training,136,5457600,3600,within_recorded_span_not_independently_verified
DNN_training,326,5461200,3600,within_recorded_span_not_independently_verified
DNN_training,155,5464800,3600,within_recorded_span_not_independently_verified
DNN_training,42,5468400,3600,within_recorded_span_not_independently_verified
DNN_training,32,5472000,3600,within_recorded_span_not_independently_verified
DNN_training,37,5475600,3600,within_recorded_span_not_independently_verified
DNN_training,17,5479200,3600,within_recorded_span_not_independently_verified
DNN_training,7,5482800,3600,within_recorded_span_not_independently_verified
DNN_training,22,5486400,3600,within_recorded_span_not_independently_verified
DNN_training,35,5490000,3600,within_recorded_span_not_independently_verified
DNN_training,27,5493600,3600,within_recorded_span_not_independently_verified
DNN_training,9,5497200,3600,within_recorded_span_not_independently_verified
DNN_training,28,5500800,3600,within_recorded_span_not_independently_verified
DNN_training,11,5504400,3600,within_recorded_span_not_independently_verified
DNN_training,53,5508000,3600,within_recorded_span_not_independently_verified
DNN_training,18,5511600,3600,within_recorded_span_not_independently_verified
DNN_training,24,5515200,3600,within_recorded_span_not_independently_verified
DNN_training,22,5518800,3600,within_recorded_span_not_independently_verified
DNN_training,27,5522400,3600,within_recorded_span_not_independently_verified
DNN_training,63,5526000,3600,within_recorded_span_not_independently_verified
DNN_training,71,5529600,3600,within_recorded_span_not_independently_verified
DNN_training,440,5533200,3600,within_recorded_span_not_independently_verified
DNN_training,297,5536800,3600,within_recorded_span_not_independently_verified
DNN_training,282,5540400,3600,within_recorded_span_not_independently_verified
DNN_training,18,5544000,3600,within_recorded_span_not_independently_verified
DNN_training,63,5547600,3600,within_recorded_span_not_independently_verified
DNN_training,308,5551200,3600,within_recorded_span_not_independently_verified
DNN_training,285,5554800,3600,within_recorded_span_not_independently_verified
DNN_training,224,5558400,3600,within_recorded_span_not_independently_verified
DNN_training,245,5562000,3600,within_recorded_span_not_independently_verified
DNN_training,54,5565600,3600,within_recorded_span_not_independently_verified
DNN_training,94,5569200,3600,within_recorded_span_not_independently_verified
DNN_training,37,5572800,3600,within_recorded_span_not_independently_verified
DNN_training,21,5576400,3600,within_recorded_span_not_independently_verified
DNN_training,11,5580000,3600,within_recorded_span_not_independently_verified
DNN_training,13,5583600,3600,within_recorded_span_not_independently_verified
DNN_training,22,5587200,3600,within_recorded_span_not_independently_verified
DNN_training,21,5590800,3600,within_recorded_span_not_independently_verified
DNN_training,67,5594400,3600,within_recorded_span_not_independently_verified
DNN_training,21,5598000,3600,within_recorded_span_not_independently_verified
DNN_training,44,5601600,3600,within_recorded_span_not_independently_verified
DNN_training,46,5605200,3600,within_recorded_span_not_independently_verified
DNN_training,19,5608800,3600,within_recorded_span_not_independently_verified
DNN_training,181,5612400,3600,within_recorded_span_not_independently_verified
DNN_training,95,5616000,3600,within_recorded_span_not_independently_verified
DNN_training,23,5619600,3600,within_recorded_span_not_independently_verified
DNN_training,36,5623200,3600,within_recorded_span_not_independently_verified
DNN_training,18,5626800,3600,within_recorded_span_not_independently_verified
DNN_training,224,5630400,3600,within_recorded_span_not_independently_verified
DNN_training,172,5634000,3600,within_recorded_span_not_independently_verified
DNN_training,168,5637600,3600,within_recorded_span_not_independently_verified
DNN_training,529,5641200,3600,within_recorded_span_not_independently_verified
DNN_training,118,5644800,3600,within_recorded_span_not_independently_verified
DNN_training,35,5648400,3600,within_recorded_span_not_independently_verified
DNN_training,92,5652000,3600,within_recorded_span_not_independently_verified
DNN_training,291,5655600,3600,within_recorded_span_not_independently_verified
DNN_training,13,5659200,3600,within_recorded_span_not_independently_verified
DNN_training,12,5662800,3600,within_recorded_span_not_independently_verified
DNN_training,14,5666400,3600,within_recorded_span_not_independently_verified
DNN_training,20,5670000,3600,within_recorded_span_not_independently_verified
DNN_training,26,5673600,3600,within_recorded_span_not_independently_verified
DNN_training,129,5677200,3600,within_recorded_span_not_independently_verified
DNN_training,232,5680800,3600,within_recorded_span_not_independently_verified
DNN_training,121,5684400,3600,within_recorded_span_not_independently_verified
DNN_training,52,5688000,3600,within_recorded_span_not_independently_verified
DNN_training,270,5691600,3600,within_recorded_span_not_independently_verified
DNN_training,231,5695200,3600,within_recorded_span_not_independently_verified
DNN_training,344,5698800,3600,within_recorded_span_not_independently_verified
DNN_training,261,5702400,3600,within_recorded_span_not_independently_verified
DNN_training,167,5706000,3600,within_recorded_span_not_independently_verified
DNN_training,9,5709600,3600,within_recorded_span_not_independently_verified
DNN_training,2,5713200,3600,within_recorded_span_not_independently_verified
DNN_training,1,5716800,3600,within_recorded_span_not_independently_verified
DNN_training,62,5720400,3600,within_recorded_span_not_independently_verified
DNN_training,231,5724000,3600,within_recorded_span_not_independently_verified
DNN_training,432,5727600,3600,within_recorded_span_not_independently_verified
DNN_training,399,5731200,3600,within_recorded_span_not_independently_verified
DNN_training,237,5734800,3600,within_recorded_span_not_independently_verified
DNN_training,188,5738400,3600,within_recorded_span_not_independently_verified
DNN_training,112,5742000,3600,within_recorded_span_not_independently_verified
DNN_training,196,5745600,3600,within_recorded_span_not_independently_verified
DNN_training,5,5749200,3600,within_recorded_span_not_independently_verified
DNN_training,6,5752800,3600,within_recorded_span_not_independently_verified
DNN_training,15,5756400,3600,within_recorded_span_not_independently_verified
DNN_training,49,5760000,3600,within_recorded_span_not_independently_verified
DNN_training,121,5763600,3600,within_recorded_span_not_independently_verified
DNN_training,60,5767200,3600,within_recorded_span_not_independently_verified
DNN_training,13,5770800,3600,within_recorded_span_not_independently_verified
DNN_training,185,5774400,3600,within_recorded_span_not_independently_verified
DNN_training,192,5778000,3600,within_recorded_span_not_independently_verified
DNN_training,142,5781600,3600,within_recorded_span_not_independently_verified
DNN_training,411,5785200,3600,within_recorded_span_not_independently_verified
DNN_training,205,5788800,3600,within_recorded_span_not_independently_verified
DNN_training,24,5792400,3600,within_recorded_span_not_independently_verified
DNN_training,62,5796000,3600,within_recorded_span_not_independently_verified
DNN_training,48,5799600,3600,within_recorded_span_not_independently_verified
DNN_training,49,5803200,3600,within_recorded_span_not_independently_verified
DNN_training,382,5806800,3600,within_recorded_span_not_independently_verified
DNN_training,263,5810400,3600,within_recorded_span_not_independently_verified
DNN_training,309,5814000,3600,within_recorded_span_not_independently_verified
DNN_training,55,5817600,3600,within_recorded_span_not_independently_verified
DNN_training,194,5821200,3600,within_recorded_span_not_independently_verified
DNN_training,28,5824800,3600,within_recorded_span_not_independently_verified
DNN_training,21,5828400,3600,within_recorded_span_not_independently_verified
DNN_training,18,5832000,3600,within_recorded_span_not_independently_verified
DNN_training,11,5835600,3600,within_recorded_span_not_independently_verified
DNN_training,14,5839200,3600,within_recorded_span_not_independently_verified
DNN_training,13,5842800,3600,within_recorded_span_not_independently_verified
DNN_training,28,5846400,3600,within_recorded_span_not_independently_verified
DNN_training,118,5850000,3600,within_recorded_span_not_independently_verified
DNN_training,40,5853600,3600,within_recorded_span_not_independently_verified
DNN_training,28,5857200,3600,within_recorded_span_not_independently_verified
DNN_training,44,5860800,3600,within_recorded_span_not_independently_verified
DNN_training,26,5864400,3600,within_recorded_span_not_independently_verified
DNN_training,294,5868000,3600,within_recorded_span_not_independently_verified
DNN_training,19,5871600,3600,within_recorded_span_not_independently_verified
DNN_training,28,5875200,3600,within_recorded_span_not_independently_verified
DNN_training,14,5878800,3600,within_recorded_span_not_independently_verified
DNN_training,25,5882400,3600,within_recorded_span_not_independently_verified
DNN_training,15,5886000,3600,within_recorded_span_not_independently_verified
DNN_training,9,5889600,3600,within_recorded_span_not_independently_verified
DNN_training,17,5893200,3600,within_recorded_span_not_independently_verified
DNN_training,35,5896800,3600,within_recorded_span_not_independently_verified
DNN_training,103,5900400,3600,within_recorded_span_not_independently_verified
DNN_training,8,5904000,3600,within_recorded_span_not_independently_verified
DNN_training,13,5907600,3600,within_recorded_span_not_independently_verified
DNN_training,15,5911200,3600,within_recorded_span_not_independently_verified
DNN_training,8,5914800,3600,within_recorded_span_not_independently_verified
DNN_training,434,5918400,3600,within_recorded_span_not_independently_verified
DNN_training,340,5922000,3600,within_recorded_span_not_independently_verified
DNN_training,245,5925600,3600,within_recorded_span_not_independently_verified
DNN_training,15,5929200,3600,within_recorded_span_not_independently_verified
DNN_training,146,5932800,3600,within_recorded_span_not_independently_verified
DNN_training,44,5936400,3600,within_recorded_span_not_independently_verified
DNN_training,8,5940000,3600,within_recorded_span_not_independently_verified
DNN_training,19,5943600,3600,within_recorded_span_not_independently_verified
DNN_training,105,5947200,3600,within_recorded_span_not_independently_verified
DNN_training,74,5950800,3600,within_recorded_span_not_independently_verified
DNN_training,7,5954400,3600,within_recorded_span_not_independently_verified
DNN_training,162,5958000,3600,within_recorded_span_not_independently_verified
DNN_training,14,5961600,3600,within_recorded_span_not_independently_verified
DNN_training,33,5965200,3600,within_recorded_span_not_independently_verified
DNN_training,11,5968800,3600,within_recorded_span_not_independently_verified
DNN_training,19,5972400,3600,within_recorded_span_not_independently_verified
DNN_training,22,5976000,3600,within_recorded_span_not_independently_verified
DNN_training,38,5979600,3600,within_recorded_span_not_independently_verified
DNN_training,71,5983200,3600,within_recorded_span_not_independently_verified
DNN_training,20,5986800,3600,within_recorded_span_not_independently_verified
DNN_training,18,5990400,3600,within_recorded_span_not_independently_verified
DNN_training,9,5994000,3600,within_recorded_span_not_independently_verified
DNN_training,9,5997600,3600,within_recorded_span_not_independently_verified
DNN_training,8,6001200,3600,within_recorded_span_not_independently_verified
DNN_training,7,6004800,3600,within_recorded_span_not_independently_verified
DNN_training,15,6008400,3600,within_recorded_span_not_independently_verified
DNN_training,13,6012000,3600,within_recorded_span_not_independently_verified
DNN_training,15,6015600,3600,within_recorded_span_not_independently_verified
DNN_training,20,6019200,3600,within_recorded_span_not_independently_verified
DNN_training,23,6022800,3600,within_recorded_span_not_independently_verified
DNN_training,21,6026400,3600,within_recorded_span_not_independently_verified
DNN_training,25,6030000,3600,within_recorded_span_not_independently_verified
DNN_training,15,6033600,3600,within_recorded_span_not_independently_verified
DNN_training,30,6037200,3600,within_recorded_span_not_independently_verified
DNN_training,8,6040800,3600,within_recorded_span_not_independently_verified
DNN_training,20,6044400,3600,within_recorded_span_not_independently_verified
DNN_training,12,6048000,3600,within_recorded_span_not_independently_verified
DNN_training,65,6051600,3600,within_recorded_span_not_independently_verified
DNN_training,88,6055200,3600,within_recorded_span_not_independently_verified
DNN_training,77,6058800,3600,within_recorded_span_not_independently_verified
DNN_training,283,6062400,3600,within_recorded_span_not_independently_verified
DNN_training,72,6066000,3600,within_recorded_span_not_independently_verified
DNN_training,137,6069600,3600,within_recorded_span_not_independently_verified
DNN_training,27,6073200,3600,within_recorded_span_not_independently_verified
DNN_training,49,6076800,3600,within_recorded_span_not_independently_verified
DNN_training,49,6080400,3600,within_recorded_span_not_independently_verified
DNN_training,26,6084000,3600,within_recorded_span_not_independently_verified
DNN_training,28,6087600,3600,within_recorded_span_not_independently_verified
DNN_training,13,6091200,3600,within_recorded_span_not_independently_verified
DNN_training,10,6094800,3600,within_recorded_span_not_independently_verified
DNN_training,15,6098400,3600,within_recorded_span_not_independently_verified
DNN_training,20,6102000,3600,within_recorded_span_not_independently_verified
DNN_training,54,6105600,3600,within_recorded_span_not_independently_verified
DNN_training,44,6109200,3600,within_recorded_span_not_independently_verified
DNN_training,44,6112800,3600,within_recorded_span_not_independently_verified
DNN_training,67,6116400,3600,within_recorded_span_not_independently_verified
DNN_training,362,6120000,3600,within_recorded_span_not_independently_verified
DNN_training,225,6123600,3600,within_recorded_span_not_independently_verified
DNN_training,280,6127200,3600,within_recorded_span_not_independently_verified
DNN_training,55,6130800,3600,within_recorded_span_not_independently_verified
DNN_training,267,6134400,3600,within_recorded_span_not_independently_verified
DNN_training,156,6138000,3600,within_recorded_span_not_independently_verified
DNN_training,371,6141600,3600,within_recorded_span_not_independently_verified
DNN_training,29,6145200,3600,within_recorded_span_not_independently_verified
DNN_training,84,6148800,3600,within_recorded_span_not_independently_verified
DNN_training,55,6152400,3600,within_recorded_span_not_independently_verified
DNN_training,202,6156000,3600,within_recorded_span_not_independently_verified
DNN_training,336,6159600,3600,within_recorded_span_not_independently_verified
DNN_training,193,6163200,3600,within_recorded_span_not_independently_verified
DNN_training,149,6166800,3600,within_recorded_span_not_independently_verified
DNN_training,273,6170400,3600,within_recorded_span_not_independently_verified
DNN_training,152,6174000,3600,within_recorded_span_not_independently_verified
DNN_training,136,6177600,3600,within_recorded_span_not_independently_verified
DNN_training,31,6181200,3600,within_recorded_span_not_independently_verified
DNN_training,183,6184800,3600,within_recorded_span_not_independently_verified
DNN_training,29,6188400,3600,within_recorded_span_not_independently_verified
DNN_training,124,6192000,3600,within_recorded_span_not_independently_verified
DNN_training,161,6195600,3600,within_recorded_span_not_independently_verified
DNN_training,36,6199200,3600,within_recorded_span_not_independently_verified
DNN_training,27,6202800,3600,within_recorded_span_not_independently_verified
DNN_training,35,6206400,3600,within_recorded_span_not_independently_verified
DNN_training,31,6210000,3600,within_recorded_span_not_independently_verified
DNN_training,89,6213600,3600,within_recorded_span_not_independently_verified
DNN_training,125,6217200,3600,within_recorded_span_not_independently_verified
DNN_training,276,6220800,3600,within_recorded_span_not_independently_verified
DNN_training,202,6224400,3600,within_recorded_span_not_independently_verified
DNN_training,133,6228000,3600,within_recorded_span_not_independently_verified
DNN_training,26,6231600,3600,within_recorded_span_not_independently_verified
DNN_training,120,6235200,3600,within_recorded_span_not_independently_verified
DNN_training,325,6238800,3600,within_recorded_span_not_independently_verified
DNN_training,37,6242400,3600,within_recorded_span_not_independently_verified
DNN_training,27,6246000,3600,within_recorded_span_not_independently_verified
DNN_training,26,6249600,3600,within_recorded_span_not_independently_verified
DNN_training,20,6253200,3600,within_recorded_span_not_independently_verified
DNN_training,21,6256800,3600,within_recorded_span_not_independently_verified
DNN_training,26,6260400,3600,within_recorded_span_not_independently_verified
DNN_training,12,6264000,3600,within_recorded_span_not_independently_verified
DNN_training,105,6267600,3600,within_recorded_span_not_independently_verified
DNN_training,14,6271200,3600,within_recorded_span_not_independently_verified
DNN_training,14,6274800,3600,within_recorded_span_not_independently_verified
DNN_training,56,6278400,3600,within_recorded_span_not_independently_verified
DNN_training,26,6282000,3600,within_recorded_span_not_independently_verified
DNN_training,209,6285600,3600,within_recorded_span_not_independently_verified
DNN_training,27,6289200,3600,within_recorded_span_not_independently_verified
DNN_training,139,6292800,3600,within_recorded_span_not_independently_verified
DNN_training,20,6296400,3600,within_recorded_span_not_independently_verified
DNN_training,88,6300000,3600,within_recorded_span_not_independently_verified
DNN_training,143,6303600,3600,within_recorded_span_not_independently_verified
DNN_training,75,6307200,3600,within_recorded_span_not_independently_verified
DNN_training,33,6310800,3600,within_recorded_span_not_independently_verified
DNN_training,135,6314400,3600,within_recorded_span_not_independently_verified
DNN_training,52,6318000,3600,within_recorded_span_not_independently_verified
DNN_training,59,6321600,3600,within_recorded_span_not_independently_verified
DNN_training,36,6325200,3600,within_recorded_span_not_independently_verified
DNN_training,110,6328800,3600,within_recorded_span_not_independently_verified
DNN_training,81,6332400,3600,within_recorded_span_not_independently_verified
DNN_training,30,6336000,3600,within_recorded_span_not_independently_verified
DNN_training,31,6339600,3600,within_recorded_span_not_independently_verified
DNN_training,104,6343200,3600,within_recorded_span_not_independently_verified
DNN_training,19,6346800,3600,within_recorded_span_not_independently_verified
DNN_training,18,6350400,3600,within_recorded_span_not_independently_verified
DNN_training,18,6354000,3600,within_recorded_span_not_independently_verified
DNN_training,57,6357600,3600,within_recorded_span_not_independently_verified
DNN_training,22,6361200,3600,within_recorded_span_not_independently_verified
DNN_training,21,6364800,3600,within_recorded_span_not_independently_verified
DNN_training,80,6368400,3600,within_recorded_span_not_independently_verified
DNN_training,172,6372000,3600,within_recorded_span_not_independently_verified
DNN_training,30,6375600,3600,within_recorded_span_not_independently_verified
DNN_training,32,6379200,3600,within_recorded_span_not_independently_verified
DNN_training,45,6382800,3600,within_recorded_span_not_independently_verified
DNN_training,137,6386400,3600,within_recorded_span_not_independently_verified
DNN_training,141,6390000,3600,within_recorded_span_not_independently_verified
DNN_training,310,6393600,3600,within_recorded_span_not_independently_verified
DNN_training,36,6397200,3600,within_recorded_span_not_independently_verified
DNN_training,209,6400800,3600,within_recorded_span_not_independently_verified
DNN_training,419,6404400,3600,within_recorded_span_not_independently_verified
DNN_training,221,6408000,3600,within_recorded_span_not_independently_verified
DNN_training,159,6411600,3600,within_recorded_span_not_independently_verified
DNN_training,438,6415200,3600,within_recorded_span_not_independently_verified
DNN_training,435,6418800,3600,within_recorded_span_not_independently_verified
DNN_training,348,6422400,3600,within_recorded_span_not_independently_verified
DNN_training,138,6426000,3600,within_recorded_span_not_independently_verified
DNN_training,25,6429600,3600,within_recorded_span_not_independently_verified
DNN_training,17,6433200,3600,within_recorded_span_not_independently_verified
DNN_training,10,6436800,3600,within_recorded_span_not_independently_verified
DNN_training,8,6440400,3600,within_recorded_span_not_independently_verified
DNN_training,9,6444000,3600,within_recorded_span_not_independently_verified
DNN_training,12,6447600,3600,within_recorded_span_not_independently_verified
DNN_training,401,6451200,3600,within_recorded_span_not_independently_verified
DNN_training,424,6454800,3600,within_recorded_span_not_independently_verified
DNN_training,104,6458400,3600,within_recorded_span_not_independently_verified
DNN_training,18,6462000,3600,within_recorded_span_not_independently_verified
DNN_training,430,6465600,3600,within_recorded_span_not_independently_verified
DNN_training,22,6469200,3600,within_recorded_span_not_independently_verified
DNN_training,30,6472800,3600,within_recorded_span_not_independently_verified
DNN_training,50,6476400,3600,within_recorded_span_not_independently_verified
DNN_training,24,6480000,3600,within_recorded_span_not_independently_verified
DNN_training,33,6483600,3600,within_recorded_span_not_independently_verified
DNN_training,13,6487200,3600,within_recorded_span_not_independently_verified
DNN_training,9,6490800,3600,within_recorded_span_not_independently_verified
DNN_training,106,6494400,3600,within_recorded_span_not_independently_verified
DNN_training,109,6498000,3600,within_recorded_span_not_independently_verified
DNN_training,25,6501600,3600,within_recorded_span_not_independently_verified
DNN_training,26,6505200,3600,within_recorded_span_not_independently_verified
DNN_training,78,6508800,3600,within_recorded_span_not_independently_verified
DNN_training,393,6512400,3600,within_recorded_span_not_independently_verified
DNN_training,7,6516000,3600,within_recorded_span_not_independently_verified
DNN_training,92,6519600,3600,within_recorded_span_not_independently_verified
DNN_training,12,6523200,3600,within_recorded_span_not_independently_verified
DNN_training,10,6526800,3600,within_recorded_span_not_independently_verified
DNN_training,15,6530400,3600,within_recorded_span_not_independently_verified
DNN_training,98,6534000,3600,within_recorded_span_not_independently_verified
DNN_training,401,6537600,3600,within_recorded_span_not_independently_verified
DNN_training,13,6541200,3600,within_recorded_span_not_independently_verified
DNN_training,10,6544800,3600,within_recorded_span_not_independently_verified
DNN_training,107,6548400,3600,within_recorded_span_not_independently_verified
DNN_training,155,6552000,3600,within_recorded_span_not_independently_verified
DNN_training,51,6555600,3600,within_recorded_span_not_independently_verified
DNN_training,772,6559200,3600,within_recorded_span_not_independently_verified
DNN_training,194,6562800,3600,within_recorded_span_not_independently_verified
DNN_training,16,6566400,3600,within_recorded_span_not_independently_verified
DNN_training,18,6570000,3600,within_recorded_span_not_independently_verified
DNN_training,399,6573600,3600,within_recorded_span_not_independently_verified
DNN_training,9,6577200,3600,within_recorded_span_not_independently_verified
DNN_training,17,6580800,3600,within_recorded_span_not_independently_verified
DNN_training,167,6584400,3600,within_recorded_span_not_independently_verified
DNN_training,260,6588000,3600,within_recorded_span_not_independently_verified
DNN_training,1047,6591600,3600,within_recorded_span_not_independently_verified
DNN_training,21,6595200,3600,within_recorded_span_not_independently_verified
DNN_training,13,6598800,3600,within_recorded_span_not_independently_verified
DNN_training,13,6602400,3600,within_recorded_span_not_independently_verified
DNN_training,14,6606000,3600,within_recorded_span_not_independently_verified
DNN_training,8,6609600,3600,within_recorded_span_not_independently_verified
DNN_training,11,6613200,3600,within_recorded_span_not_independently_verified
DNN_training,10,6616800,3600,within_recorded_span_not_independently_verified
DNN_training,15,6620400,3600,within_recorded_span_not_independently_verified
DNN_training,6,6624000,3600,within_recorded_span_not_independently_verified
DNN_training,85,6627600,3600,within_recorded_span_not_independently_verified
DNN_training,16,6631200,3600,within_recorded_span_not_independently_verified
DNN_training,31,6634800,3600,within_recorded_span_not_independently_verified
DNN_training,111,6638400,3600,within_recorded_span_not_independently_verified
DNN_training,182,6642000,3600,within_recorded_span_not_independently_verified
DNN_training,99,6645600,3600,within_recorded_span_not_independently_verified
DNN_training,22,6649200,3600,within_recorded_span_not_independently_verified
DNN_training,34,6652800,3600,within_recorded_span_not_independently_verified
DNN_training,14,6656400,3600,within_recorded_span_not_independently_verified
DNN_training,273,6660000,3600,within_recorded_span_not_independently_verified
DNN_training,24,6663600,3600,within_recorded_span_not_independently_verified
DNN_training,124,6667200,3600,within_recorded_span_not_independently_verified
DNN_training,322,6670800,3600,within_recorded_span_not_independently_verified
DNN_training,221,6674400,3600,within_recorded_span_not_independently_verified
DNN_training,317,6678000,3600,within_recorded_span_not_independently_verified
DNN_training,76,6681600,3600,within_recorded_span_not_independently_verified
DNN_training,31,6685200,3600,within_recorded_span_not_independently_verified
DNN_training,102,6688800,3600,within_recorded_span_not_independently_verified
DNN_training,19,6692400,3600,within_recorded_span_not_independently_verified
DNN_training,27,6696000,3600,within_recorded_span_not_independently_verified
DNN_training,116,6699600,3600,within_recorded_span_not_independently_verified
DNN_training,23,6703200,3600,within_recorded_span_not_independently_verified
DNN_training,10,6706800,3600,within_recorded_span_not_independently_verified
DNN_training,73,6710400,3600,within_recorded_span_not_independently_verified
DNN_training,40,6714000,3600,within_recorded_span_not_independently_verified
DNN_training,63,6717600,3600,within_recorded_span_not_independently_verified
DNN_training,23,6721200,3600,within_recorded_span_not_independently_verified
DNN_training,44,6724800,3600,within_recorded_span_not_independently_verified
DNN_training,26,6728400,3600,within_recorded_span_not_independently_verified
DNN_training,45,6732000,3600,within_recorded_span_not_independently_verified
DNN_training,36,6735600,3600,within_recorded_span_not_independently_verified
DNN_training,5,6739200,3600,within_recorded_span_not_independently_verified
DNN_training,403,6742800,3600,within_recorded_span_not_independently_verified
DNN_training,16,6746400,3600,within_recorded_span_not_independently_verified
DNN_training,29,6750000,3600,within_recorded_span_not_independently_verified
DNN_training,147,6753600,3600,within_recorded_span_not_independently_verified
DNN_training,120,6757200,3600,within_recorded_span_not_independently_verified
DNN_training,194,6760800,3600,within_recorded_span_not_independently_verified
DNN_training,109,6764400,3600,within_recorded_span_not_independently_verified
DNN_training,52,6768000,3600,within_recorded_span_not_independently_verified
DNN_training,58,6771600,3600,within_recorded_span_not_independently_verified
DNN_training,106,6775200,3600,within_recorded_span_not_independently_verified
DNN_training,15,6778800,3600,within_recorded_span_not_independently_verified
DNN_training,93,6782400,3600,within_recorded_span_not_independently_verified
DNN_training,61,6786000,3600,within_recorded_span_not_independently_verified
DNN_training,19,6789600,3600,within_recorded_span_not_independently_verified
DNN_training,123,6793200,3600,within_recorded_span_not_independently_verified
DNN_training,385,6796800,3600,within_recorded_span_not_independently_verified
DNN_training,37,6800400,3600,within_recorded_span_not_independently_verified
DNN_training,31,6804000,3600,within_recorded_span_not_independently_verified
DNN_training,24,6807600,3600,within_recorded_span_not_independently_verified
DNN_training,29,6811200,3600,within_recorded_span_not_independently_verified
DNN_training,65,6814800,3600,within_recorded_span_not_independently_verified
DNN_training,28,6818400,3600,within_recorded_span_not_independently_verified
DNN_training,148,6822000,3600,within_recorded_span_not_independently_verified
DNN_training,45,6825600,3600,within_recorded_span_not_independently_verified
DNN_training,22,6829200,3600,within_recorded_span_not_independently_verified
DNN_training,57,6832800,3600,within_recorded_span_not_independently_verified
DNN_training,40,6836400,3600,within_recorded_span_not_independently_verified
DNN_training,26,6840000,3600,within_recorded_span_not_independently_verified
DNN_training,128,6843600,3600,within_recorded_span_not_independently_verified
DNN_training,146,6847200,3600,within_recorded_span_not_independently_verified
DNN_training,133,6850800,3600,within_recorded_span_not_independently_verified
DNN_training,88,6854400,3600,within_recorded_span_not_independently_verified
DNN_training,126,6858000,3600,within_recorded_span_not_independently_verified
DNN_training,23,6861600,3600,within_recorded_span_not_independently_verified
DNN_training,107,6865200,3600,within_recorded_span_not_independently_verified
DNN_training,33,6868800,3600,within_recorded_span_not_independently_verified
DNN_training,104,6872400,3600,within_recorded_span_not_independently_verified
DNN_training,27,6876000,3600,within_recorded_span_not_independently_verified
DNN_training,26,6879600,3600,within_recorded_span_not_independently_verified
DNN_training,28,6883200,3600,within_recorded_span_not_independently_verified
DNN_training,40,6886800,3600,within_recorded_span_not_independently_verified
DNN_training,47,6890400,3600,within_recorded_span_not_independently_verified
DNN_training,27,6894000,3600,within_recorded_span_not_independently_verified
DNN_training,118,6897600,3600,within_recorded_span_not_independently_verified
DNN_training,76,6901200,3600,within_recorded_span_not_independently_verified
DNN_training,95,6904800,3600,within_recorded_span_not_independently_verified
DNN_training,92,6908400,3600,within_recorded_span_not_independently_verified
DNN_training,102,6912000,3600,within_recorded_span_not_independently_verified
DNN_training,12,6915600,3600,within_recorded_span_not_independently_verified
DNN_training,46,6919200,3600,within_recorded_span_not_independently_verified
DNN_training,126,6922800,3600,within_recorded_span_not_independently_verified
DNN_training,44,6926400,3600,within_recorded_span_not_independently_verified
DNN_training,78,6930000,3600,within_recorded_span_not_independently_verified
DNN_training,102,6933600,3600,within_recorded_span_not_independently_verified
DNN_training,408,6937200,3600,within_recorded_span_not_independently_verified
DNN_training,278,6940800,3600,within_recorded_span_not_independently_verified
DNN_training,150,6944400,3600,within_recorded_span_not_independently_verified
DNN_training,106,6948000,3600,within_recorded_span_not_independently_verified
DNN_training,15,6951600,3600,within_recorded_span_not_independently_verified
DNN_training,41,6955200,3600,within_recorded_span_not_independently_verified
DNN_training,95,6958800,3600,within_recorded_span_not_independently_verified
DNN_training,8,6962400,3600,within_recorded_span_not_independently_verified
DNN_training,95,6966000,3600,within_recorded_span_not_independently_verified
DNN_training,23,6969600,3600,within_recorded_span_not_independently_verified
DNN_training,25,6973200,3600,within_recorded_span_not_independently_verified
DNN_training,32,6976800,3600,within_recorded_span_not_independently_verified
DNN_training,12,6980400,3600,within_recorded_span_not_independently_verified
DNN_training,16,6984000,3600,within_recorded_span_not_independently_verified
DNN_training,108,6987600,3600,within_recorded_span_not_independently_verified
DNN_training,104,6991200,3600,within_recorded_span_not_independently_verified
DNN_training,24,6994800,3600,within_recorded_span_not_independently_verified
DNN_training,118,6998400,3600,within_recorded_span_not_independently_verified
DNN_training,16,7002000,3600,within_recorded_span_not_independently_verified
DNN_training,18,7005600,3600,within_recorded_span_not_independently_verified
DNN_training,114,7009200,3600,within_recorded_span_not_independently_verified
DNN_training,81,7012800,3600,within_recorded_span_not_independently_verified
DNN_training,287,7016400,3600,within_recorded_span_not_independently_verified
DNN_training,29,7020000,3600,within_recorded_span_not_independently_verified
DNN_training,122,7023600,3600,within_recorded_span_not_independently_verified
DNN_training,35,7027200,3600,within_recorded_span_not_independently_verified
DNN_training,23,7030800,3600,within_recorded_span_not_independently_verified
DNN_training,22,7034400,3600,within_recorded_span_not_independently_verified
DNN_training,27,7038000,3600,within_recorded_span_not_independently_verified
DNN_training,116,7041600,3600,within_recorded_span_not_independently_verified
DNN_training,19,7045200,3600,within_recorded_span_not_independently_verified
DNN_training,10,7048800,3600,within_recorded_span_not_independently_verified
DNN_training,48,7052400,3600,within_recorded_span_not_independently_verified
DNN_training,84,7056000,3600,within_recorded_span_not_independently_verified
DNN_training,30,7059600,3600,within_recorded_span_not_independently_verified
DNN_training,94,7063200,3600,within_recorded_span_not_independently_verified
DNN_training,11,7066800,3600,within_recorded_span_not_independently_verified
DNN_training,47,7070400,3600,within_recorded_span_not_independently_verified
DNN_training,46,7074000,3600,within_recorded_span_not_independently_verified
DNN_training,150,7077600,3600,within_recorded_span_not_independently_verified
DNN_training,19,7081200,3600,within_recorded_span_not_independently_verified
DNN_training,26,7084800,3600,within_recorded_span_not_independently_verified
DNN_training,28,7088400,3600,within_recorded_span_not_independently_verified
DNN_training,15,7092000,3600,within_recorded_span_not_independently_verified
DNN_training,156,7095600,3600,within_recorded_span_not_independently_verified
DNN_training,25,7099200,3600,within_recorded_span_not_independently_verified
DNN_training,31,7102800,3600,within_recorded_span_not_independently_verified
DNN_training,209,7106400,3600,within_recorded_span_not_independently_verified
DNN_training,48,7110000,3600,within_recorded_span_not_independently_verified
DNN_training,60,7113600,3600,within_recorded_span_not_independently_verified
DNN_training,24,7117200,3600,within_recorded_span_not_independently_verified
DNN_training,27,7120800,3600,within_recorded_span_not_independently_verified
DNN_training,13,7124400,3600,within_recorded_span_not_independently_verified
DNN_training,11,7128000,3600,within_recorded_span_not_independently_verified
DNN_training,7,7131600,3600,within_recorded_span_not_independently_verified
DNN_training,10,7135200,3600,within_recorded_span_not_independently_verified
DNN_training,11,7138800,3600,within_recorded_span_not_independently_verified
DNN_training,15,7142400,3600,within_recorded_span_not_independently_verified
DNN_training,10,7146000,3600,within_recorded_span_not_independently_verified
DNN_training,11,7149600,3600,within_recorded_span_not_independently_verified
DNN_training,12,7153200,3600,within_recorded_span_not_independently_verified
DNN_training,11,7156800,3600,within_recorded_span_not_independently_verified
DNN_training,59,7160400,3600,within_recorded_span_not_independently_verified
DNN_training,58,7164000,3600,within_recorded_span_not_independently_verified
DNN_training,17,7167600,3600,within_recorded_span_not_independently_verified
DNN_training,14,7171200,3600,within_recorded_span_not_independently_verified
DNN_training,8,7174800,3600,within_recorded_span_not_independently_verified
DNN_training,18,7178400,3600,within_recorded_span_not_independently_verified
DNN_training,18,7182000,3600,within_recorded_span_not_independently_verified
DNN_training,20,7185600,3600,within_recorded_span_not_independently_verified
DNN_training,8,7189200,3600,within_recorded_span_not_independently_verified
DNN_training,17,7192800,3600,within_recorded_span_not_independently_verified
DNN_training,17,7196400,3600,within_recorded_span_not_independently_verified
DNN_training,9,7200000,3600,within_recorded_span_not_independently_verified
DNN_training,10,7203600,3600,within_recorded_span_not_independently_verified
DNN_training,9,7207200,3600,within_recorded_span_not_independently_verified
DNN_training,6,7210800,3600,within_recorded_span_not_independently_verified
DNN_training,8,7214400,3600,within_recorded_span_not_independently_verified
DNN_training,6,7218000,3600,within_recorded_span_not_independently_verified
DNN_training,7,7221600,3600,within_recorded_span_not_independently_verified
DNN_training,8,7225200,3600,within_recorded_span_not_independently_verified
DNN_training,15,7228800,3600,within_recorded_span_not_independently_verified
DNN_training,15,7232400,3600,within_recorded_span_not_independently_verified
DNN_training,11,7236000,3600,within_recorded_span_not_independently_verified
DNN_training,11,7239600,3600,within_recorded_span_not_independently_verified
DNN_training,12,7243200,3600,within_recorded_span_not_independently_verified
DNN_training,7,7246800,3600,within_recorded_span_not_independently_verified
DNN_training,17,7250400,3600,within_recorded_span_not_independently_verified
DNN_training,10,7254000,3600,within_recorded_span_not_independently_verified
DNN_training,19,7257600,3600,within_recorded_span_not_independently_verified
DNN_training,21,7261200,3600,within_recorded_span_not_independently_verified
DNN_training,30,7264800,3600,within_recorded_span_not_independently_verified
DNN_training,14,7268400,3600,within_recorded_span_not_independently_verified
DNN_training,23,7272000,3600,within_recorded_span_not_independently_verified
DNN_training,36,7275600,3600,within_recorded_span_not_independently_verified
DNN_training,14,7279200,3600,within_recorded_span_not_independently_verified
DNN_training,10,7282800,3600,within_recorded_span_not_independently_verified
DNN_training,11,7286400,3600,within_recorded_span_not_independently_verified
DNN_training,21,7290000,3600,within_recorded_span_not_independently_verified
DNN_training,13,7293600,3600,within_recorded_span_not_independently_verified
DNN_training,15,7297200,3600,within_recorded_span_not_independently_verified
DNN_training,10,7300800,3600,within_recorded_span_not_independently_verified
DNN_training,6,7304400,3600,within_recorded_span_not_independently_verified
DNN_training,11,7308000,3600,within_recorded_span_not_independently_verified
DNN_training,18,7311600,3600,within_recorded_span_not_independently_verified
DNN_training,23,7315200,3600,within_recorded_span_not_independently_verified
DNN_training,61,7318800,3600,within_recorded_span_not_independently_verified
DNN_training,37,7322400,3600,within_recorded_span_not_independently_verified
DNN_training,25,7326000,3600,within_recorded_span_not_independently_verified
DNN_training,76,7329600,3600,within_recorded_span_not_independently_verified
DNN_training,38,7333200,3600,within_recorded_span_not_independently_verified
DNN_training,38,7336800,3600,within_recorded_span_not_independently_verified
DNN_training,26,7340400,3600,within_recorded_span_not_independently_verified
DNN_training,33,7344000,3600,within_recorded_span_not_independently_verified
DNN_training,19,7347600,3600,within_recorded_span_not_independently_verified
DNN_training,18,7351200,3600,within_recorded_span_not_independently_verified
DNN_training,15,7354800,3600,within_recorded_span_not_independently_verified
DNN_training,25,7358400,3600,within_recorded_span_not_independently_verified
DNN_training,9,7362000,3600,within_recorded_span_not_independently_verified
DNN_training,15,7365600,3600,within_recorded_span_not_independently_verified
DNN_training,29,7369200,3600,within_recorded_span_not_independently_verified
DNN_training,13,7372800,3600,within_recorded_span_not_independently_verified
DNN_training,10,7376400,3600,within_recorded_span_not_independently_verified
DNN_training,9,7380000,3600,within_recorded_span_not_independently_verified
DNN_training,13,7383600,3600,within_recorded_span_not_independently_verified
DNN_training,15,7387200,3600,within_recorded_span_not_independently_verified
DNN_training,9,7390800,3600,within_recorded_span_not_independently_verified
DNN_training,8,7394400,3600,within_recorded_span_not_independently_verified
DNN_training,9,7398000,3600,within_recorded_span_not_independently_verified
DNN_training,32,7401600,3600,within_recorded_span_not_independently_verified
DNN_training,25,7405200,3600,within_recorded_span_not_independently_verified
DNN_training,35,7408800,3600,within_recorded_span_not_independently_verified
DNN_training,93,7412400,3600,within_recorded_span_not_independently_verified
DNN_training,31,7416000,3600,within_recorded_span_not_independently_verified
DNN_training,31,7419600,3600,within_recorded_span_not_independently_verified
DNN_training,17,7423200,3600,within_recorded_span_not_independently_verified
DNN_training,634,7426800,3600,within_recorded_span_not_independently_verified
DNN_training,14,7430400,3600,within_recorded_span_not_independently_verified
DNN_training,13,7434000,3600,within_recorded_span_not_independently_verified
DNN_training,12,7437600,3600,within_recorded_span_not_independently_verified
DNN_training,35,7441200,3600,within_recorded_span_not_independently_verified
DNN_training,28,7444800,3600,within_recorded_span_not_independently_verified
DNN_training,42,7448400,3600,within_recorded_span_not_independently_verified
DNN_training,28,7452000,3600,within_recorded_span_not_independently_verified
DNN_training,35,7455600,3600,within_recorded_span_not_independently_verified
DNN_training,29,7459200,3600,within_recorded_span_not_independently_verified
DNN_training,17,7462800,3600,within_recorded_span_not_independently_verified
DNN_training,14,7466400,3600,within_recorded_span_not_independently_verified
DNN_training,14,7470000,3600,within_recorded_span_not_independently_verified
DNN_training,12,7473600,3600,within_recorded_span_not_independently_verified
DNN_training,77,7477200,3600,within_recorded_span_not_independently_verified
DNN_training,8,7480800,3600,within_recorded_span_not_independently_verified
DNN_training,13,7484400,3600,within_recorded_span_not_independently_verified
DNN_training,19,7488000,3600,within_recorded_span_not_independently_verified
DNN_training,25,7491600,3600,within_recorded_span_not_independently_verified
DNN_training,29,7495200,3600,within_recorded_span_not_independently_verified
DNN_training,85,7498800,3600,within_recorded_span_not_independently_verified
DNN_training,123,7502400,3600,within_recorded_span_not_independently_verified
DNN_training,380,7506000,3600,within_recorded_span_not_independently_verified
DNN_training,215,7509600,3600,within_recorded_span_not_independently_verified
DNN_training,262,7513200,3600,within_recorded_span_not_independently_verified
DNN_training,28,7516800,3600,within_recorded_span_not_independently_verified
DNN_training,35,7520400,3600,within_recorded_span_not_independently_verified
DNN_training,27,7524000,3600,within_recorded_span_not_independently_verified
DNN_training,36,7527600,3600,within_recorded_span_not_independently_verified
DNN_training,28,7531200,3600,within_recorded_span_not_independently_verified
DNN_training,68,7534800,3600,within_recorded_span_not_independently_verified
DNN_training,46,7538400,3600,within_recorded_span_not_independently_verified
DNN_training,34,7542000,3600,within_recorded_span_not_independently_verified
DNN_training,31,7545600,3600,within_recorded_span_not_independently_verified
DNN_training,27,7549200,3600,within_recorded_span_not_independently_verified
DNN_training,28,7552800,3600,within_recorded_span_not_independently_verified
DNN_training,17,7556400,3600,within_recorded_span_not_independently_verified
DNN_training,33,7560000,3600,within_recorded_span_not_independently_verified
DNN_training,15,7563600,3600,within_recorded_span_not_independently_verified
DNN_training,16,7567200,3600,within_recorded_span_not_independently_verified
DNN_training,27,7570800,3600,within_recorded_span_not_independently_verified
DNN_training,47,7574400,3600,within_recorded_span_not_independently_verified
DNN_training,71,7578000,3600,within_recorded_span_not_independently_verified
DNN_training,34,7581600,3600,within_recorded_span_not_independently_verified
DNN_training,144,7585200,3600,within_recorded_span_not_independently_verified
DNN_training,20,7588800,3600,within_recorded_span_not_independently_verified
DNN_training,29,7592400,3600,within_recorded_span_not_independently_verified
DNN_training,43,7596000,3600,within_recorded_span_not_independently_verified
DNN_training,24,7599600,3600,within_recorded_span_not_independently_verified
DNN_training,25,7603200,3600,within_recorded_span_not_independently_verified
DNN_training,36,7606800,3600,within_recorded_span_not_independently_verified
DNN_training,36,7610400,3600,within_recorded_span_not_independently_verified
DNN_training,41,7614000,3600,within_recorded_span_not_independently_verified
DNN_training,17,7617600,3600,within_recorded_span_not_independently_verified
DNN_training,47,7621200,3600,within_recorded_span_not_independently_verified
DNN_training,35,7624800,3600,within_recorded_span_not_independently_verified
DNN_training,34,7628400,3600,within_recorded_span_not_independently_verified
DNN_training,41,7632000,3600,within_recorded_span_not_independently_verified
DNN_training,55,7635600,3600,within_recorded_span_not_independently_verified
DNN_training,27,7639200,3600,within_recorded_span_not_independently_verified
DNN_training,13,7642800,3600,within_recorded_span_not_independently_verified
DNN_training,57,7646400,3600,within_recorded_span_not_independently_verified
DNN_training,24,7650000,3600,within_recorded_span_not_independently_verified
DNN_training,21,7653600,3600,within_recorded_span_not_independently_verified
DNN_training,17,7657200,3600,within_recorded_span_not_independently_verified
DNN_training,45,7660800,3600,within_recorded_span_not_independently_verified
DNN_training,50,7664400,3600,within_recorded_span_not_independently_verified
DNN_training,30,7668000,3600,within_recorded_span_not_independently_verified
DNN_training,27,7671600,3600,within_recorded_span_not_independently_verified
DNN_training,112,7675200,3600,within_recorded_span_not_independently_verified
DNN_training,29,7678800,3600,within_recorded_span_not_independently_verified
DNN_training,23,7682400,3600,within_recorded_span_not_independently_verified
DNN_training,17,7686000,3600,within_recorded_span_not_independently_verified
DNN_training,38,7689600,3600,within_recorded_span_not_independently_verified
DNN_training,15,7693200,3600,within_recorded_span_not_independently_verified
DNN_training,15,7696800,3600,within_recorded_span_not_independently_verified
DNN_training,13,7700400,3600,within_recorded_span_not_independently_verified
DNN_training,14,7704000,3600,within_recorded_span_not_independently_verified
DNN_training,15,7707600,3600,within_recorded_span_not_independently_verified
DNN_training,10,7711200,3600,within_recorded_span_not_independently_verified
DNN_training,31,7714800,3600,within_recorded_span_not_independently_verified
DNN_training,20,7718400,3600,within_recorded_span_not_independently_verified
DNN_training,17,7722000,3600,within_recorded_span_not_independently_verified
DNN_training,11,7725600,3600,within_recorded_span_not_independently_verified
DNN_training,9,7729200,3600,within_recorded_span_not_independently_verified
DNN_training,11,7732800,3600,within_recorded_span_not_independently_verified
DNN_training,19,7736400,3600,within_recorded_span_not_independently_verified
DNN_training,24,7740000,3600,within_recorded_span_not_independently_verified
DNN_training,11,7743600,3600,within_recorded_span_not_independently_verified
DNN_training,22,7747200,3600,within_recorded_span_not_independently_verified
DNN_training,24,7750800,3600,within_recorded_span_not_independently_verified
DNN_training,17,7754400,3600,within_recorded_span_not_independently_verified
DNN_training,23,7758000,3600,within_recorded_span_not_independently_verified
DNN_training,14,7761600,3600,within_recorded_span_not_independently_verified
DNN_training,12,7765200,3600,within_recorded_span_not_independently_verified
DNN_training,9,7768800,3600,within_recorded_span_not_independently_verified
DNN_training,18,7772400,3600,within_recorded_span_not_independently_verified
DNN_training,15,7776000,3600,within_recorded_span_not_independently_verified
DNN_training,12,7779600,3600,within_recorded_span_not_independently_verified
DNN_training,44,7783200,3600,within_recorded_span_not_independently_verified
DNN_training,13,7786800,3600,within_recorded_span_not_independently_verified
DNN_training,9,7790400,3600,within_recorded_span_not_independently_verified
DNN_training,10,7794000,3600,within_recorded_span_not_independently_verified
DNN_training,13,7797600,3600,within_recorded_span_not_independently_verified
DNN_training,24,7801200,3600,within_recorded_span_not_independently_verified
DNN_training,21,7804800,3600,within_recorded_span_not_independently_verified
DNN_training,15,7808400,3600,within_recorded_span_not_independently_verified
DNN_training,8,7812000,3600,within_recorded_span_not_independently_verified
DNN_training,13,7815600,3600,within_recorded_span_not_independently_verified
DNN_training,8,7819200,3600,within_recorded_span_not_independently_verified
DNN_training,13,7822800,3600,within_recorded_span_not_independently_verified
DNN_training,12,7826400,3600,within_recorded_span_not_independently_verified
DNN_training,9,7830000,3600,within_recorded_span_not_independently_verified
DNN_training,12,7833600,3600,within_recorded_span_not_independently_verified
DNN_training,11,7837200,3600,within_recorded_span_not_independently_verified
DNN_training,22,7840800,3600,within_recorded_span_not_independently_verified
DNN_training,10,7844400,3600,within_recorded_span_not_independently_verified
DNN_training,9,7848000,3600,within_recorded_span_not_independently_verified
DNN_training,9,7851600,3600,within_recorded_span_not_independently_verified
DNN_training,8,7855200,3600,within_recorded_span_not_independently_verified
DNN_training,12,7858800,3600,within_recorded_span_not_independently_verified
DNN_training,25,7862400,3600,within_recorded_span_not_independently_verified
DNN_training,10,7866000,3600,within_recorded_span_not_independently_verified
DNN_training,14,7869600,3600,within_recorded_span_not_independently_verified
DNN_training,39,7873200,3600,within_recorded_span_not_independently_verified
DNN_training,25,7876800,3600,within_recorded_span_not_independently_verified
DNN_training,17,7880400,3600,within_recorded_span_not_independently_verified
DNN_training,14,7884000,3600,within_recorded_span_not_independently_verified
DNN_training,27,7887600,3600,within_recorded_span_not_independently_verified
DNN_training,41,7891200,3600,within_recorded_span_not_independently_verified
DNN_training,32,7894800,3600,within_recorded_span_not_independently_verified
DNN_training,32,7898400,3600,within_recorded_span_not_independently_verified
DNN_training,12,7902000,3600,within_recorded_span_not_independently_verified
DNN_training,14,7905600,3600,within_recorded_span_not_independently_verified
DNN_training,14,7909200,3600,within_recorded_span_not_independently_verified
DNN_training,21,7912800,3600,within_recorded_span_not_independently_verified
DNN_training,8,7916400,3600,within_recorded_span_not_independently_verified
DNN_training,34,7920000,3600,within_recorded_span_not_independently_verified
DNN_training,27,7923600,3600,within_recorded_span_not_independently_verified
DNN_training,27,7927200,3600,within_recorded_span_not_independently_verified
DNN_training,25,7930800,3600,within_recorded_span_not_independently_verified
DNN_training,10,7934400,3600,within_recorded_span_not_independently_verified
DNN_training,20,7938000,3600,within_recorded_span_not_independently_verified
DNN_training,19,7941600,3600,within_recorded_span_not_independently_verified
DNN_training,71,7945200,3600,within_recorded_span_not_independently_verified
DNN_training,50,7948800,3600,within_recorded_span_not_independently_verified
DNN_training,35,7952400,3600,within_recorded_span_not_independently_verified
DNN_training,49,7956000,3600,within_recorded_span_not_independently_verified
DNN_training,29,7959600,3600,within_recorded_span_not_independently_verified
DNN_training,18,7963200,3600,within_recorded_span_not_independently_verified
DNN_training,23,7966800,3600,within_recorded_span_not_independently_verified
DNN_training,28,7970400,3600,within_recorded_span_not_independently_verified
DNN_training,27,7974000,3600,within_recorded_span_not_independently_verified
DNN_training,33,7977600,3600,within_recorded_span_not_independently_verified
DNN_training,150,7981200,3600,within_recorded_span_not_independently_verified
DNN_training,22,7984800,3600,within_recorded_span_not_independently_verified
DNN_training,44,7988400,3600,within_recorded_span_not_independently_verified
DNN_training,9,7992000,3600,within_recorded_span_not_independently_verified
DNN_training,13,7995600,3600,within_recorded_span_not_independently_verified
DNN_training,16,7999200,3600,within_recorded_span_not_independently_verified
DNN_training,14,8002800,3600,within_recorded_span_not_independently_verified
DNN_training,15,8006400,3600,within_recorded_span_not_independently_verified
DNN_training,16,8010000,3600,within_recorded_span_not_independently_verified
DNN_training,29,8013600,3600,within_recorded_span_not_independently_verified
DNN_training,55,8017200,3600,within_recorded_span_not_independently_verified
DNN_training,41,8020800,3600,within_recorded_span_not_independently_verified
DNN_training,35,8024400,3600,within_recorded_span_not_independently_verified
DNN_training,146,8028000,3600,within_recorded_span_not_independently_verified
DNN_training,45,8031600,3600,within_recorded_span_not_independently_verified
DNN_training,352,8035200,3600,within_recorded_span_not_independently_verified
DNN_training,35,8038800,3600,within_recorded_span_not_independently_verified
DNN_training,27,8042400,3600,within_recorded_span_not_independently_verified
DNN_training,66,8046000,3600,within_recorded_span_not_independently_verified
DNN_training,43,8049600,3600,within_recorded_span_not_independently_verified
DNN_training,29,8053200,3600,within_recorded_span_not_independently_verified
DNN_training,34,8056800,3600,within_recorded_span_not_independently_verified
DNN_training,29,8060400,3600,within_recorded_span_not_independently_verified
DNN_training,30,8064000,3600,within_recorded_span_not_independently_verified
DNN_training,31,8067600,3600,within_recorded_span_not_independently_verified
DNN_training,25,8071200,3600,within_recorded_span_not_independently_verified
DNN_training,25,8074800,3600,within_recorded_span_not_independently_verified
DNN_training,21,8078400,3600,within_recorded_span_not_independently_verified
DNN_training,52,8082000,3600,within_recorded_span_not_independently_verified
DNN_training,39,8085600,3600,within_recorded_span_not_independently_verified
DNN_training,280,8089200,3600,within_recorded_span_not_independently_verified
DNN_training,27,8092800,3600,within_recorded_span_not_independently_verified
DNN_training,48,8096400,3600,within_recorded_span_not_independently_verified
DNN_training,214,8100000,3600,within_recorded_span_not_independently_verified
DNN_training,177,8103600,3600,within_recorded_span_not_independently_verified
DNN_training,27,8107200,3600,within_recorded_span_not_independently_verified
DNN_training,46,8110800,3600,within_recorded_span_not_independently_verified
DNN_training,23,8114400,3600,within_recorded_span_not_independently_verified
DNN_training,31,8118000,3600,within_recorded_span_not_independently_verified
DNN_training,107,8121600,3600,within_recorded_span_not_independently_verified
DNN_training,28,8125200,3600,within_recorded_span_not_independently_verified
DNN_training,30,8128800,3600,within_recorded_span_not_independently_verified
DNN_training,38,8132400,3600,within_recorded_span_not_independently_verified
DNN_training,31,8136000,3600,within_recorded_span_not_independently_verified
DNN_training,29,8139600,3600,within_recorded_span_not_independently_verified
DNN_training,31,8143200,3600,within_recorded_span_not_independently_verified
DNN_training,15,8146800,3600,within_recorded_span_not_independently_verified
DNN_training,42,8150400,3600,within_recorded_span_not_independently_verified
DNN_training,32,8154000,3600,within_recorded_span_not_independently_verified
DNN_training,51,8157600,3600,within_recorded_span_not_independently_verified
DNN_training,21,8161200,3600,within_recorded_span_not_independently_verified
DNN_training,53,8164800,3600,within_recorded_span_not_independently_verified
DNN_training,202,8168400,3600,within_recorded_span_not_independently_verified
DNN_training,64,8172000,3600,within_recorded_span_not_independently_verified
DNN_training,97,8175600,3600,within_recorded_span_not_independently_verified
DNN_training,203,8179200,3600,within_recorded_span_not_independently_verified
DNN_training,40,8182800,3600,within_recorded_span_not_independently_verified
DNN_training,67,8186400,3600,within_recorded_span_not_independently_verified
DNN_training,58,8190000,3600,within_recorded_span_not_independently_verified
DNN_training,29,8193600,3600,within_recorded_span_not_independently_verified
DNN_training,29,8197200,3600,within_recorded_span_not_independently_verified
DNN_training,49,8200800,3600,within_recorded_span_not_independently_verified
DNN_training,53,8204400,3600,within_recorded_span_not_independently_verified
DNN_training,47,8208000,3600,within_recorded_span_not_independently_verified
DNN_training,31,8211600,3600,within_recorded_span_not_independently_verified
DNN_training,309,8215200,3600,within_recorded_span_not_independently_verified
DNN_training,58,8218800,3600,within_recorded_span_not_independently_verified
DNN_training,22,8222400,3600,within_recorded_span_not_independently_verified
DNN_training,46,8226000,3600,within_recorded_span_not_independently_verified
DNN_training,158,8229600,3600,within_recorded_span_not_independently_verified
DNN_training,207,8233200,3600,within_recorded_span_not_independently_verified
DNN_training,36,8236800,3600,within_recorded_span_not_independently_verified
DNN_training,48,8240400,3600,within_recorded_span_not_independently_verified
DNN_training,301,8244000,3600,within_recorded_span_not_independently_verified
DNN_training,669,8247600,3600,within_recorded_span_not_independently_verified
DNN_training,111,8251200,3600,within_recorded_span_not_independently_verified
DNN_training,336,8254800,3600,within_recorded_span_not_independently_verified
DNN_training,22,8258400,3600,within_recorded_span_not_independently_verified
DNN_training,22,8262000,3600,within_recorded_span_not_independently_verified
DNN_training,604,8265600,3600,within_recorded_span_not_independently_verified
DNN_training,27,8269200,3600,within_recorded_span_not_independently_verified
DNN_training,118,8272800,3600,within_recorded_span_not_independently_verified
DNN_training,37,8276400,3600,within_recorded_span_not_independently_verified
DNN_training,32,8280000,3600,within_recorded_span_not_independently_verified
DNN_training,79,8283600,3600,within_recorded_span_not_independently_verified
DNN_training,20,8287200,3600,within_recorded_span_not_independently_verified
DNN_training,118,8290800,3600,within_recorded_span_not_independently_verified
DNN_training,47,8294400,3600,within_recorded_span_not_independently_verified
DNN_training,51,8298000,3600,within_recorded_span_not_independently_verified
DNN_training,36,8301600,3600,within_recorded_span_not_independently_verified
DNN_training,65,8305200,3600,within_recorded_span_not_independently_verified
DNN_training,42,8308800,3600,within_recorded_span_not_independently_verified
DNN_training,49,8312400,3600,within_recorded_span_not_independently_verified
DNN_training,44,8316000,3600,within_recorded_span_not_independently_verified
DNN_training,27,8319600,3600,within_recorded_span_not_independently_verified
DNN_training,34,8323200,3600,within_recorded_span_not_independently_verified
DNN_training,21,8326800,3600,within_recorded_span_not_independently_verified
DNN_training,21,8330400,3600,within_recorded_span_not_independently_verified
DNN_training,30,8334000,3600,within_recorded_span_not_independently_verified
DNN_training,16,8337600,3600,within_recorded_span_not_independently_verified
DNN_training,20,8341200,3600,within_recorded_span_not_independently_verified
DNN_training,64,8344800,3600,within_recorded_span_not_independently_verified
DNN_training,20,8348400,3600,within_recorded_span_not_independently_verified
DNN_training,15,8352000,3600,within_recorded_span_not_independently_verified
DNN_training,27,8355600,3600,within_recorded_span_not_independently_verified
DNN_training,10,8359200,3600,within_recorded_span_not_independently_verified
DNN_training,27,8362800,3600,within_recorded_span_not_independently_verified
DNN_training,9,8366400,3600,within_recorded_span_not_independently_verified
DNN_training,20,8370000,3600,within_recorded_span_not_independently_verified
DNN_training,26,8373600,3600,within_recorded_span_not_independently_verified
DNN_training,17,8377200,3600,within_recorded_span_not_independently_verified
DNN_training,27,8380800,3600,within_recorded_span_not_independently_verified
DNN_training,39,8384400,3600,within_recorded_span_not_independently_verified
DNN_training,56,8388000,3600,within_recorded_span_not_independently_verified
DNN_training,33,8391600,3600,within_recorded_span_not_independently_verified
DNN_training,20,8395200,3600,within_recorded_span_not_independently_verified
DNN_training,268,8398800,3600,within_recorded_span_not_independently_verified
DNN_training,332,8402400,3600,within_recorded_span_not_independently_verified
DNN_training,17,8406000,3600,within_recorded_span_not_independently_verified
DNN_training,25,8409600,3600,within_recorded_span_not_independently_verified
DNN_training,15,8413200,3600,within_recorded_span_not_independently_verified
DNN_training,14,8416800,3600,within_recorded_span_not_independently_verified
DNN_training,18,8420400,3600,within_recorded_span_not_independently_verified
DNN_training,21,8424000,3600,within_recorded_span_not_independently_verified
DNN_training,21,8427600,3600,within_recorded_span_not_independently_verified
DNN_training,14,8431200,3600,within_recorded_span_not_independently_verified
DNN_training,16,8434800,3600,within_recorded_span_not_independently_verified
DNN_training,14,8438400,3600,within_recorded_span_not_independently_verified
DNN_training,22,8442000,3600,within_recorded_span_not_independently_verified
DNN_training,34,8445600,3600,within_recorded_span_not_independently_verified
DNN_training,15,8449200,3600,within_recorded_span_not_independently_verified
DNN_training,15,8452800,3600,within_recorded_span_not_independently_verified
DNN_training,11,8456400,3600,within_recorded_span_not_independently_verified
DNN_training,8,8460000,3600,within_recorded_span_not_independently_verified
DNN_training,10,8463600,3600,within_recorded_span_not_independently_verified
DNN_training,15,8467200,3600,within_recorded_span_not_independently_verified
DNN_training,8,8470800,3600,within_recorded_span_not_independently_verified
DNN_training,307,8474400,3600,within_recorded_span_not_independently_verified
DNN_training,751,8478000,3600,within_recorded_span_not_independently_verified
DNN_training,342,8481600,3600,within_recorded_span_not_independently_verified
DNN_training,21,8485200,3600,within_recorded_span_not_independently_verified
DNN_training,649,8488800,3600,within_recorded_span_not_independently_verified
DNN_training,91,8492400,3600,within_recorded_span_not_independently_verified
DNN_training,298,8496000,3600,within_recorded_span_not_independently_verified
DNN_training,52,8499600,3600,within_recorded_span_not_independently_verified
DNN_training,27,8503200,3600,within_recorded_span_not_independently_verified
DNN_training,22,8506800,3600,within_recorded_span_not_independently_verified
DNN_training,28,8510400,3600,within_recorded_span_not_independently_verified
DNN_training,11,8514000,3600,within_recorded_span_not_independently_verified
DNN_training,19,8517600,3600,within_recorded_span_not_independently_verified
DNN_training,21,8521200,3600,within_recorded_span_not_independently_verified
DNN_training,26,8524800,3600,within_recorded_span_not_independently_verified
DNN_training,123,8528400,3600,within_recorded_span_not_independently_verified
DNN_training,48,8532000,3600,within_recorded_span_not_independently_verified
DNN_training,53,8535600,3600,within_recorded_span_not_independently_verified
DNN_training,36,8539200,3600,within_recorded_span_not_independently_verified
DNN_training,46,8542800,3600,within_recorded_span_not_independently_verified
DNN_training,322,8546400,3600,within_recorded_span_not_independently_verified
DNN_training,39,8550000,3600,within_recorded_span_not_independently_verified
DNN_training,33,8553600,3600,within_recorded_span_not_independently_verified
DNN_training,23,8557200,3600,within_recorded_span_not_independently_verified
DNN_training,32,8560800,3600,within_recorded_span_not_independently_verified
DNN_training,28,8564400,3600,within_recorded_span_not_independently_verified
DNN_training,44,8568000,3600,within_recorded_span_not_independently_verified
DNN_training,27,8571600,3600,within_recorded_span_not_independently_verified
DNN_training,51,8575200,3600,within_recorded_span_not_independently_verified
DNN_training,40,8578800,3600,within_recorded_span_not_independently_verified
DNN_training,41,8582400,3600,within_recorded_span_not_independently_verified
DNN_training,42,8586000,3600,within_recorded_span_not_independently_verified
DNN_training,90,8589600,3600,within_recorded_span_not_independently_verified
DNN_training,47,8593200,3600,within_recorded_span_not_independently_verified
DNN_training,46,8596800,3600,within_recorded_span_not_independently_verified
DNN_training,33,8600400,3600,within_recorded_span_not_independently_verified
DNN_training,24,8604000,3600,within_recorded_span_not_independently_verified
DNN_training,29,8607600,3600,within_recorded_span_not_independently_verified
DNN_training,16,8611200,3600,within_recorded_span_not_independently_verified
DNN_training,35,8614800,3600,within_recorded_span_not_independently_verified
DNN_training,34,8618400,3600,within_recorded_span_not_independently_verified
DNN_training,59,8622000,3600,within_recorded_span_not_independently_verified
DNN_training,20,8625600,3600,within_recorded_span_not_independently_verified
DNN_training,39,8629200,3600,within_recorded_span_not_independently_verified
DNN_training,45,8632800,3600,within_recorded_span_not_independently_verified
DNN_training,65,8636400,3600,within_recorded_span_not_independently_verified
DNN_training,38,8640000,3600,within_recorded_span_not_independently_verified
DNN_training,32,8643600,3600,within_recorded_span_not_independently_verified
DNN_training,31,8647200,3600,within_recorded_span_not_independently_verified
DNN_training,29,8650800,3600,within_recorded_span_not_independently_verified
DNN_training,27,8654400,3600,within_recorded_span_not_independently_verified
DNN_training,128,8658000,3600,within_recorded_span_not_independently_verified
DNN_training,40,8661600,3600,within_recorded_span_not_independently_verified
DNN_training,131,8665200,3600,within_recorded_span_not_independently_verified
DNN_training,54,8668800,3600,within_recorded_span_not_independently_verified
DNN_training,49,8672400,3600,within_recorded_span_not_independently_verified
DNN_training,37,8676000,3600,within_recorded_span_not_independently_verified
DNN_training,35,8679600,3600,within_recorded_span_not_independently_verified
DNN_training,32,8683200,3600,within_recorded_span_not_independently_verified
DNN_training,29,8686800,3600,within_recorded_span_not_independently_verified
DNN_training,36,8690400,3600,within_recorded_span_not_independently_verified
DNN_training,40,8694000,3600,within_recorded_span_not_independently_verified
DNN_training,15,8697600,3600,within_recorded_span_not_independently_verified
DNN_training,20,8701200,3600,within_recorded_span_not_independently_verified
DNN_training,33,8704800,3600,within_recorded_span_not_independently_verified
DNN_training,30,8708400,3600,within_recorded_span_not_independently_verified
DNN_training,27,8712000,3600,within_recorded_span_not_independently_verified
DNN_training,52,8715600,3600,within_recorded_span_not_independently_verified
DNN_training,54,8719200,3600,within_recorded_span_not_independently_verified
DNN_training,40,8722800,3600,within_recorded_span_not_independently_verified
DNN_training,55,8726400,3600,within_recorded_span_not_independently_verified
DNN_training,23,8730000,3600,within_recorded_span_not_independently_verified
DNN_training,42,8733600,3600,within_recorded_span_not_independently_verified
DNN_training,481,8737200,3600,within_recorded_span_not_independently_verified
DNN_training,26,8740800,3600,within_recorded_span_not_independently_verified
DNN_training,30,8744400,3600,within_recorded_span_not_independently_verified
DNN_training,169,8748000,3600,within_recorded_span_not_independently_verified
DNN_training,522,8751600,3600,within_recorded_span_not_independently_verified
DNN_training,382,8755200,3600,within_recorded_span_not_independently_verified
DNN_training,280,8758800,3600,within_recorded_span_not_independently_verified
DNN_training,223,8762400,3600,within_recorded_span_not_independently_verified
DNN_training,19,8766000,3600,within_recorded_span_not_independently_verified
DNN_training,25,8769600,3600,within_recorded_span_not_independently_verified
DNN_training,22,8773200,3600,within_recorded_span_not_independently_verified
DNN_training,36,8776800,3600,within_recorded_span_not_independently_verified
DNN_training,30,8780400,3600,within_recorded_span_not_independently_verified
DNN_training,19,8784000,3600,within_recorded_span_not_independently_verified
DNN_training,41,8787600,3600,within_recorded_span_not_independently_verified
DNN_training,25,8791200,3600,within_recorded_span_not_independently_verified
DNN_training,50,8794800,3600,within_recorded_span_not_independently_verified
DNN_training,42,8798400,3600,within_recorded_span_not_independently_verified
DNN_training,21,8802000,3600,within_recorded_span_not_independently_verified
DNN_training,91,8805600,3600,within_recorded_span_not_independently_verified
DNN_training,120,8809200,3600,within_recorded_span_not_independently_verified
DNN_training,83,8812800,3600,within_recorded_span_not_independently_verified
DNN_training,67,8816400,3600,within_recorded_span_not_independently_verified
DNN_training,82,8820000,3600,within_recorded_span_not_independently_verified
DNN_training,48,8823600,3600,within_recorded_span_not_independently_verified
DNN_training,37,8827200,3600,within_recorded_span_not_independently_verified
DNN_training,57,8830800,3600,within_recorded_span_not_independently_verified
DNN_training,46,8834400,3600,within_recorded_span_not_independently_verified
DNN_training,68,8838000,3600,within_recorded_span_not_independently_verified
DNN_training,94,8841600,3600,within_recorded_span_not_independently_verified
DNN_training,37,8845200,3600,within_recorded_span_not_independently_verified
DNN_training,38,8848800,3600,within_recorded_span_not_independently_verified
DNN_training,35,8852400,3600,within_recorded_span_not_independently_verified
DNN_training,45,8856000,3600,within_recorded_span_not_independently_verified
DNN_training,59,8859600,3600,within_recorded_span_not_independently_verified
DNN_training,13,8863200,3600,within_recorded_span_not_independently_verified
DNN_training,39,8866800,3600,within_recorded_span_not_independently_verified
DNN_training,25,8870400,3600,within_recorded_span_not_independently_verified
DNN_training,52,8874000,3600,within_recorded_span_not_independently_verified
DNN_training,73,8877600,3600,within_recorded_span_not_independently_verified
DNN_training,16,8881200,3600,within_recorded_span_not_independently_verified
DNN_training,18,8884800,3600,within_recorded_span_not_independently_verified
DNN_training,55,8888400,3600,within_recorded_span_not_independently_verified
DNN_training,59,8892000,3600,within_recorded_span_not_independently_verified
DNN_training,121,8895600,3600,within_recorded_span_not_independently_verified
DNN_training,57,8899200,3600,within_recorded_span_not_independently_verified
DNN_training,32,8902800,3600,within_recorded_span_not_independently_verified
DNN_training,20,8906400,3600,within_recorded_span_not_independently_verified
DNN_training,22,8910000,3600,within_recorded_span_not_independently_verified
DNN_training,36,8913600,3600,within_recorded_span_not_independently_verified
DNN_training,26,8917200,3600,within_recorded_span_not_independently_verified
DNN_training,24,8920800,3600,within_recorded_span_not_independently_verified
DNN_training,25,8924400,3600,within_recorded_span_not_independently_verified
DNN_training,19,8928000,3600,within_recorded_span_not_independently_verified
DNN_training,10,8931600,3600,within_recorded_span_not_independently_verified
DNN_training,22,8935200,3600,within_recorded_span_not_independently_verified
DNN_training,9,8938800,3600,within_recorded_span_not_independently_verified
DNN_training,13,8942400,3600,within_recorded_span_not_independently_verified
DNN_training,7,8946000,3600,within_recorded_span_not_independently_verified
DNN_training,7,8949600,3600,within_recorded_span_not_independently_verified
DNN_training,8,8953200,3600,within_recorded_span_not_independently_verified
DNN_training,10,8956800,3600,within_recorded_span_not_independently_verified
DNN_training,10,8960400,3600,within_recorded_span_not_independently_verified
DNN_training,25,8964000,3600,within_recorded_span_not_independently_verified
DNN_training,12,8967600,3600,within_recorded_span_not_independently_verified
DNN_training,10,8971200,3600,within_recorded_span_not_independently_verified
DNN_training,17,8974800,3600,within_recorded_span_not_independently_verified
DNN_training,10,8978400,3600,within_recorded_span_not_independently_verified
DNN_training,12,8982000,3600,within_recorded_span_not_independently_verified
DNN_training,8,8985600,3600,within_recorded_span_not_independently_verified
DNN_training,7,8989200,3600,within_recorded_span_not_independently_verified
DNN_training,9,8992800,3600,within_recorded_span_not_independently_verified
DNN_training,7,8996400,3600,within_recorded_span_not_independently_verified
DNN_training,12,9000000,3600,within_recorded_span_not_independently_verified
DNN_training,7,9003600,3600,within_recorded_span_not_independently_verified
DNN_training,12,9007200,3600,within_recorded_span_not_independently_verified
DNN_training,6,9010800,3600,within_recorded_span_not_independently_verified
DNN_training,9,9014400,3600,within_recorded_span_not_independently_verified
DNN_training,8,9018000,3600,within_recorded_span_not_independently_verified
DNN_training,7,9021600,3600,within_recorded_span_not_independently_verified
DNN_training,6,9025200,3600,within_recorded_span_not_independently_verified
DNN_training,7,9028800,3600,within_recorded_span_not_independently_verified
DNN_training,6,9032400,3600,within_recorded_span_not_independently_verified
DNN_training,7,9036000,3600,within_recorded_span_not_independently_verified
DNN_training,9,9039600,3600,within_recorded_span_not_independently_verified
DNN_training,9,9043200,3600,within_recorded_span_not_independently_verified
DNN_training,9,9046800,3600,within_recorded_span_not_independently_verified
DNN_training,6,9050400,3600,within_recorded_span_not_independently_verified
DNN_training,7,9054000,3600,within_recorded_span_not_independently_verified
DNN_training,14,9057600,3600,within_recorded_span_not_independently_verified
DNN_training,8,9061200,3600,within_recorded_span_not_independently_verified
DNN_training,11,9064800,3600,within_recorded_span_not_independently_verified
DNN_training,10,9068400,3600,within_recorded_span_not_independently_verified
DNN_training,7,9072000,3600,within_recorded_span_not_independently_verified
DNN_training,9,9075600,3600,within_recorded_span_not_independently_verified
DNN_training,19,9079200,3600,within_recorded_span_not_independently_verified
DNN_training,12,9082800,3600,within_recorded_span_not_independently_verified
DNN_training,31,9086400,3600,within_recorded_span_not_independently_verified
DNN_training,12,9090000,3600,within_recorded_span_not_independently_verified
DNN_training,17,9093600,3600,within_recorded_span_not_independently_verified
DNN_training,14,9097200,3600,within_recorded_span_not_independently_verified
DNN_training,57,9100800,3600,within_recorded_span_not_independently_verified
DNN_training,14,9104400,3600,within_recorded_span_not_independently_verified
DNN_training,12,9108000,3600,within_recorded_span_not_independently_verified
DNN_training,11,9111600,3600,within_recorded_span_not_independently_verified
DNN_training,37,9115200,3600,within_recorded_span_not_independently_verified
DNN_training,16,9118800,3600,within_recorded_span_not_independently_verified
DNN_training,10,9122400,3600,within_recorded_span_not_independently_verified
DNN_training,12,9126000,3600,within_recorded_span_not_independently_verified
DNN_training,10,9129600,3600,within_recorded_span_not_independently_verified
DNN_training,26,9133200,3600,within_recorded_span_not_independently_verified
DNN_training,230,9136800,3600,within_recorded_span_not_independently_verified
DNN_training,36,9140400,3600,within_recorded_span_not_independently_verified
DNN_training,35,9144000,3600,within_recorded_span_not_independently_verified
DNN_training,43,9147600,3600,within_recorded_span_not_independently_verified
DNN_training,30,9151200,3600,within_recorded_span_not_independently_verified
DNN_training,67,9154800,3600,within_recorded_span_not_independently_verified
DNN_training,48,9158400,3600,within_recorded_span_not_independently_verified
DNN_training,58,9162000,3600,within_recorded_span_not_independently_verified
DNN_training,63,9165600,3600,within_recorded_span_not_independently_verified
DNN_training,80,9169200,3600,within_recorded_span_not_independently_verified
DNN_training,32,9172800,3600,within_recorded_span_not_independently_verified
DNN_training,59,9176400,3600,within_recorded_span_not_independently_verified
DNN_training,48,9180000,3600,within_recorded_span_not_independently_verified
DNN_training,30,9183600,3600,within_recorded_span_not_independently_verified
DNN_training,47,9187200,3600,within_recorded_span_not_independently_verified
DNN_training,38,9190800,3600,within_recorded_span_not_independently_verified
DNN_training,36,9194400,3600,within_recorded_span_not_independently_verified
DNN_training,24,9198000,3600,within_recorded_span_not_independently_verified
DNN_training,16,9201600,3600,within_recorded_span_not_independently_verified
DNN_training,9,9205200,3600,within_recorded_span_not_independently_verified
DNN_training,19,9208800,3600,within_recorded_span_not_independently_verified
DNN_training,26,9212400,3600,within_recorded_span_not_independently_verified
DNN_training,9,9216000,3600,within_recorded_span_not_independently_verified
DNN_training,16,9219600,3600,within_recorded_span_not_independently_verified
DNN_training,24,9223200,3600,within_recorded_span_not_independently_verified
DNN_training,63,9226800,3600,within_recorded_span_not_independently_verified
DNN_training,57,9230400,3600,within_recorded_span_not_independently_verified
DNN_training,69,9234000,3600,within_recorded_span_not_independently_verified
DNN_training,39,9237600,3600,within_recorded_span_not_independently_verified
DNN_training,40,9241200,3600,within_recorded_span_not_independently_verified
DNN_training,134,9244800,3600,within_recorded_span_not_independently_verified
DNN_training,45,9248400,3600,within_recorded_span_not_independently_verified
DNN_training,38,9252000,3600,within_recorded_span_not_independently_verified
DNN_training,31,9255600,3600,within_recorded_span_not_independently_verified
DNN_training,38,9259200,3600,within_recorded_span_not_independently_verified
DNN_training,40,9262800,3600,within_recorded_span_not_independently_verified
DNN_training,38,9266400,3600,within_recorded_span_not_independently_verified
DNN_training,69,9270000,3600,within_recorded_span_not_independently_verified
DNN_training,40,9273600,3600,within_recorded_span_not_independently_verified
DNN_training,46,9277200,3600,within_recorded_span_not_independently_verified
DNN_training,24,9280800,3600,within_recorded_span_not_independently_verified
DNN_training,19,9284400,3600,within_recorded_span_not_independently_verified
DNN_training,14,9288000,3600,within_recorded_span_not_independently_verified
DNN_training,23,9291600,3600,within_recorded_span_not_independently_verified
DNN_training,247,9295200,3600,within_recorded_span_not_independently_verified
DNN_training,526,9298800,3600,within_recorded_span_not_independently_verified
DNN_training,111,9302400,3600,within_recorded_span_not_independently_verified
DNN_training,41,9306000,3600,within_recorded_span_not_independently_verified
DNN_training,167,9309600,3600,within_recorded_span_not_independently_verified
DNN_training,181,9313200,3600,within_recorded_span_not_independently_verified
DNN_training,29,9316800,3600,within_recorded_span_not_independently_verified
DNN_training,19,9320400,3600,within_recorded_span_not_independently_verified
DNN_training,73,9324000,3600,within_recorded_span_not_independently_verified
DNN_training,69,9327600,3600,within_recorded_span_not_independently_verified
DNN_training,35,9331200,3600,within_recorded_span_not_independently_verified
DNN_training,36,9334800,3600,within_recorded_span_not_independently_verified
DNN_training,46,9338400,3600,within_recorded_span_not_independently_verified
DNN_training,47,9342000,3600,within_recorded_span_not_independently_verified
DNN_training,28,9345600,3600,within_recorded_span_not_independently_verified
DNN_training,26,9349200,3600,within_recorded_span_not_independently_verified
DNN_training,221,9352800,3600,within_recorded_span_not_independently_verified
DNN_training,49,9356400,3600,within_recorded_span_not_independently_verified
DNN_training,52,9360000,3600,within_recorded_span_not_independently_verified
DNN_training,51,9363600,3600,within_recorded_span_not_independently_verified
DNN_training,22,9367200,3600,within_recorded_span_not_independently_verified
DNN_training,40,9370800,3600,within_recorded_span_not_independently_verified
DNN_training,26,9374400,3600,within_recorded_span_not_independently_verified
DNN_training,10,9378000,3600,within_recorded_span_not_independently_verified
DNN_training,19,9381600,3600,within_recorded_span_not_independently_verified
DNN_training,19,9385200,3600,within_recorded_span_not_independently_verified
DNN_training,18,9388800,3600,within_recorded_span_not_independently_verified
DNN_training,56,9392400,3600,within_recorded_span_not_independently_verified
DNN_training,18,9396000,3600,within_recorded_span_not_independently_verified
DNN_training,12,9399600,3600,within_recorded_span_not_independently_verified
DNN_training,13,9403200,3600,within_recorded_span_not_independently_verified
DNN_training,15,9406800,3600,within_recorded_span_not_independently_verified
DNN_training,11,9410400,3600,within_recorded_span_not_independently_verified
DNN_training,24,9414000,3600,within_recorded_span_not_independently_verified
DNN_training,28,9417600,3600,within_recorded_span_not_independently_verified
DNN_training,30,9421200,3600,within_recorded_span_not_independently_verified
DNN_training,41,9424800,3600,within_recorded_span_not_independently_verified
DNN_training,43,9428400,3600,within_recorded_span_not_independently_verified
DNN_training,26,9432000,3600,within_recorded_span_not_independently_verified
DNN_training,26,9435600,3600,within_recorded_span_not_independently_verified
DNN_training,23,9439200,3600,within_recorded_span_not_independently_verified
DNN_training,32,9442800,3600,within_recorded_span_not_independently_verified
DNN_training,30,9446400,3600,within_recorded_span_not_independently_verified
DNN_training,29,9450000,3600,within_recorded_span_not_independently_verified
DNN_training,17,9453600,3600,within_recorded_span_not_independently_verified
DNN_training,14,9457200,3600,within_recorded_span_not_independently_verified
DNN_training,13,9460800,3600,within_recorded_span_not_independently_verified
DNN_training,9,9464400,3600,within_recorded_span_not_independently_verified
DNN_training,7,9468000,3600,within_recorded_span_not_independently_verified
DNN_training,11,9471600,3600,within_recorded_span_not_independently_verified
DNN_training,7,9475200,3600,within_recorded_span_not_independently_verified
DNN_training,14,9478800,3600,within_recorded_span_not_independently_verified
DNN_training,8,9482400,3600,within_recorded_span_not_independently_verified
DNN_training,12,9486000,3600,within_recorded_span_not_independently_verified
DNN_training,17,9489600,3600,within_recorded_span_not_independently_verified
DNN_training,7,9493200,3600,within_recorded_span_not_independently_verified
DNN_training,9,9496800,3600,within_recorded_span_not_independently_verified
DNN_training,24,9500400,3600,within_recorded_span_not_independently_verified
DNN_training,11,9504000,3600,within_recorded_span_not_independently_verified
DNN_training,9,9507600,3600,within_recorded_span_not_independently_verified
DNN_training,9,9511200,3600,within_recorded_span_not_independently_verified
DNN_training,8,9514800,3600,within_recorded_span_not_independently_verified
DNN_training,14,9518400,3600,within_recorded_span_not_independently_verified
DNN_training,18,9522000,3600,within_recorded_span_not_independently_verified
DNN_training,10,9525600,3600,within_recorded_span_not_independently_verified
DNN_training,27,9529200,3600,within_recorded_span_not_independently_verified
DNN_training,15,9532800,3600,within_recorded_span_not_independently_verified
DNN_training,10,9536400,3600,within_recorded_span_not_independently_verified
DNN_training,10,9540000,3600,within_recorded_span_not_independently_verified
DNN_training,12,9543600,3600,within_recorded_span_not_independently_verified
DNN_training,9,9547200,3600,within_recorded_span_not_independently_verified
DNN_training,12,9550800,3600,within_recorded_span_not_independently_verified
DNN_training,14,9554400,3600,within_recorded_span_not_independently_verified
DNN_training,12,9558000,3600,within_recorded_span_not_independently_verified
DNN_training,8,9561600,3600,within_recorded_span_not_independently_verified
DNN_training,8,9565200,3600,within_recorded_span_not_independently_verified
DNN_training,14,9568800,3600,within_recorded_span_not_independently_verified
DNN_training,9,9572400,3600,within_recorded_span_not_independently_verified
DNN_training,8,9576000,3600,within_recorded_span_not_independently_verified
DNN_training,11,9579600,3600,within_recorded_span_not_independently_verified
DNN_training,6,9583200,3600,within_recorded_span_not_independently_verified
DNN_training,8,9586800,3600,within_recorded_span_not_independently_verified
DNN_training,11,9590400,3600,within_recorded_span_not_independently_verified
DNN_training,8,9594000,3600,within_recorded_span_not_independently_verified
DNN_training,8,9597600,3600,within_recorded_span_not_independently_verified
DNN_training,6,9601200,3600,within_recorded_span_not_independently_verified
DNN_training,10,9604800,3600,within_recorded_span_not_independently_verified
DNN_training,10,9608400,3600,within_recorded_span_not_independently_verified
DNN_training,22,9612000,3600,within_recorded_span_not_independently_verified
DNN_training,12,9615600,3600,within_recorded_span_not_independently_verified
DNN_training,17,9619200,3600,within_recorded_span_not_independently_verified
DNN_training,13,9622800,3600,within_recorded_span_not_independently_verified
DNN_training,17,9626400,3600,within_recorded_span_not_independently_verified
DNN_training,9,9630000,3600,within_recorded_span_not_independently_verified
DNN_training,9,9633600,3600,within_recorded_span_not_independently_verified
DNN_training,8,9637200,3600,within_recorded_span_not_independently_verified
DNN_training,9,9640800,3600,within_recorded_span_not_independently_verified
DNN_training,8,9644400,3600,within_recorded_span_not_independently_verified
DNN_training,7,9648000,3600,within_recorded_span_not_independently_verified
DNN_training,19,9651600,3600,within_recorded_span_not_independently_verified
DNN_training,8,9655200,3600,within_recorded_span_not_independently_verified
DNN_training,11,9658800,3600,within_recorded_span_not_independently_verified
DNN_training,8,9662400,3600,within_recorded_span_not_independently_verified
DNN_training,9,9666000,3600,within_recorded_span_not_independently_verified
DNN_training,8,9669600,3600,within_recorded_span_not_independently_verified
DNN_training,6,9673200,3600,within_recorded_span_not_independently_verified
DNN_training,13,9676800,3600,within_recorded_span_not_independently_verified
DNN_training,15,9680400,3600,within_recorded_span_not_independently_verified
DNN_training,15,9684000,3600,within_recorded_span_not_independently_verified
DNN_training,32,9687600,3600,within_recorded_span_not_independently_verified
DNN_training,20,9691200,3600,within_recorded_span_not_independently_verified
DNN_training,18,9694800,3600,within_recorded_span_not_independently_verified
DNN_training,25,9698400,3600,within_recorded_span_not_independently_verified
DNN_training,24,9702000,3600,within_recorded_span_not_independently_verified
DNN_training,23,9705600,3600,within_recorded_span_not_independently_verified
DNN_training,27,9709200,3600,within_recorded_span_not_independently_verified
DNN_training,23,9712800,3600,within_recorded_span_not_independently_verified
DNN_training,48,9716400,3600,within_recorded_span_not_independently_verified
DNN_training,20,9720000,3600,within_recorded_span_not_independently_verified
DNN_training,17,9723600,3600,within_recorded_span_not_independently_verified
DNN_training,9,9727200,3600,within_recorded_span_not_independently_verified
DNN_training,15,9730800,3600,within_recorded_span_not_independently_verified
DNN_training,19,9734400,3600,within_recorded_span_not_independently_verified
DNN_training,16,9738000,3600,within_recorded_span_not_independently_verified
DNN_training,18,9741600,3600,within_recorded_span_not_independently_verified
DNN_training,40,9745200,3600,within_recorded_span_not_independently_verified
DNN_training,38,9748800,3600,within_recorded_span_not_independently_verified
DNN_training,39,9752400,3600,within_recorded_span_not_independently_verified
DNN_training,31,9756000,3600,within_recorded_span_not_independently_verified
DNN_training,29,9759600,3600,within_recorded_span_not_independently_verified
DNN_training,23,9763200,3600,within_recorded_span_not_independently_verified
DNN_training,52,9766800,3600,within_recorded_span_not_independently_verified
DNN_training,19,9770400,3600,within_recorded_span_not_independently_verified
DNN_training,40,9774000,3600,within_recorded_span_not_independently_verified
DNN_training,21,9777600,3600,within_recorded_span_not_independently_verified
DNN_training,21,9781200,3600,within_recorded_span_not_independently_verified
DNN_training,19,9784800,3600,within_recorded_span_not_independently_verified
DNN_training,12,9788400,3600,within_recorded_span_not_independently_verified
DNN_training,19,9792000,3600,within_recorded_span_not_independently_verified
DNN_training,33,9795600,3600,within_recorded_span_not_independently_verified
DNN_training,21,9799200,3600,within_recorded_span_not_independently_verified
DNN_training,37,9802800,3600,within_recorded_span_not_independently_verified
DNN_training,7,9806400,3600,within_recorded_span_not_independently_verified
DNN_training,12,9810000,3600,within_recorded_span_not_independently_verified
DNN_training,47,9813600,3600,within_recorded_span_not_independently_verified
DNN_training,24,9817200,3600,within_recorded_span_not_independently_verified
DNN_training,66,9820800,3600,within_recorded_span_not_independently_verified
DNN_training,83,9824400,3600,within_recorded_span_not_independently_verified
DNN_training,354,9828000,3600,within_recorded_span_not_independently_verified
DNN_training,87,9831600,3600,within_recorded_span_not_independently_verified
DNN_training,215,9835200,3600,within_recorded_span_not_independently_verified
DNN_training,82,9838800,3600,within_recorded_span_not_independently_verified
DNN_training,219,9842400,3600,within_recorded_span_not_independently_verified
DNN_training,35,9846000,3600,within_recorded_span_not_independently_verified
DNN_training,24,9849600,3600,within_recorded_span_not_independently_verified
DNN_training,48,9853200,3600,within_recorded_span_not_independently_verified
DNN_training,41,9856800,3600,within_recorded_span_not_independently_verified
DNN_training,29,9860400,3600,within_recorded_span_not_independently_verified
DNN_training,17,9864000,3600,within_recorded_span_not_independently_verified
DNN_training,38,9867600,3600,within_recorded_span_not_independently_verified
DNN_training,28,9871200,3600,within_recorded_span_not_independently_verified
DNN_training,57,9874800,3600,within_recorded_span_not_independently_verified
DNN_training,27,9878400,3600,within_recorded_span_not_independently_verified
DNN_training,17,9882000,3600,within_recorded_span_not_independently_verified
DNN_training,21,9885600,3600,within_recorded_span_not_independently_verified
DNN_training,15,9889200,3600,within_recorded_span_not_independently_verified
DNN_training,9,9892800,3600,within_recorded_span_not_independently_verified
DNN_training,11,9896400,3600,within_recorded_span_not_independently_verified
DNN_training,10,9900000,3600,within_recorded_span_not_independently_verified
DNN_training,12,9903600,3600,within_recorded_span_not_independently_verified
DNN_training,13,9907200,3600,within_recorded_span_not_independently_verified
DNN_training,15,9910800,3600,within_recorded_span_not_independently_verified
DNN_training,15,9914400,3600,within_recorded_span_not_independently_verified
DNN_training,45,9918000,3600,within_recorded_span_not_independently_verified
DNN_training,29,9921600,3600,within_recorded_span_not_independently_verified
DNN_training,30,9925200,3600,within_recorded_span_not_independently_verified
DNN_training,37,9928800,3600,within_recorded_span_not_independently_verified
DNN_training,24,9932400,3600,within_recorded_span_not_independently_verified
DNN_training,30,9936000,3600,within_recorded_span_not_independently_verified
DNN_training,38,9939600,3600,within_recorded_span_not_independently_verified
DNN_training,61,9943200,3600,within_recorded_span_not_independently_verified
DNN_training,32,9946800,3600,within_recorded_span_not_independently_verified
DNN_training,17,9950400,3600,within_recorded_span_not_independently_verified
DNN_training,28,9954000,3600,within_recorded_span_not_independently_verified
DNN_training,29,9957600,3600,within_recorded_span_not_independently_verified
DNN_training,39,9961200,3600,within_recorded_span_not_independently_verified
DNN_training,50,9964800,3600,within_recorded_span_not_independently_verified
DNN_training,32,9968400,3600,within_recorded_span_not_independently_verified
DNN_training,27,9972000,3600,within_recorded_span_not_independently_verified
DNN_training,20,9975600,3600,within_recorded_span_not_independently_verified
DNN_training,19,9979200,3600,within_recorded_span_not_independently_verified
DNN_training,23,9982800,3600,within_recorded_span_not_independently_verified
DNN_training,17,9986400,3600,within_recorded_span_not_independently_verified
DNN_training,23,9990000,3600,within_recorded_span_not_independently_verified
DNN_training,16,9993600,3600,within_recorded_span_not_independently_verified
DNN_training,20,9997200,3600,within_recorded_span_not_independently_verified
DNN_training,20,10000800,3600,within_recorded_span_not_independently_verified
DNN_training,37,10004400,3600,within_recorded_span_not_independently_verified
DNN_training,30,10008000,3600,within_recorded_span_not_independently_verified
DNN_training,14,10011600,3600,within_recorded_span_not_independently_verified
DNN_training,50,10015200,3600,within_recorded_span_not_independently_verified
DNN_training,30,10018800,3600,within_recorded_span_not_independently_verified
DNN_training,13,10022400,3600,within_recorded_span_not_independently_verified
DNN_training,35,10026000,3600,within_recorded_span_not_independently_verified
DNN_training,42,10029600,3600,within_recorded_span_not_independently_verified
DNN_training,19,10033200,3600,within_recorded_span_not_independently_verified
DNN_training,122,10036800,3600,within_recorded_span_not_independently_verified
DNN_training,43,10040400,3600,within_recorded_span_not_independently_verified
DNN_training,40,10044000,3600,within_recorded_span_not_independently_verified
DNN_training,118,10047600,3600,within_recorded_span_not_independently_verified
DNN_training,24,10051200,3600,within_recorded_span_not_independently_verified
DNN_training,36,10054800,3600,within_recorded_span_not_independently_verified
DNN_training,39,10058400,3600,within_recorded_span_not_independently_verified
DNN_training,20,10062000,3600,within_recorded_span_not_independently_verified
DNN_training,22,10065600,3600,within_recorded_span_not_independently_verified
DNN_training,14,10069200,3600,within_recorded_span_not_independently_verified
DNN_training,13,10072800,3600,within_recorded_span_not_independently_verified
DNN_training,11,10076400,3600,within_recorded_span_not_independently_verified
DNN_training,13,10080000,3600,within_recorded_span_not_independently_verified
DNN_training,18,10083600,3600,within_recorded_span_not_independently_verified
DNN_training,29,10087200,3600,within_recorded_span_not_independently_verified
DNN_training,19,10090800,3600,within_recorded_span_not_independently_verified
DNN_training,13,10094400,3600,within_recorded_span_not_independently_verified
DNN_training,26,10098000,3600,within_recorded_span_not_independently_verified
DNN_training,22,10101600,3600,within_recorded_span_not_independently_verified
DNN_training,43,10105200,3600,within_recorded_span_not_independently_verified
DNN_training,28,10108800,3600,within_recorded_span_not_independently_verified
DNN_training,87,10112400,3600,within_recorded_span_not_independently_verified
DNN_training,20,10116000,3600,within_recorded_span_not_independently_verified
DNN_training,8,10119600,3600,within_recorded_span_not_independently_verified
DNN_training,8,10123200,3600,within_recorded_span_not_independently_verified
DNN_training,8,10126800,3600,within_recorded_span_not_independently_verified
DNN_training,21,10130400,3600,within_recorded_span_not_independently_verified
DNN_training,17,10134000,3600,within_recorded_span_not_independently_verified
DNN_training,9,10137600,3600,within_recorded_span_not_independently_verified
DNN_training,110,10141200,3600,within_recorded_span_not_independently_verified
DNN_training,7,10144800,3600,within_recorded_span_not_independently_verified
DNN_training,9,10148400,3600,within_recorded_span_not_independently_verified
DNN_training,15,10152000,3600,within_recorded_span_not_independently_verified
DNN_training,16,10155600,3600,within_recorded_span_not_independently_verified
DNN_training,12,10159200,3600,within_recorded_span_not_independently_verified
DNN_training,6,10162800,3600,within_recorded_span_not_independently_verified
DNN_training,13,10166400,3600,within_recorded_span_not_independently_verified
DNN_training,14,10170000,3600,within_recorded_span_not_independently_verified
DNN_training,8,10173600,3600,within_recorded_span_not_independently_verified
DNN_training,8,10177200,3600,within_recorded_span_not_independently_verified
DNN_training,9,10180800,3600,within_recorded_span_not_independently_verified
DNN_training,23,10184400,3600,within_recorded_span_not_independently_verified
DNN_training,26,10188000,3600,within_recorded_span_not_independently_verified
DNN_training,14,10191600,3600,within_recorded_span_not_independently_verified
DNN_training,16,10195200,3600,within_recorded_span_not_independently_verified
DNN_training,10,10198800,3600,within_recorded_span_not_independently_verified
DNN_training,7,10202400,3600,within_recorded_span_not_independently_verified
DNN_training,12,10206000,3600,within_recorded_span_not_independently_verified
DNN_training,10,10209600,3600,within_recorded_span_not_independently_verified
DNN_training,24,10213200,3600,within_recorded_span_not_independently_verified
DNN_training,25,10216800,3600,within_recorded_span_not_independently_verified
DNN_training,12,10220400,3600,within_recorded_span_not_independently_verified
DNN_training,15,10224000,3600,within_recorded_span_not_independently_verified
DNN_training,14,10227600,3600,within_recorded_span_not_independently_verified
DNN_training,10,10231200,3600,within_recorded_span_not_independently_verified
DNN_training,9,10234800,3600,within_recorded_span_not_independently_verified
DNN_training,7,10238400,3600,within_recorded_span_not_independently_verified
DNN_training,15,10242000,3600,within_recorded_span_not_independently_verified
DNN_training,17,10245600,3600,within_recorded_span_not_independently_verified
DNN_training,13,10249200,3600,within_recorded_span_not_independently_verified
DNN_training,15,10252800,3600,within_recorded_span_not_independently_verified
DNN_training,8,10256400,3600,within_recorded_span_not_independently_verified
DNN_training,13,10260000,3600,within_recorded_span_not_independently_verified
DNN_training,8,10263600,3600,within_recorded_span_not_independently_verified
DNN_training,8,10267200,3600,within_recorded_span_not_independently_verified
DNN_training,8,10270800,3600,within_recorded_span_not_independently_verified
DNN_training,7,10274400,3600,within_recorded_span_not_independently_verified
DNN_training,6,10278000,3600,within_recorded_span_not_independently_verified
DNN_training,13,10281600,3600,within_recorded_span_not_independently_verified
DNN_training,8,10285200,3600,within_recorded_span_not_independently_verified
DNN_training,28,10288800,3600,within_recorded_span_not_independently_verified
DNN_training,44,10292400,3600,within_recorded_span_not_independently_verified
DNN_training,40,10296000,3600,within_recorded_span_not_independently_verified
DNN_training,38,10299600,3600,within_recorded_span_not_independently_verified
DNN_training,28,10303200,3600,within_recorded_span_not_independently_verified
DNN_training,32,10306800,3600,within_recorded_span_not_independently_verified
DNN_training,57,10310400,3600,within_recorded_span_not_independently_verified
DNN_training,41,10314000,3600,within_recorded_span_not_independently_verified
DNN_training,50,10317600,3600,within_recorded_span_not_independently_verified
DNN_training,15,10321200,3600,within_recorded_span_not_independently_verified
DNN_training,23,10324800,3600,within_recorded_span_not_independently_verified
DNN_training,84,10328400,3600,within_recorded_span_not_independently_verified
DNN_training,76,10332000,3600,within_recorded_span_not_independently_verified
DNN_training,20,10335600,3600,within_recorded_span_not_independently_verified
DNN_training,18,10339200,3600,within_recorded_span_not_independently_verified
DNN_training,33,10342800,3600,within_recorded_span_not_independently_verified
DNN_training,32,10346400,3600,within_recorded_span_not_independently_verified
DNN_training,38,10350000,3600,within_recorded_span_not_independently_verified
DNN_training,22,10353600,3600,within_recorded_span_not_independently_verified
DNN_training,25,10357200,3600,within_recorded_span_not_independently_verified
DNN_training,32,10360800,3600,within_recorded_span_not_independently_verified
DNN_training,20,10364400,3600,within_recorded_span_not_independently_verified
DNN_training,38,10368000,3600,within_recorded_span_not_independently_verified
DNN_training,42,10371600,3600,within_recorded_span_not_independently_verified
DNN_training,28,10375200,3600,within_recorded_span_not_independently_verified
DNN_training,105,10378800,3600,within_recorded_span_not_independently_verified
DNN_training,21,10382400,3600,within_recorded_span_not_independently_verified
DNN_training,24,10386000,3600,within_recorded_span_not_independently_verified
DNN_training,52,10389600,3600,within_recorded_span_not_independently_verified
DNN_training,46,10393200,3600,within_recorded_span_not_independently_verified
DNN_training,68,10396800,3600,within_recorded_span_not_independently_verified
DNN_training,40,10400400,3600,within_recorded_span_not_independently_verified
DNN_training,23,10404000,3600,within_recorded_span_not_independently_verified
DNN_training,24,10407600,3600,within_recorded_span_not_independently_verified
DNN_training,12,10411200,3600,within_recorded_span_not_independently_verified
DNN_training,19,10414800,3600,within_recorded_span_not_independently_verified
DNN_training,33,10418400,3600,within_recorded_span_not_independently_verified
DNN_training,28,10422000,3600,within_recorded_span_not_independently_verified
DNN_training,25,10425600,3600,within_recorded_span_not_independently_verified
DNN_training,40,10429200,3600,within_recorded_span_not_independently_verified
DNN_training,56,10432800,3600,within_recorded_span_not_independently_verified
DNN_training,70,10436400,3600,within_recorded_span_not_independently_verified
DNN_training,21,10440000,3600,within_recorded_span_not_independently_verified
DNN_training,44,10443600,3600,within_recorded_span_not_independently_verified
DNN_training,29,10447200,3600,within_recorded_span_not_independently_verified
DNN_training,39,10450800,3600,within_recorded_span_not_independently_verified
DNN_training,65,10454400,3600,within_recorded_span_not_independently_verified
DNN_training,29,10458000,3600,within_recorded_span_not_independently_verified
DNN_training,73,10461600,3600,within_recorded_span_not_independently_verified
DNN_training,29,10465200,3600,within_recorded_span_not_independently_verified
DNN_training,22,10468800,3600,within_recorded_span_not_independently_verified
DNN_training,24,10472400,3600,within_recorded_span_not_independently_verified
DNN_training,40,10476000,3600,within_recorded_span_not_independently_verified
DNN_training,45,10479600,3600,within_recorded_span_not_independently_verified
DNN_training,31,10483200,3600,within_recorded_span_not_independently_verified
DNN_training,36,10486800,3600,within_recorded_span_not_independently_verified
DNN_training,17,10490400,3600,within_recorded_span_not_independently_verified
DNN_training,33,10494000,3600,within_recorded_span_not_independently_verified
DNN_training,15,10497600,3600,within_recorded_span_not_independently_verified
DNN_training,19,10501200,3600,within_recorded_span_not_independently_verified
DNN_training,28,10504800,3600,within_recorded_span_not_independently_verified
DNN_training,24,10508400,3600,within_recorded_span_not_independently_verified
DNN_training,17,10512000,3600,within_recorded_span_not_independently_verified
DNN_training,19,10515600,3600,within_recorded_span_not_independently_verified
DNN_training,28,10519200,3600,within_recorded_span_not_independently_verified
DNN_training,33,10522800,3600,within_recorded_span_not_independently_verified
DNN_training,21,10526400,3600,within_recorded_span_not_independently_verified
DNN_training,21,10530000,3600,within_recorded_span_not_independently_verified
DNN_training,40,10533600,3600,within_recorded_span_not_independently_verified
DNN_training,35,10537200,3600,within_recorded_span_not_independently_verified
DNN_training,23,10540800,3600,within_recorded_span_not_independently_verified
DNN_training,22,10544400,3600,within_recorded_span_not_independently_verified
DNN_training,25,10548000,3600,within_recorded_span_not_independently_verified
DNN_training,20,10551600,3600,within_recorded_span_not_independently_verified
DNN_training,118,10555200,3600,within_recorded_span_not_independently_verified
DNN_training,25,10558800,3600,within_recorded_span_not_independently_verified
DNN_training,56,10562400,3600,within_recorded_span_not_independently_verified
DNN_training,106,10566000,3600,within_recorded_span_not_independently_verified
DNN_training,32,10569600,3600,within_recorded_span_not_independently_verified
DNN_training,31,10573200,3600,within_recorded_span_not_independently_verified
DNN_training,16,10576800,3600,within_recorded_span_not_independently_verified
DNN_training,58,10580400,3600,within_recorded_span_not_independently_verified
DNN_training,69,10584000,3600,within_recorded_span_not_independently_verified
DNN_training,97,10587600,3600,within_recorded_span_not_independently_verified
DNN_training,15,10591200,3600,within_recorded_span_not_independently_verified
DNN_training,13,10594800,3600,within_recorded_span_not_independently_verified
DNN_training,92,10598400,3600,within_recorded_span_not_independently_verified
DNN_training,19,10602000,3600,within_recorded_span_not_independently_verified
DNN_training,48,10605600,3600,within_recorded_span_not_independently_verified
DNN_training,41,10609200,3600,within_recorded_span_not_independently_verified
DNN_training,19,10612800,3600,within_recorded_span_not_independently_verified
DNN_training,19,10616400,3600,within_recorded_span_not_independently_verified
DNN_training,52,10620000,3600,within_recorded_span_not_independently_verified
DNN_training,26,10623600,3600,within_recorded_span_not_independently_verified
DNN_training,58,10627200,3600,within_recorded_span_not_independently_verified
DNN_training,24,10630800,3600,within_recorded_span_not_independently_verified
DNN_training,47,10634400,3600,within_recorded_span_not_independently_verified
DNN_training,320,10638000,3600,within_recorded_span_not_independently_verified
DNN_training,387,10641600,3600,within_recorded_span_not_independently_verified
DNN_training,210,10645200,3600,within_recorded_span_not_independently_verified
DNN_training,78,10648800,3600,within_recorded_span_not_independently_verified
DNN_training,287,10652400,3600,within_recorded_span_not_independently_verified
DNN_training,323,10656000,3600,within_recorded_span_not_independently_verified
DNN_training,168,10659600,3600,within_recorded_span_not_independently_verified
DNN_training,224,10663200,3600,within_recorded_span_not_independently_verified
DNN_training,162,10666800,3600,within_recorded_span_not_independently_verified
DNN_training,16,10670400,3600,within_recorded_span_not_independently_verified
DNN_training,20,10674000,3600,within_recorded_span_not_independently_verified
DNN_training,19,10677600,3600,within_recorded_span_not_independently_verified
DNN_training,13,10681200,3600,within_recorded_span_not_independently_verified
DNN_training,17,10684800,3600,within_recorded_span_not_independently_verified
DNN_training,152,10688400,3600,within_recorded_span_not_independently_verified
DNN_training,24,10692000,3600,within_recorded_span_not_independently_verified
DNN_training,141,10695600,3600,within_recorded_span_not_independently_verified
DNN_training,55,10699200,3600,within_recorded_span_not_independently_verified
DNN_training,32,10702800,3600,within_recorded_span_not_independently_verified
DNN_training,17,10706400,3600,within_recorded_span_not_independently_verified
DNN_training,29,10710000,3600,within_recorded_span_not_independently_verified
DNN_training,29,10713600,3600,within_recorded_span_not_independently_verified
DNN_training,36,10717200,3600,within_recorded_span_not_independently_verified
DNN_training,28,10720800,3600,within_recorded_span_not_independently_verified
DNN_training,17,10724400,3600,within_recorded_span_not_independently_verified
DNN_training,11,10728000,3600,within_recorded_span_not_independently_verified
DNN_training,8,10731600,3600,within_recorded_span_not_independently_verified
DNN_training,11,10735200,3600,within_recorded_span_not_independently_verified
DNN_training,14,10738800,3600,within_recorded_span_not_independently_verified
DNN_training,15,10742400,3600,within_recorded_span_not_independently_verified
DNN_training,14,10746000,3600,within_recorded_span_not_independently_verified
DNN_training,10,10749600,3600,within_recorded_span_not_independently_verified
DNN_training,8,10753200,3600,within_recorded_span_not_independently_verified
DNN_training,13,10756800,3600,within_recorded_span_not_independently_verified
DNN_training,6,10760400,3600,within_recorded_span_not_independently_verified
DNN_training,8,10764000,3600,within_recorded_span_not_independently_verified
DNN_training,13,10767600,3600,within_recorded_span_not_independently_verified
DNN_training,11,10771200,3600,within_recorded_span_not_independently_verified
DNN_training,11,10774800,3600,within_recorded_span_not_independently_verified
DNN_training,8,10778400,3600,within_recorded_span_not_independently_verified
DNN_training,10,10782000,3600,within_recorded_span_not_independently_verified
DNN_training,9,10785600,3600,within_recorded_span_not_independently_verified
DNN_training,7,10789200,3600,within_recorded_span_not_independently_verified
DNN_training,19,10792800,3600,within_recorded_span_not_independently_verified
DNN_training,9,10796400,3600,within_recorded_span_not_independently_verified
DNN_training,22,10800000,3600,within_recorded_span_not_independently_verified
DNN_training,9,10803600,3600,within_recorded_span_not_independently_verified
DNN_training,18,10807200,3600,within_recorded_span_not_independently_verified
DNN_training,13,10810800,3600,within_recorded_span_not_independently_verified
DNN_training,9,10814400,3600,within_recorded_span_not_independently_verified
DNN_training,13,10818000,3600,within_recorded_span_not_independently_verified
DNN_training,13,10821600,3600,within_recorded_span_not_independently_verified
DNN_training,22,10825200,3600,within_recorded_span_not_independently_verified
DNN_training,27,10828800,3600,within_recorded_span_not_independently_verified
DNN_training,13,10832400,3600,within_recorded_span_not_independently_verified
DNN_training,13,10836000,3600,within_recorded_span_not_independently_verified
DNN_training,9,10839600,3600,within_recorded_span_not_independently_verified
DNN_training,18,10843200,3600,within_recorded_span_not_independently_verified
DNN_training,9,10846800,3600,within_recorded_span_not_independently_verified
DNN_training,14,10850400,3600,within_recorded_span_not_independently_verified
DNN_training,7,10854000,3600,within_recorded_span_not_independently_verified
DNN_training,8,10857600,3600,within_recorded_span_not_independently_verified
DNN_training,8,10861200,3600,within_recorded_span_not_independently_verified
DNN_training,6,10864800,3600,within_recorded_span_not_independently_verified
DNN_training,11,10868400,3600,within_recorded_span_not_independently_verified
DNN_training,14,10872000,3600,within_recorded_span_not_independently_verified
DNN_training,7,10875600,3600,within_recorded_span_not_independently_verified
DNN_training,16,10879200,3600,within_recorded_span_not_independently_verified
DNN_training,11,10882800,3600,within_recorded_span_not_independently_verified
DNN_training,16,10886400,3600,within_recorded_span_not_independently_verified
DNN_training,16,10890000,3600,within_recorded_span_not_independently_verified
DNN_training,35,10893600,3600,within_recorded_span_not_independently_verified
DNN_training,67,10897200,3600,within_recorded_span_not_independently_verified
DNN_training,17,10900800,3600,within_recorded_span_not_independently_verified
DNN_training,36,10904400,3600,within_recorded_span_not_independently_verified
DNN_training,44,10908000,3600,within_recorded_span_not_independently_verified
DNN_training,72,10911600,3600,within_recorded_span_not_independently_verified
DNN_training,37,10915200,3600,within_recorded_span_not_independently_verified
DNN_training,20,10918800,3600,within_recorded_span_not_independently_verified
DNN_training,28,10922400,3600,within_recorded_span_not_independently_verified
DNN_training,12,10926000,3600,within_recorded_span_not_independently_verified
DNN_training,29,10929600,3600,within_recorded_span_not_independently_verified
DNN_training,20,10933200,3600,within_recorded_span_not_independently_verified
DNN_training,11,10936800,3600,within_recorded_span_not_independently_verified
DNN_training,21,10940400,3600,within_recorded_span_not_independently_verified
DNN_training,15,10944000,3600,within_recorded_span_not_independently_verified
DNN_training,16,10947600,3600,within_recorded_span_not_independently_verified
DNN_training,46,10951200,3600,within_recorded_span_not_independently_verified
DNN_training,40,10954800,3600,within_recorded_span_not_independently_verified
DNN_training,23,10958400,3600,within_recorded_span_not_independently_verified
DNN_training,30,10962000,3600,within_recorded_span_not_independently_verified
DNN_training,47,10965600,3600,within_recorded_span_not_independently_verified
DNN_training,36,10969200,3600,within_recorded_span_not_independently_verified
DNN_training,37,10972800,3600,within_recorded_span_not_independently_verified
DNN_training,48,10976400,3600,within_recorded_span_not_independently_verified
DNN_training,59,10980000,3600,within_recorded_span_not_independently_verified
DNN_training,36,10983600,3600,within_recorded_span_not_independently_verified
DNN_training,36,10987200,3600,within_recorded_span_not_independently_verified
DNN_training,39,10990800,3600,within_recorded_span_not_independently_verified
DNN_training,29,10994400,3600,within_recorded_span_not_independently_verified
DNN_training,48,10998000,3600,within_recorded_span_not_independently_verified
DNN_training,52,11001600,3600,within_recorded_span_not_independently_verified
DNN_training,39,11005200,3600,within_recorded_span_not_independently_verified
DNN_training,31,11008800,3600,within_recorded_span_not_independently_verified
DNN_training,17,11012400,3600,within_recorded_span_not_independently_verified
DNN_training,15,11016000,3600,within_recorded_span_not_independently_verified
DNN_training,41,11019600,3600,within_recorded_span_not_independently_verified
DNN_training,16,11023200,3600,within_recorded_span_not_independently_verified
DNN_training,19,11026800,3600,within_recorded_span_not_independently_verified
DNN_training,20,11030400,3600,within_recorded_span_not_independently_verified
DNN_training,41,11034000,3600,within_recorded_span_not_independently_verified
DNN_training,38,11037600,3600,within_recorded_span_not_independently_verified
DNN_training,55,11041200,3600,within_recorded_span_not_independently_verified
DNN_training,15,11044800,3600,within_recorded_span_not_independently_verified
DNN_training,31,11048400,3600,within_recorded_span_not_independently_verified
DNN_training,29,11052000,3600,within_recorded_span_not_independently_verified
DNN_training,27,11055600,3600,within_recorded_span_not_independently_verified
DNN_training,17,11059200,3600,within_recorded_span_not_independently_verified
DNN_training,26,11062800,3600,within_recorded_span_not_independently_verified
DNN_training,44,11066400,3600,within_recorded_span_not_independently_verified
DNN_training,23,11070000,3600,within_recorded_span_not_independently_verified
DNN_training,14,11073600,3600,within_recorded_span_not_independently_verified
DNN_training,35,11077200,3600,within_recorded_span_not_independently_verified
DNN_training,20,11080800,3600,within_recorded_span_not_independently_verified
DNN_training,32,11084400,3600,within_recorded_span_not_independently_verified
DNN_training,28,11088000,3600,within_recorded_span_not_independently_verified
DNN_training,116,11091600,3600,within_recorded_span_not_independently_verified
DNN_training,30,11095200,3600,within_recorded_span_not_independently_verified
DNN_training,29,11098800,3600,within_recorded_span_not_independently_verified
DNN_training,26,11102400,3600,within_recorded_span_not_independently_verified
DNN_training,21,11106000,3600,within_recorded_span_not_independently_verified
DNN_training,12,11109600,3600,within_recorded_span_not_independently_verified
DNN_training,26,11113200,3600,within_recorded_span_not_independently_verified
DNN_training,15,11116800,3600,within_recorded_span_not_independently_verified
DNN_training,15,11120400,3600,within_recorded_span_not_independently_verified
DNN_training,23,11124000,3600,within_recorded_span_not_independently_verified
DNN_training,15,11127600,3600,within_recorded_span_not_independently_verified
DNN_training,27,11131200,3600,within_recorded_span_not_independently_verified
DNN_training,18,11134800,3600,within_recorded_span_not_independently_verified
DNN_training,20,11138400,3600,within_recorded_span_not_independently_verified
DNN_training,32,11142000,3600,within_recorded_span_not_independently_verified
DNN_training,32,11145600,3600,within_recorded_span_not_independently_verified
DNN_training,23,11149200,3600,within_recorded_span_not_independently_verified
DNN_training,37,11152800,3600,within_recorded_span_not_independently_verified
DNN_training,26,11156400,3600,within_recorded_span_not_independently_verified
DNN_training,16,11160000,3600,within_recorded_span_not_independently_verified
DNN_training,17,11163600,3600,within_recorded_span_not_independently_verified
DNN_training,29,11167200,3600,within_recorded_span_not_independently_verified
DNN_training,20,11170800,3600,within_recorded_span_not_independently_verified
DNN_training,37,11174400,3600,within_recorded_span_not_independently_verified
DNN_training,27,11178000,3600,within_recorded_span_not_independently_verified
DNN_training,29,11181600,3600,within_recorded_span_not_independently_verified
DNN_training,36,11185200,3600,within_recorded_span_not_independently_verified
DNN_training,38,11188800,3600,within_recorded_span_not_independently_verified
DNN_training,16,11192400,3600,within_recorded_span_not_independently_verified
DNN_training,37,11196000,3600,within_recorded_span_not_independently_verified
DNN_training,10,11199600,3600,within_recorded_span_not_independently_verified
DNN_training,19,11203200,3600,within_recorded_span_not_independently_verified
DNN_training,30,11206800,3600,within_recorded_span_not_independently_verified
DNN_training,28,11210400,3600,within_recorded_span_not_independently_verified
DNN_training,33,11214000,3600,within_recorded_span_not_independently_verified
DNN_training,22,11217600,3600,within_recorded_span_not_independently_verified
DNN_training,50,11221200,3600,within_recorded_span_not_independently_verified
DNN_training,25,11224800,3600,within_recorded_span_not_independently_verified
DNN_training,31,11228400,3600,within_recorded_span_not_independently_verified
DNN_training,35,11232000,3600,within_recorded_span_not_independently_verified
DNN_training,28,11235600,3600,within_recorded_span_not_independently_verified
DNN_training,44,11239200,3600,within_recorded_span_not_independently_verified
DNN_training,23,11242800,3600,within_recorded_span_not_independently_verified
DNN_training,21,11246400,3600,within_recorded_span_not_independently_verified
DNN_training,26,11250000,3600,within_recorded_span_not_independently_verified
DNN_training,54,11253600,3600,within_recorded_span_not_independently_verified
DNN_training,45,11257200,3600,within_recorded_span_not_independently_verified
DNN_training,44,11260800,3600,within_recorded_span_not_independently_verified
DNN_training,63,11264400,3600,within_recorded_span_not_independently_verified
DNN_training,28,11268000,3600,within_recorded_span_not_independently_verified
DNN_training,20,11271600,3600,within_recorded_span_not_independently_verified
DNN_training,18,11275200,3600,within_recorded_span_not_independently_verified
DNN_training,14,11278800,3600,within_recorded_span_not_independently_verified
DNN_training,21,11282400,3600,within_recorded_span_not_independently_verified
DNN_training,10,11286000,3600,within_recorded_span_not_independently_verified
DNN_training,12,11289600,3600,within_recorded_span_not_independently_verified
DNN_training,13,11293200,3600,within_recorded_span_not_independently_verified
DNN_training,23,11296800,3600,within_recorded_span_not_independently_verified
DNN_training,38,11300400,3600,within_recorded_span_not_independently_verified
DNN_training,22,11304000,3600,within_recorded_span_not_independently_verified
DNN_training,47,11307600,3600,within_recorded_span_not_independently_verified
DNN_training,41,11311200,3600,within_recorded_span_not_independently_verified
DNN_training,46,11314800,3600,within_recorded_span_not_independently_verified
DNN_training,37,11318400,3600,within_recorded_span_not_independently_verified
DNN_training,20,11322000,3600,within_recorded_span_not_independently_verified
DNN_training,24,11325600,3600,within_recorded_span_not_independently_verified
DNN_training,0,11329200,3600,within_recorded_span_not_independently_verified
DNN_training,0,11332800,3600,within_recorded_span_not_independently_verified
DNN_training,0,11336400,3600,within_recorded_span_not_independently_verified
DNN_training,0,11340000,3600,within_recorded_span_not_independently_verified
DNN_training,0,11343600,3600,within_recorded_span_not_independently_verified
DNN_training,0,11347200,3600,within_recorded_span_not_independently_verified
DNN_training,0,11350800,3600,within_recorded_span_not_independently_verified
DNN_training,0,11354400,3600,within_recorded_span_not_independently_verified
DNN_training,0,11358000,3600,within_recorded_span_not_independently_verified
DNN_training,0,11361600,3600,within_recorded_span_not_independently_verified
DNN_training,0,11365200,3600,within_recorded_span_not_independently_verified
DNN_training,0,11368800,3600,within_recorded_span_not_independently_verified
DNN_training,0,11372400,3600,within_recorded_span_not_independently_verified
DNN_training,0,11376000,3600,within_recorded_span_not_independently_verified
DNN_training,0,11379600,3600,within_recorded_span_not_independently_verified
DNN_training,0,11383200,3600,within_recorded_span_not_independently_verified
DNN_training,0,11386800,3600,within_recorded_span_not_independently_verified
DNN_training,0,11390400,3600,within_recorded_span_not_independently_verified
DNN_training,0,11394000,3600,within_recorded_span_not_independently_verified
DNN_training,0,11397600,3600,within_recorded_span_not_independently_verified
DNN_training,0,11401200,3600,within_recorded_span_not_independently_verified
DNN_training,0,11404800,3600,within_recorded_span_not_independently_verified
DNN_training,0,11408400,3600,within_recorded_span_not_independently_verified
DNN_training,0,11412000,3600,within_recorded_span_not_independently_verified
DNN_training,0,11415600,3600,within_recorded_span_not_independently_verified
DNN_training,0,11419200,3600,within_recorded_span_not_independently_verified
DNN_training,0,11422800,3600,within_recorded_span_not_independently_verified
DNN_training,0,11426400,3600,within_recorded_span_not_independently_verified
DNN_training,0,11430000,3600,within_recorded_span_not_independently_verified
DNN_training,0,11433600,3600,within_recorded_span_not_independently_verified
DNN_training,0,11437200,3600,within_recorded_span_not_independently_verified
DNN_training,0,11440800,3600,within_recorded_span_not_independently_verified
DNN_training,0,11444400,3600,within_recorded_span_not_independently_verified
DNN_training,0,11448000,3600,within_recorded_span_not_independently_verified
DNN_training,0,11451600,3600,within_recorded_span_not_independently_verified
DNN_training,0,11455200,3600,within_recorded_span_not_independently_verified
DNN_training,0,11458800,3600,within_recorded_span_not_independently_verified
DNN_training,0,11462400,3600,within_recorded_span_not_independently_verified
DNN_training,0,11466000,3600,within_recorded_span_not_independently_verified
DNN_training,0,11469600,3600,within_recorded_span_not_independently_verified
DNN_training,0,11473200,3600,within_recorded_span_not_independently_verified
DNN_training,0,11476800,3600,within_recorded_span_not_independently_verified
DNN_training,0,11480400,3600,within_recorded_span_not_independently_verified
DNN_training,0,11484000,3600,within_recorded_span_not_independently_verified
DNN_training,0,11487600,3600,within_recorded_span_not_independently_verified
DNN_training,0,11491200,3600,within_recorded_span_not_independently_verified
DNN_training,0,11494800,3600,within_recorded_span_not_independently_verified
DNN_training,0,11498400,3600,within_recorded_span_not_independently_verified
DNN_training,0,11502000,3600,within_recorded_span_not_independently_verified
DNN_training,0,11505600,3600,within_recorded_span_not_independently_verified
DNN_training,0,11509200,3600,within_recorded_span_not_independently_verified
DNN_training,0,11512800,3600,within_recorded_span_not_independently_verified
DNN_training,0,11516400,3600,within_recorded_span_not_independently_verified
DNN_training,0,11520000,3600,within_recorded_span_not_independently_verified
DNN_training,0,11523600,3600,within_recorded_span_not_independently_verified
DNN_training,0,11527200,3600,within_recorded_span_not_independently_verified
DNN_training,0,11530800,3600,within_recorded_span_not_independently_verified
DNN_training,0,11534400,3600,within_recorded_span_not_independently_verified
DNN_training,0,11538000,3600,within_recorded_span_not_independently_verified
DNN_training,0,11541600,3600,within_recorded_span_not_independently_verified
DNN_training,0,11545200,3600,within_recorded_span_not_independently_verified
DNN_training,0,11548800,3600,within_recorded_span_not_independently_verified
DNN_training,0,11552400,3600,within_recorded_span_not_independently_verified
DNN_training,0,11556000,3600,within_recorded_span_not_independently_verified
DNN_training,0,11559600,3600,within_recorded_span_not_independently_verified
DNN_training,0,11563200,3600,within_recorded_span_not_independently_verified
DNN_training,24,11566800,3600,within_recorded_span_not_independently_verified
DNN_training,31,11570400,3600,within_recorded_span_not_independently_verified
DNN_training,21,11574000,3600,within_recorded_span_not_independently_verified
DNN_training,27,11577600,3600,within_recorded_span_not_independently_verified
DNN_training,17,11581200,3600,within_recorded_span_not_independently_verified
DNN_training,58,11584800,3600,within_recorded_span_not_independently_verified
DNN_training,33,11588400,3600,within_recorded_span_not_independently_verified
DNN_training,119,11592000,3600,within_recorded_span_not_independently_verified
DNN_training,39,11595600,3600,within_recorded_span_not_independently_verified
DNN_training,45,11599200,3600,within_recorded_span_not_independently_verified
DNN_training,36,11602800,3600,within_recorded_span_not_independently_verified
DNN_training,30,11606400,3600,within_recorded_span_not_independently_verified
DNN_training,26,11610000,3600,within_recorded_span_not_independently_verified
DNN_training,18,11613600,3600,within_recorded_span_not_independently_verified
DNN_training,25,11617200,3600,within_recorded_span_not_independently_verified
DNN_training,13,11620800,3600,within_recorded_span_not_independently_verified
DNN_training,18,11624400,3600,within_recorded_span_not_independently_verified
DNN_training,13,11628000,3600,within_recorded_span_not_independently_verified
DNN_training,11,11631600,3600,within_recorded_span_not_independently_verified
DNN_training,23,11635200,3600,within_recorded_span_not_independently_verified
DNN_training,28,11638800,3600,within_recorded_span_not_independently_verified
DNN_training,21,11642400,3600,within_recorded_span_not_independently_verified
DNN_training,28,11646000,3600,within_recorded_span_not_independently_verified
DNN_training,15,11649600,3600,within_recorded_span_not_independently_verified
DNN_training,16,11653200,3600,within_recorded_span_not_independently_verified
DNN_training,26,11656800,3600,within_recorded_span_not_independently_verified
DNN_training,23,11660400,3600,within_recorded_span_not_independently_verified
DNN_training,39,11664000,3600,within_recorded_span_not_independently_verified
DNN_training,24,11667600,3600,within_recorded_span_not_independently_verified
DNN_training,16,11671200,3600,within_recorded_span_not_independently_verified
DNN_training,35,11674800,3600,within_recorded_span_not_independently_verified
DNN_training,28,11678400,3600,within_recorded_span_not_independently_verified
DNN_training,20,11682000,3600,within_recorded_span_not_independently_verified
DNN_training,32,11685600,3600,within_recorded_span_not_independently_verified
DNN_training,46,11689200,3600,within_recorded_span_not_independently_verified
DNN_training,26,11692800,3600,within_recorded_span_not_independently_verified
DNN_training,27,11696400,3600,within_recorded_span_not_independently_verified
DNN_training,21,11700000,3600,within_recorded_span_not_independently_verified
DNN_training,23,11703600,3600,within_recorded_span_not_independently_verified
DNN_training,14,11707200,3600,within_recorded_span_not_independently_verified
DNN_training,16,11710800,3600,within_recorded_span_not_independently_verified
DNN_training,9,11714400,3600,within_recorded_span_not_independently_verified
DNN_training,13,11718000,3600,within_recorded_span_not_independently_verified
DNN_training,28,11721600,3600,within_recorded_span_not_independently_verified
DNN_training,19,11725200,3600,within_recorded_span_not_independently_verified
DNN_training,31,11728800,3600,within_recorded_span_not_independently_verified
DNN_training,26,11732400,3600,within_recorded_span_not_independently_verified
DNN_training,47,11736000,3600,within_recorded_span_not_independently_verified
DNN_training,11,11739600,3600,within_recorded_span_not_independently_verified
DNN_training,15,11743200,3600,within_recorded_span_not_independently_verified
DNN_training,16,11746800,3600,within_recorded_span_not_independently_verified
DNN_training,73,11750400,3600,within_recorded_span_not_independently_verified
DNN_training,23,11754000,3600,within_recorded_span_not_independently_verified
DNN_training,17,11757600,3600,within_recorded_span_not_independently_verified
DNN_training,42,11761200,3600,within_recorded_span_not_independently_verified
DNN_training,25,11764800,3600,within_recorded_span_not_independently_verified
DNN_training,24,11768400,3600,within_recorded_span_not_independently_verified
DNN_training,56,11772000,3600,within_recorded_span_not_independently_verified
DNN_training,71,11775600,3600,within_recorded_span_not_independently_verified
DNN_training,33,11779200,3600,within_recorded_span_not_independently_verified
DNN_training,42,11782800,3600,within_recorded_span_not_independently_verified
DNN_training,25,11786400,3600,within_recorded_span_not_independently_verified
DNN_training,15,11790000,3600,within_recorded_span_not_independently_verified
DNN_training,28,11793600,3600,within_recorded_span_not_independently_verified
DNN_training,11,11797200,3600,within_recorded_span_not_independently_verified
DNN_training,9,11800800,3600,within_recorded_span_not_independently_verified
DNN_training,13,11804400,3600,within_recorded_span_not_independently_verified
DNN_training,12,11808000,3600,within_recorded_span_not_independently_verified
DNN_training,15,11811600,3600,within_recorded_span_not_independently_verified
DNN_training,21,11815200,3600,within_recorded_span_not_independently_verified
DNN_training,11,11818800,3600,within_recorded_span_not_independently_verified
DNN_training,14,11822400,3600,within_recorded_span_not_independently_verified
DNN_training,119,11826000,3600,within_recorded_span_not_independently_verified
DNN_training,24,11829600,3600,within_recorded_span_not_independently_verified
DNN_training,25,11833200,3600,within_recorded_span_not_independently_verified
DNN_training,122,11836800,3600,within_recorded_span_not_independently_verified
DNN_training,12,11840400,3600,within_recorded_span_not_independently_verified
DNN_training,27,11844000,3600,within_recorded_span_not_independently_verified
DNN_training,8,11847600,3600,within_recorded_span_not_independently_verified
DNN_training,16,11851200,3600,within_recorded_span_not_independently_verified
DNN_training,115,11854800,3600,within_recorded_span_not_independently_verified
DNN_training,26,11858400,3600,within_recorded_span_not_independently_verified
DNN_training,23,11862000,3600,within_recorded_span_not_independently_verified
DNN_training,1,11865600,3600,partial_boundary
